Status,Fit Category,Fit Score,Opportunity Stage,Opportunity Title,Agency,Office,Notice Type,Notice ID,Solicitation Number,Due Date,Days Until Due,NAICS,PSC,Set-Aside,Place of Performance,Contract Value / Ceiling,Contract Value Source Text,Why It Fits Butler,Feasibility Concern,Recommended Next Step,SeaPort / Vehicle Required,Eligibility Status,Eligibility Requirement,Prime Feasibility,Subcontract / Teaming Path,Eligibility Notes,SAM.gov Link,Attachment Links,Contact Name,Contact Email,Search Source,Refresh Status,Data Confidence
Accepted,B,8,RFP / Solicitation,"15--RUDDER,AIRCRAFT, IN REPAIR/MODIFICATION OF",DEPT OF DEFENSE.DEPT OF THE NAVY.NAVSUP.NAVSUP WEAPON SYSTEMS SUPPORT.NAVSUP WSS PHILADELPHIA.NAVSUP WEAPON SYSTEMS SUPPORT,,Solicitation,a7e79b3e93744a0e800a6e07e17432a7,N0038326RHA64,2026-11-20,84,336413,1560,,,Not stated,,"Possible Butler fit through broader defense engineering, logistics, testing, or program support. Matched: aircraft, navy, navsup.",None identified,Add to tracker,No obvious vehicle restriction,Not Applicable,No special eligibility found in SAM.gov fields.,Prime feasible,Monitor as a direct pursuit unless attachments indicate otherwise.,None detected,https://sam.gov/workspace/contract/opp/a7e79b3e93744a0e800a6e07e17432a7/view,"{'rel': 'self', 'href': 'https://api.sam.gov/prod/opportunities/v2/search?noticeid=a7e79b3e93744a0e800a6e07e17432a7&limit=1'}",Telephone: 2156972974,ALBERT.J.RUSSO17.CIV@US.NAVY.MIL,Primary NAICS 336413,Partial Refresh — Capacity Reached,High
Accepted,B,8,Sources Sought / RFI,"SYSTEM DELTA 84 (SYD 84/MT) MEDIUM EARTH ORBIT MISSILE WARNING / MISSILE TRACKING   EPOCH 3 and EPOCH 4, REQUEST FOR INFORMATION (RFI)",DEPT OF DEFENSE.DEPT OF THE AIR FORCE.SPACE SYSTEMS COMMAND.PEO SPACE SENSING.FA8810  SPACE SENSING SSC/SNK,,Sources Sought,0cd637419e794be7bee14a0867762722,FA8810-RFI-26-SYD84-E3E4,2026-10-31,64,541715,,No Set aside used,"El Segundo, California, UNITED STATES",Not stated,,"Possible Butler fit through broader defense engineering, logistics, testing, or program support. Matched: missile, air force.",None identified,Add to tracker,No obvious vehicle restriction,Not Applicable,No special eligibility found in SAM.gov fields.,Prime feasible,Monitor as a direct pursuit unless attachments indicate otherwise.,None detected,https://sam.gov/workspace/contract/opp/0cd637419e794be7bee14a0867762722/view,"{'rel': 'self', 'href': 'https://api.sam.gov/prod/opportunities/v2/search?noticeid=0cd637419e794be7bee14a0867762722&limit=1'}","Kerry Kearschner, Capt, USAF",kerry.kearschner@spaceforce.mil,Primary NAICS 541715,Partial Refresh — Capacity Reached,High
Accepted,C,3,RFP / Solicitation,"REFUEL CTRL PANEL,C",DEPT OF DEFENSE.DEPT OF THE NAVY.NAVSUP.NAVSUP WEAPON SYSTEMS SUPPORT.NAVSUP WSS PHILADELPHIA.NAVSUP WEAPON SYSTEMS SUPPORT,,Solicitation,1d20f31dfdd44c7a8accd4e190463105,N0038326QAA86,2026-10-26,59,336413,1680,,,Not stated,,"Relevant Butler intelligence or subcontract lead, but prime feasibility is limited. Matched: navy, navsup. Scope reads as hardware supply/manufacturing with no clear design, redesign, or engineering work (matched: supply-class PSC 1680), so it is tracked as a subcontract/competitive-intelligence lead rather than a prime fit.",None identified,Possible subcontract lead,No obvious vehicle restriction,Not Applicable,No special eligibility found in SAM.gov fields.,Prime feasible,Monitor as a direct pursuit unless attachments indicate otherwise.,None detected,https://sam.gov/workspace/contract/opp/1d20f31dfdd44c7a8accd4e190463105/view,"{'rel': 'self', 'href': 'https://api.sam.gov/prod/opportunities/v2/search?noticeid=1d20f31dfdd44c7a8accd4e190463105&limit=1'}",Telephone: 2156973848,SARA.M.WEINERT3.CIV@US.NAVY.MIL,Primary NAICS 336413,Partial Refresh — Capacity Reached,High
Accepted,C,3,RFP / Solicitation,SENSOR DEVICE,DEPT OF DEFENSE.DEPT OF THE NAVY.NAVSUP.NAVSUP WEAPON SYSTEMS SUPPORT.NAVSUP WSS PHILADELPHIA.NAVSUP WEAPON SYSTEMS SUPPORT,,Solicitation,f6faa76eb4094480bb03ffa4ee07db0e,N0038326RMA90,2026-10-19,52,336413,1680,,,Not stated,,"Relevant Butler intelligence or subcontract lead, but prime feasibility is limited. Matched: navy, navsup. Scope reads as hardware supply/manufacturing with no clear design, redesign, or engineering work (matched: supply-class PSC 1680), so it is tracked as a subcontract/competitive-intelligence lead rather than a prime fit.",None identified,Possible subcontract lead,No obvious vehicle restriction,Not Applicable,No special eligibility found in SAM.gov fields.,Prime feasible,Monitor as a direct pursuit unless attachments indicate otherwise.,None detected,https://sam.gov/workspace/contract/opp/f6faa76eb4094480bb03ffa4ee07db0e/view,"{'rel': 'self', 'href': 'https://api.sam.gov/prod/opportunities/v2/search?noticeid=f6faa76eb4094480bb03ffa4ee07db0e&limit=1'}",Telephone: 2156972983,ETHAN.T.STEIN.CIV@US.NAVY.MIL,Primary NAICS 336413,Partial Refresh — Capacity Reached,High
Accepted,C,8,RFP / Solicitation,KC-135 Center Console Refresh (CCR) Revision 2,DEPT OF DEFENSE.DEPT OF THE AIR FORCE.AIR FORCE MATERIEL COMMAND.AIR FORCE LIFE CYCLE MANAGEMENT CENTER.MOBILITY AIRCRAFT.FA8105  AFLCMC  WKK,,Solicitation,861605ca4f444ed7a4bfe2553258e004,FA8105_CCR_Rev2,2026-10-15,48,336413,1680,,"0, Oklahoma, UNITED STATES",Not stated,,"Relevant Butler intelligence or subcontract lead, but prime feasibility is limited. Matched: uav, air force, aflcmc. Attachment text was included in the screen. Scope reads as hardware supply/manufacturing with no clear design, redesign, or engineering work (matched: supply-class PSC 1680), so it is tracked as a subcontract/competitive-intelligence lead rather than a prime fit.",None identified,Possible subcontract lead,No obvious vehicle restriction,Not Applicable,No special eligibility found in SAM.gov fields.,Prime feasible,Monitor as a direct pursuit unless attachments indicate otherwise.,None detected,https://sam.gov/workspace/contract/opp/861605ca4f444ed7a4bfe2553258e004/view,"https://sam.gov/api/prod/opps/v3/opportunities/resources/files/040818b748734d5abcd23fb93e83fead/download
https://sam.gov/api/prod/opps/v3/opportunities/resources/files/0f84eb3edc9d424dbc1a84ff5fce67e7/download
https://sam.gov/api/prod/opps/v3/opportunities/resources/files/203c3128f78a4eee865ed3f99fd54a40/download
https://sam.gov/api/prod/opps/v3/opportunities/resources/files/38b1d5b829c842f28e2df78722cda27d/download
https://sam.gov/api/prod/opps/v3/opportunities/resources/files/4f0f1f7d753f4ff2aba891a2b0be768c/download
https://sam.gov/api/prod/opps/v3/opportunities/resources/files/51f4f16b93804cd9aae0cb9f872bb4f9/download
https://sam.gov/api/prod/opps/v3/opportunities/resources/files/5500ed6c281f4040a8c1a54f0abb456f/download
https://sam.gov/api/prod/opps/v3/opportunities/resources/files/5c2b9c8ec05e495bb63b9bc685087a5b/download
https://sam.gov/api/prod/opps/v3/opportunities/resources/files/6be1683035d547e4bd3822bc266155ba/download
https://sam.gov/api/prod/opps/v3/opportunities/resources/files/98e46dc51cb54c6c92ee1e726b3e24c2/download
https://sam.gov/api/prod/opps/v3/opportunities/resources/files/ad0632bce2bd44b58c0bba027c35ee72/download
https://sam.gov/api/prod/opps/v3/opportunities/resources/files/adbc552664744f9aa58f078eba6fd029/download
https://sam.gov/api/prod/opps/v3/opportunities/resources/files/aea0d3eff9984990b670237a5537909e/download
https://sam.gov/api/prod/opps/v3/opportunities/resources/files/b03a9d6d088c40bcad69d8b85ad968f5/download
https://sam.gov/api/prod/opps/v3/opportunities/resources/files/bd8bc5ac1eb341c0812c0e393187ee63/download
https://sam.gov/api/prod/opps/v3/opportunities/resources/files/c3b44b826e3243529b079d7c9041599c/download
https://sam.gov/api/prod/opps/v3/opportunities/resources/files/cb9a40c63a0344dc8f5c361b42ef27ad/download
https://sam.gov/api/prod/opps/v3/opportunities/resources/files/e01c84f058e84311aa2e327a37452571/download
https://sam.gov/api/prod/opps/v3/opportunities/resources/files/e90fbb8da75849c8a36fb22df651469b/download
https://sam.gov/api/prod/opps/v3/opportunities/resources/files/fd63fcfdeecd4d568dc1b13c1fcbbfe5/download
{'rel': 'self', 'href': 'https://api.sam.gov/prod/opportunities/v2/search?noticeid=861605ca4f444ed7a4bfe2553258e004&limit=1'}",Brandi Shelden,brandi.shelden@us.af.mil,Primary NAICS 336413,Partial Refresh — Capacity Reached,High — attachment text read
Accepted,C,-5,Sources Sought / RFI,*FOR SEAPORT-NXG MAC HOLDERS* PROGRAM MANAGEMENT SUPPORT - FULL SMALL BUSINESS SET ASIDE Interested vendors are required to request access to restricted documents by emailing stephanie.r.tomaszewicz.civ@us.navy.mil (cc heather.l.rhoads2.civ@us.navy.mil) ,DEPT OF DEFENSE.DEPT OF THE NAVY.NAVSEA.NAVSEA WARFARE CENTER.NSWC PHILADELPHIA DIV,,Solicitation,1a0263f972fd43f3a967b9f760447547,N6449826R3112,2026-10-09,42,541330,R425,Small Business Set Aside - Total,,Not stated,,"Relevant Butler intelligence or subcontract lead, but prime feasibility is limited. Matched: navy, navsea, nswc.",SeaPort-NxG restriction detected; Set-aside eligibility may limit prime feasibility,Find SeaPort prime / teaming partner,Yes — SeaPort-NxG,Teaming/Subcontract Needed,Requires current SeaPort-NxG MAC/IDIQ contract holder status.,Subcontract only,Identify current SeaPort-NxG prime holders and assess teaming path.,seaport-nxg; small business set aside,https://sam.gov/workspace/contract/opp/1a0263f972fd43f3a967b9f760447547/view,"{'rel': 'self', 'href': 'https://api.sam.gov/prod/opportunities/v2/search?noticeid=1a0263f972fd43f3a967b9f760447547&limit=1'}",Stephanie Tomaszewicz,stephanie.r.tomaszewicz.civ@us.navy.mil,Primary NAICS 541330,Partial Refresh — Capacity Reached,High
Accepted,C,0,RFP / Solicitation,"PISTON INSULATOR, THERMAL BRAKE",DEPT OF DEFENSE.DEFENSE LOGISTICS AGENCY.DLA AVIATION.DLA AV RICHMOND.DLA AVIATION,,Solicitation,e5e1f18f5dd044e2ba36e0e184994df5,SPE4A726R0780,2026-10-08,41,336413,1630,Small Business Set Aside - Total,,Not stated,,"Relevant Butler intelligence or subcontract lead, but prime feasibility is limited. Matched: dla aviation. Scope reads as hardware supply/manufacturing with no clear design, redesign, or engineering work (matched: supply-class PSC 1630), so it is tracked as a subcontract/competitive-intelligence lead rather than a prime fit.",Set-aside eligibility may limit prime feasibility,Check set-aside,No obvious vehicle restriction,Unknown — check Butler contract vehicles,Requires small-business set-aside eligibility.,Prime uncertain,Check whether Butler can qualify directly or should team with an eligible prime.,small business set aside,https://sam.gov/workspace/contract/opp/e5e1f18f5dd044e2ba36e0e184994df5/view,"{'rel': 'self', 'href': 'https://api.sam.gov/prod/opportunities/v2/search?noticeid=e5e1f18f5dd044e2ba36e0e184994df5&limit=1'}",Renee Griffin,Renee.Griffin@dla.mil,Primary NAICS 336413,Partial Refresh — Capacity Reached,High
Accepted,C,8,RFP / Solicitation,"1620-006540641, ARM,TOW,NOSE LANDIN/ 06F, C-130 HERCULES AIRCRAFT",DEPT OF DEFENSE.DEFENSE LOGISTICS AGENCY.DLA AVIATION.DLA AV RICHMOND.DLA AVIATION,,Solicitation,c16eb9690f014fb9893eec1358f7806d,SPE4A726R0739,2026-10-08,41,336413,1620,,"Virginia, UNITED STATES",Not stated,,"Relevant Butler intelligence or subcontract lead, but prime feasibility is limited. Matched: aircraft, dla aviation. Scope reads as hardware supply/manufacturing with no clear design, redesign, or engineering work (matched: supply-class PSC 1620), so it is tracked as a subcontract/competitive-intelligence lead rather than a prime fit.",None identified,Possible subcontract lead,No obvious vehicle restriction,Not Applicable,No special eligibility found in SAM.gov fields.,Prime feasible,Monitor as a direct pursuit unless attachments indicate otherwise.,None detected,https://sam.gov/workspace/contract/opp/c16eb9690f014fb9893eec1358f7806d/view,"{'rel': 'self', 'href': 'https://api.sam.gov/prod/opportunities/v2/search?noticeid=c16eb9690f014fb9893eec1358f7806d&limit=1'}",XUAN T PHAN,Xuan.Phan@dla.mil,Primary NAICS 336413,Partial Refresh — Capacity Reached,High
Accepted,C,3,RFP / Solicitation,"F-100 Liner, Combustion Ch","DEPT OF DEFENSE.DEFENSE LOGISTICS AGENCY.DLA AVIATION.DLA AVIATION OKLAHOMA CITY.DLA AVIATION AT OKLAHOMA CITY, OK",,Solicitation,4a87968fbf3d4d18bbe19d92d9467d51,SPRTA126R1467,2026-09-30,33,336412,2840,No Set aside used,UNITED STATES,Not stated,,"Relevant Butler intelligence or subcontract lead, but prime feasibility is limited. Matched: dla aviation. Attachment text was included in the screen. Scope reads as hardware supply/manufacturing with no clear design, redesign, or engineering work (matched: supply-class PSC 2840), so it is tracked as a subcontract/competitive-intelligence lead rather than a prime fit.",None identified,Possible subcontract lead,No obvious vehicle restriction,Not Applicable,No special eligibility found in SAM.gov fields.,Prime feasible,Monitor as a direct pursuit unless attachments indicate otherwise.,None detected,https://sam.gov/workspace/contract/opp/4a87968fbf3d4d18bbe19d92d9467d51/view,"https://sam.gov/api/prod/opps/v3/opportunities/resources/files/277171bcf43447f083b1291eec3bcf41/download
https://sam.gov/api/prod/opps/v3/opportunities/resources/files/c8559f2992b44aaeac2050d94febaf51/download
{'rel': 'self', 'href': 'https://api.sam.gov/prod/opportunities/v2/search?noticeid=4a87968fbf3d4d18bbe19d92d9467d51&limit=1'}",Jeremy Bryant,Jeremy.bryant@us.af.mil,Primary NAICS 336412,Partial Refresh — Capacity Reached,High — attachment text read
Accepted,C,-2,RFP / Solicitation,Bulkhead Assy,"HOMELAND SECURITY, DEPARTMENT OF.US COAST GUARD.AVIATION LOGISTICS CENTER (ALC)(00038)",,Special Notice,0e571b3954944db28f3b6c72ee2ee86a,70Z03826QJ0000348,2026-09-30,33,336413,1560,No Set aside used,,Not stated,,"Relevant Butler intelligence or subcontract lead, but prime feasibility is limited. Attachment text was included in the screen. Scope reads as hardware supply/manufacturing with no clear design, redesign, or engineering work (matched: supply-class PSC 1560), so it is tracked as a subcontract/competitive-intelligence lead rather than a prime fit.",None identified,Possible subcontract lead,No obvious vehicle restriction,Not Applicable,No special eligibility found in SAM.gov fields.,Prime feasible,Monitor as a direct pursuit unless attachments indicate otherwise.,None detected,https://sam.gov/workspace/contract/opp/0e571b3954944db28f3b6c72ee2ee86a/view,"https://sam.gov/api/prod/opps/v3/opportunities/resources/files/cc3639ebf87840668436727f47e8b0d9/download
https://sam.gov/api/prod/opps/v3/opportunities/resources/files/cf4ec06cec0149f58e6f888e696cd2b2/download
{'rel': 'self', 'href': 'https://api.sam.gov/prod/opportunities/v2/search?noticeid=0e571b3954944db28f3b6c72ee2ee86a&limit=1'}",Austin Ivins,Austin.R.Ivins@uscg.mil,Primary NAICS 336413,Partial Refresh — Capacity Reached,High — attachment text read
Accepted,C,3,Low-Feasibility / J&A,"SOLE SOURCE – Procurement of Neuron, Linear Accelerator (LINAC) and Combined Environmental Testing Services",DEPT OF DEFENSE.DEPT OF THE NAVY.NAVSEA.NAVSEA WARFARE CENTER.NSWC CRANE,,Special Notice,9ea116071aba41eb9790892513d09a17,N0016426SNC03,2026-09-29,32,541715,B529,No Set aside used,"Crane, Indiana, UNITED STATES",Not stated,,"Relevant Butler intelligence or subcontract lead, but prime feasibility is limited. Matched: testing, navy, navsea, nswc. Scope reads as hardware supply/manufacturing with no clear design, redesign, or engineering work (matched: procurement of), so it is tracked as a subcontract/competitive-intelligence lead rather than a prime fit.",Sole-source/OEM/brand-name restriction detected,Check incumbent,No obvious vehicle restriction,Not Applicable,No special eligibility found in SAM.gov fields.,Prime unlikely,Monitor as a direct pursuit unless attachments indicate otherwise.,sole source,https://sam.gov/workspace/contract/opp/9ea116071aba41eb9790892513d09a17/view,"{'rel': 'self', 'href': 'https://api.sam.gov/prod/opportunities/v2/search?noticeid=9ea116071aba41eb9790892513d09a17&limit=1'}",Jamie Wilson,jamie.k.wilson1.civ@us.navy.mil,Primary NAICS 541715,Partial Refresh — Capacity Reached,High
Accepted,C,3,Sources Sought / RFI,Request for Information (RFI) for Silent Anvil Air-Launched Torpedo (SAA-LT) Standoff Delivery Solutions,DEPT OF DEFENSE.DEPT OF THE NAVY.NAVAIR.NAVAIR HQS.NAVAL AIR SYSTEMS COMMAND,,Sources Sought,54fe60e827954a45a71bc4b3ff892f27,N00019-27-RFI-PMX201-SILENTANVIL,2026-09-29,32,336414,1410,,"0, Maryland, UNITED STATES",Not stated,,"Relevant Butler intelligence or subcontract lead, but prime feasibility is limited. Matched: navy, navair. Attachment text was included in the screen. Scope reads as hardware supply/manufacturing with no clear design, redesign, or engineering work (matched: supply-class PSC 1410), so it is tracked as a subcontract/competitive-intelligence lead rather than a prime fit.",None identified,Possible subcontract lead,No obvious vehicle restriction,Not Applicable,No special eligibility found in SAM.gov fields.,Prime feasible,Monitor as a direct pursuit unless attachments indicate otherwise.,None detected,https://sam.gov/workspace/contract/opp/54fe60e827954a45a71bc4b3ff892f27/view,"https://sam.gov/api/prod/opps/v3/opportunities/resources/files/40b02e46bdfb45dfab0e9cae5d8606a7/download
{'rel': 'self', 'href': 'https://api.sam.gov/prod/opportunities/v2/search?noticeid=54fe60e827954a45a71bc4b3ff892f27&limit=1'}",Joseph Perriello,joseph.c.perriello.civ@us.navy.mil,Primary NAICS 336414,Partial Refresh — Capacity Reached,High — attachment text read
Accepted,C,3,RFP / Solicitation,Code 75 Engineering Services,DEPT OF DEFENSE.DEPT OF THE NAVY.NAVSEA.NAVSEA WARFARE CENTER.NUWC DIV NEWPORT,,Solicitation,78915b7fe26c4fc8abf8741795cbc30d,N6660426R3105,2026-09-28,31,541330,AC33,Small Business Set Aside - Total,,Not stated,,"Relevant Butler intelligence or subcontract lead, but prime feasibility is limited. Matched: engineering services, navy, navsea, nuwc.",Set-aside eligibility may limit prime feasibility,Check set-aside,No obvious vehicle restriction,Unknown — check Butler contract vehicles,Requires small-business set-aside eligibility.,Prime uncertain,Check whether Butler can qualify directly or should team with an eligible prime.,small business set aside,https://sam.gov/workspace/contract/opp/78915b7fe26c4fc8abf8741795cbc30d/view,"{'rel': 'self', 'href': 'https://api.sam.gov/prod/opportunities/v2/search?noticeid=78915b7fe26c4fc8abf8741795cbc30d&limit=1'}",Zachary Silveira,zachary.g.silveira.civ@us.navy.mil,Primary NAICS 541330,Partial Refresh — Capacity Reached,High
Accepted,C,8,Sources Sought / RFI,Spaceflight Readiness Training (SFRT) Aircraft Modernization,NATIONAL AERONAUTICS AND SPACE ADMINISTRATION.NATIONAL AERONAUTICS AND SPACE ADMINISTRATION.NASA JOHNSON SPACE CENTER,,Sources Sought,f657e53097be40d5b0f4c38b5ecd707c,80JSC026SFRTAM,2026-09-28,31,336411,1510,No Set aside used,UNITED STATES,Not stated,,"Relevant Butler intelligence or subcontract lead, but prime feasibility is limited. Matched: aircraft, nasa. Scope reads as hardware supply/manufacturing with no clear design, redesign, or engineering work (matched: supply-class PSC 1510), so it is tracked as a subcontract/competitive-intelligence lead rather than a prime fit.",None identified,Possible subcontract lead,No obvious vehicle restriction,Not Applicable,No special eligibility found in SAM.gov fields.,Prime feasible,Monitor as a direct pursuit unless attachments indicate otherwise.,None detected,https://sam.gov/workspace/contract/opp/f657e53097be40d5b0f4c38b5ecd707c/view,"{'rel': 'self', 'href': 'https://api.sam.gov/prod/opportunities/v2/search?noticeid=f657e53097be40d5b0f4c38b5ecd707c&limit=1'}",Lilyana Pequeno,lilyana.p.pequeno@nasa.gov,Primary NAICS 336411,Partial Refresh — Capacity Reached,High
Accepted,C,3,RFP / Solicitation,"STARTER,ENGINE,GAS","DEPT OF DEFENSE.DEFENSE LOGISTICS AGENCY.DLA AVIATION.DLA AVIATION PHILADELPHIA.DLA AVIATION AT PHILADELPHIA, PA",,Solicitation,d9be579339da4177b0ebb37a424f7e65,SPRPA126QYD36,2026-09-28,31,336412,2995,,,Not stated,,"Relevant Butler intelligence or subcontract lead, but prime feasibility is limited. Matched: dla aviation. Scope reads as hardware supply/manufacturing with no clear design, redesign, or engineering work (matched: supply-class PSC 2995), so it is tracked as a subcontract/competitive-intelligence lead rather than a prime fit.",None identified,Possible subcontract lead,No obvious vehicle restriction,Not Applicable,No special eligibility found in SAM.gov fields.,Prime feasible,Monitor as a direct pursuit unless attachments indicate otherwise.,None detected,https://sam.gov/workspace/contract/opp/d9be579339da4177b0ebb37a424f7e65/view,"{'rel': 'self', 'href': 'https://api.sam.gov/prod/opportunities/v2/search?noticeid=d9be579339da4177b0ebb37a424f7e65&limit=1'}",Telephone: 2157376835,KAILEIGH.BLAKER@DLA.MIL,Primary NAICS 336412,Partial Refresh — Capacity Reached,High
Accepted,C,3,RFP / Solicitation,"COOLER, LUBRICATING","DEPT OF DEFENSE.DEFENSE LOGISTICS AGENCY.DLA AVIATION.DLA AVIATION OKLAHOMA CITY.DLA AVIATION AT OKLAHOMA CITY, OK",,Solicitation,71e39d817f5d4cb0aacdc5a3ec16a994,SPRTA1-26-Q-1507,2026-09-28,31,336412,2935,,,Not stated,,"Relevant Butler intelligence or subcontract lead, but prime feasibility is limited. Matched: dla aviation. Attachment text was included in the screen. Scope reads as hardware supply/manufacturing with no clear design, redesign, or engineering work (matched: supply-class PSC 2935), so it is tracked as a subcontract/competitive-intelligence lead rather than a prime fit.",None identified,Possible subcontract lead,No obvious vehicle restriction,Not Applicable,No special eligibility found in SAM.gov fields.,Prime feasible,Monitor as a direct pursuit unless attachments indicate otherwise.,None detected,https://sam.gov/workspace/contract/opp/71e39d817f5d4cb0aacdc5a3ec16a994/view,"https://sam.gov/api/prod/opps/v3/opportunities/resources/files/138724cc3de34855bfd2c089001dbb87/download
{'rel': 'self', 'href': 'https://api.sam.gov/prod/opportunities/v2/search?noticeid=71e39d817f5d4cb0aacdc5a3ec16a994&limit=1'}",Jayson Skalla,jayson.skalla@us.af.mil,Primary NAICS 336412,Partial Refresh — Capacity Reached,High — attachment text read
Accepted,C,3,RFP / Solicitation,"SCROLL HOUSING,AIRC","DEPT OF DEFENSE.DEFENSE LOGISTICS AGENCY.DLA AVIATION.DLA AVIATION OKLAHOMA CITY.DLA AVIATION AT OKLAHOMA CITY, OK",,Solicitation,ebad3deeb74448fbb36e6fad01badcfb,SPRTA1-26-Q-01897,2026-09-28,31,336413,1660,,UNITED STATES,Not stated,,"Relevant Butler intelligence or subcontract lead, but prime feasibility is limited. Matched: dla aviation. Attachment text was included in the screen. Scope reads as hardware supply/manufacturing with no clear design, redesign, or engineering work (matched: supply-class PSC 1660), so it is tracked as a subcontract/competitive-intelligence lead rather than a prime fit.",None identified,Possible subcontract lead,No obvious vehicle restriction,Not Applicable,No special eligibility found in SAM.gov fields.,Prime feasible,Monitor as a direct pursuit unless attachments indicate otherwise.,None detected,https://sam.gov/workspace/contract/opp/ebad3deeb74448fbb36e6fad01badcfb/view,"https://sam.gov/api/prod/opps/v3/opportunities/resources/files/a03c0afbecd7417c8f695a2d5be8000b/download
{'rel': 'self', 'href': 'https://api.sam.gov/prod/opportunities/v2/search?noticeid=ebad3deeb74448fbb36e6fad01badcfb&limit=1'}",Genevee Suba,genevee.suba@us.af.mil,Primary NAICS 336413,Partial Refresh — Capacity Reached,High — attachment text read
Accepted,C,3,RFP / Solicitation,16--TOOL COMPRESSION FU,DEPT OF DEFENSE.DEPT OF THE NAVY.NAVSUP.NAVSUP WEAPON SYSTEMS SUPPORT.NAVSUP WSS PHILADELPHIA.NAVSUP WEAPON SYSTEMS SUPPORT,,Solicitation,e476a28b595d4bf89fa333a9f2326df4,N0038326QPC73,2026-09-28,31,336413,1680,,,Not stated,,"Relevant Butler intelligence or subcontract lead, but prime feasibility is limited. Matched: navy, navsup. Scope reads as hardware supply/manufacturing with no clear design, redesign, or engineering work (matched: supply-class PSC 1680), so it is tracked as a subcontract/competitive-intelligence lead rather than a prime fit.",None identified,Possible subcontract lead,No obvious vehicle restriction,Not Applicable,No special eligibility found in SAM.gov fields.,Prime feasible,Monitor as a direct pursuit unless attachments indicate otherwise.,None detected,https://sam.gov/workspace/contract/opp/e476a28b595d4bf89fa333a9f2326df4/view,"{'rel': 'self', 'href': 'https://api.sam.gov/prod/opportunities/v2/search?noticeid=e476a28b595d4bf89fa333a9f2326df4&limit=1'}",Telephone: 7712293722,ABBEY.R.ETTINGER.CIV@US.NAVY.MIL,Primary NAICS 336413,Partial Refresh — Capacity Reached,High
Accepted,C,3,RFP / Solicitation,"16--PANEL ASSEMBLY,AIRC - AND OTHER REPLACEMENT PARTS",DEPT OF DEFENSE.DEPT OF THE NAVY.NAVSUP.NAVSUP WEAPON SYSTEMS SUPPORT.NAVSUP WSS PHILADELPHIA.NAVSUP WEAPON SYSTEMS SUPPORT,,Solicitation,d41f3c181d084b98bcdbaa53635fc668,N0038326QNA73,2026-09-28,31,336413,1680,,,Not stated,,"Relevant Butler intelligence or subcontract lead, but prime feasibility is limited. Matched: navy, navsup. Scope reads as hardware supply/manufacturing with no clear design, redesign, or engineering work (matched: replacement parts, supply-class PSC 1680), so it is tracked as a subcontract/competitive-intelligence lead rather than a prime fit.",None identified,Possible subcontract lead,No obvious vehicle restriction,Not Applicable,No special eligibility found in SAM.gov fields.,Prime feasible,Monitor as a direct pursuit unless attachments indicate otherwise.,None detected,https://sam.gov/workspace/contract/opp/d41f3c181d084b98bcdbaa53635fc668/view,"{'rel': 'self', 'href': 'https://api.sam.gov/prod/opportunities/v2/search?noticeid=d41f3c181d084b98bcdbaa53635fc668&limit=1'}",Telephone: 2156792012,JAKE.KUCOWSKI.CIV@US.NAVY.MIL,Primary NAICS 336413,Partial Refresh — Capacity Reached,High
Accepted,C,3,RFP / Solicitation,"SCROLL HOUSING,AIRC","DEPT OF DEFENSE.DEFENSE LOGISTICS AGENCY.DLA AVIATION.DLA AVIATION OKLAHOMA CITY.DLA AVIATION AT OKLAHOMA CITY, OK",,Solicitation,8addf1149379459aa42e56afeac7f1bb,SPRTA1-26-Q-1881,2026-09-28,31,336413,1660,,UNITED STATES,Not stated,,"Relevant Butler intelligence or subcontract lead, but prime feasibility is limited. Matched: dla aviation. Attachment text was included in the screen. Scope reads as hardware supply/manufacturing with no clear design, redesign, or engineering work (matched: supply-class PSC 1660), so it is tracked as a subcontract/competitive-intelligence lead rather than a prime fit.",None identified,Possible subcontract lead,No obvious vehicle restriction,Not Applicable,No special eligibility found in SAM.gov fields.,Prime feasible,Monitor as a direct pursuit unless attachments indicate otherwise.,None detected,https://sam.gov/workspace/contract/opp/8addf1149379459aa42e56afeac7f1bb/view,"https://sam.gov/api/prod/opps/v3/opportunities/resources/files/6fb803071eed4f07a3e33bc576680b48/download
{'rel': 'self', 'href': 'https://api.sam.gov/prod/opportunities/v2/search?noticeid=8addf1149379459aa42e56afeac7f1bb&limit=1'}",Genevee Suba,genevee.suba@us.af.mil,Primary NAICS 336413,Partial Refresh — Capacity Reached,High — attachment text read
Accepted,C,3,RFP / Solicitation,"HOUSING ASSY,COMBUS","DEPT OF DEFENSE.DEFENSE LOGISTICS AGENCY.DLA AVIATION.DLA AVIATION PHILADELPHIA.DLA AVIATION AT PHILADELPHIA, PA",,Solicitation,7f61195206d54006b1efc1e9c60ebb44,SPRPA126QXB70,2026-09-28,31,336413,1650,,,Not stated,,"Relevant Butler intelligence or subcontract lead, but prime feasibility is limited. Matched: dla aviation. Scope reads as hardware supply/manufacturing with no clear design, redesign, or engineering work (matched: supply-class PSC 1650), so it is tracked as a subcontract/competitive-intelligence lead rather than a prime fit.",None identified,Possible subcontract lead,No obvious vehicle restriction,Not Applicable,No special eligibility found in SAM.gov fields.,Prime feasible,Monitor as a direct pursuit unless attachments indicate otherwise.,None detected,https://sam.gov/workspace/contract/opp/7f61195206d54006b1efc1e9c60ebb44/view,"{'rel': 'self', 'href': 'https://api.sam.gov/prod/opportunities/v2/search?noticeid=7f61195206d54006b1efc1e9c60ebb44&limit=1'}",Telephone: 2156607088,ISABELLA.PERRINS@DLA.MIL,Primary NAICS 336413,Partial Refresh — Capacity Reached,High
Accepted,C,3,RFP / Solicitation,AERIAL REFUEL CONTR,"DEPT OF DEFENSE.DEFENSE LOGISTICS AGENCY.DLA AVIATION.DLA AVIATION PHILADELPHIA.DLA AVIATION AT PHILADELPHIA, PA",,Solicitation,3c8565d572c848c98c36c53971fdb8eb,SPRPA126QZC02,2026-09-28,31,336413,1680,,,Not stated,,"Relevant Butler intelligence or subcontract lead, but prime feasibility is limited. Matched: dla aviation. Scope reads as hardware supply/manufacturing with no clear design, redesign, or engineering work (matched: supply-class PSC 1680), so it is tracked as a subcontract/competitive-intelligence lead rather than a prime fit.",None identified,Possible subcontract lead,No obvious vehicle restriction,Not Applicable,No special eligibility found in SAM.gov fields.,Prime feasible,Monitor as a direct pursuit unless attachments indicate otherwise.,None detected,https://sam.gov/workspace/contract/opp/3c8565d572c848c98c36c53971fdb8eb/view,"{'rel': 'self', 'href': 'https://api.sam.gov/prod/opportunities/v2/search?noticeid=3c8565d572c848c98c36c53971fdb8eb&limit=1'}",Telephone: 4557370386,SARA.PAGAN-RAMOS@DLA.MIL,Primary NAICS 336413,Partial Refresh — Capacity Reached,High
Accepted,C,3,RFP / Solicitation,"16--REEL,SHOULDER HARNE",DEPT OF DEFENSE.DEPT OF THE NAVY.NAVSUP.NAVSUP WEAPON SYSTEMS SUPPORT.NAVSUP WSS PHILADELPHIA.NAVSUP WEAPON SYSTEMS SUPPORT,,Solicitation,0cd2efcc51514aa4b560295415e052f6,N0038326QTB53,2026-09-28,31,336413,1680,,,Not stated,,"Relevant Butler intelligence or subcontract lead, but prime feasibility is limited. Matched: navy, navsup. Scope reads as hardware supply/manufacturing with no clear design, redesign, or engineering work (matched: supply-class PSC 1680), so it is tracked as a subcontract/competitive-intelligence lead rather than a prime fit.",None identified,Possible subcontract lead,No obvious vehicle restriction,Not Applicable,No special eligibility found in SAM.gov fields.,Prime feasible,Monitor as a direct pursuit unless attachments indicate otherwise.,None detected,https://sam.gov/workspace/contract/opp/0cd2efcc51514aa4b560295415e052f6/view,"{'rel': 'self', 'href': 'https://api.sam.gov/prod/opportunities/v2/search?noticeid=0cd2efcc51514aa4b560295415e052f6&limit=1'}",Telephone: 2156973765,MICHAEL.J.BROWN1069.CIV@US.NAVY.MIL,Primary NAICS 336413,Partial Refresh — Capacity Reached,High
Accepted,C,3,RFP / Solicitation,"15--ARMOR,SUPPLEMENTAL,",DEPT OF DEFENSE.DEPT OF THE NAVY.NAVSUP.NAVSUP WEAPON SYSTEMS SUPPORT.NAVSUP WSS PHILADELPHIA.NAVSUP WEAPON SYSTEMS SUPPORT,,Solicitation,d21e1fce41474ab7980cf2c88d5ce794,N0038326QBA53,2026-09-28,31,336413,1560,,,Not stated,,"Relevant Butler intelligence or subcontract lead, but prime feasibility is limited. Matched: navy, navsup. Scope reads as hardware supply/manufacturing with no clear design, redesign, or engineering work (matched: supply-class PSC 1560), so it is tracked as a subcontract/competitive-intelligence lead rather than a prime fit.",None identified,Possible subcontract lead,No obvious vehicle restriction,Not Applicable,No special eligibility found in SAM.gov fields.,Prime feasible,Monitor as a direct pursuit unless attachments indicate otherwise.,None detected,https://sam.gov/workspace/contract/opp/d21e1fce41474ab7980cf2c88d5ce794/view,"{'rel': 'self', 'href': 'https://api.sam.gov/prod/opportunities/v2/search?noticeid=d21e1fce41474ab7980cf2c88d5ce794&limit=1'}",Telephone: 2156972198,GRACE.V.MCGINLEY.CIV@US.NAVY.MIL,Primary NAICS 336413,Partial Refresh — Capacity Reached,High
Accepted,B,8,RFP / Solicitation,"16--FRAME,SEAT,AIRCRAFT, IN REPAIR/MODIFICATION OF",DEPT OF DEFENSE.DEPT OF THE NAVY.NAVSUP.NAVSUP WEAPON SYSTEMS SUPPORT.NAVSUP WSS PHILADELPHIA.NAVSUP WEAPON SYSTEMS SUPPORT,,Solicitation,c30ec3c857924ed4b42f6fcf690deaa2,N0038326QFB63,2026-09-28,31,336413,1680,,,Not stated,,"Possible Butler fit through broader defense engineering, logistics, testing, or program support. Matched: aircraft, navy, navsup.",None identified,Add to tracker,No obvious vehicle restriction,Not Applicable,No special eligibility found in SAM.gov fields.,Prime feasible,Monitor as a direct pursuit unless attachments indicate otherwise.,None detected,https://sam.gov/workspace/contract/opp/c30ec3c857924ed4b42f6fcf690deaa2/view,"{'rel': 'self', 'href': 'https://api.sam.gov/prod/opportunities/v2/search?noticeid=c30ec3c857924ed4b42f6fcf690deaa2&limit=1'}",Telephone: 2156982198,TAYLOR.M.OCONNOR2.CIV@US.NAVY.MIL,Primary NAICS 336413,Partial Refresh — Capacity Reached,High
Accepted,C,8,RFP / Solicitation,"17--JACK,AIRCRAFT LANDI",DEPT OF DEFENSE.DEPT OF THE NAVY.NAVSUP.NAVSUP WEAPON SYSTEMS SUPPORT.NAVSUP WSS PHILADELPHIA.NAVSUP WEAPON SYSTEMS SUPPORT,,Solicitation,82cc890eaa1543468e586c516c85e3be,N0038326QPC46,2026-09-28,31,336413,1730,,,Not stated,,"Relevant Butler intelligence or subcontract lead, but prime feasibility is limited. Matched: aircraft, navy, navsup. Scope reads as hardware supply/manufacturing with no clear design, redesign, or engineering work (matched: supply-class PSC 1730), so it is tracked as a subcontract/competitive-intelligence lead rather than a prime fit.",None identified,Possible subcontract lead,No obvious vehicle restriction,Not Applicable,No special eligibility found in SAM.gov fields.,Prime feasible,Monitor as a direct pursuit unless attachments indicate otherwise.,None detected,https://sam.gov/workspace/contract/opp/82cc890eaa1543468e586c516c85e3be/view,"{'rel': 'self', 'href': 'https://api.sam.gov/prod/opportunities/v2/search?noticeid=82cc890eaa1543468e586c516c85e3be&limit=1'}",Telephone: 2156974179,JASON.J.SKLENCAR.CIV@US.NAVY.MIL,Primary NAICS 336413,Partial Refresh — Capacity Reached,High
Accepted,C,3,RFP / Solicitation,"DAMPENER,FLUTTER",DEPT OF DEFENSE.DEPT OF THE NAVY.NAVSUP.NAVSUP WEAPON SYSTEMS SUPPORT.NAVSUP WSS PHILADELPHIA.NAVSUP WEAPON SYSTEMS SUPPORT,,Solicitation,82985a25977e468d8c471018ec1ba8b1,N0038326QDA31,2026-09-28,31,336413,1650,,,Not stated,,"Relevant Butler intelligence or subcontract lead, but prime feasibility is limited. Matched: navy, navsup. Scope reads as hardware supply/manufacturing with no clear design, redesign, or engineering work (matched: supply-class PSC 1650), so it is tracked as a subcontract/competitive-intelligence lead rather than a prime fit.",None identified,Possible subcontract lead,No obvious vehicle restriction,Not Applicable,No special eligibility found in SAM.gov fields.,Prime feasible,Monitor as a direct pursuit unless attachments indicate otherwise.,None detected,https://sam.gov/workspace/contract/opp/82985a25977e468d8c471018ec1ba8b1/view,"{'rel': 'self', 'href': 'https://api.sam.gov/prod/opportunities/v2/search?noticeid=82985a25977e468d8c471018ec1ba8b1&limit=1'}",Electronic Mail: GERARD.T.WEISS.CIV@US.NAVY.MIL,GERARD.T.WEISS.CIV@US.NAVY.MIL,Primary NAICS 336413,Partial Refresh — Capacity Reached,High
Accepted,C,3,RFP / Solicitation,"DRIVE UNIT,HYDRAULI","DEPT OF DEFENSE.DEFENSE LOGISTICS AGENCY.DLA AVIATION.DLA AVIATION PHILADELPHIA.DLA AVIATION AT PHILADELPHIA, PA",,Solicitation,802d71ab045442b0b7e499694f504419,SPRPA126RWC04,2026-09-28,31,336413,1650,,,Not stated,,"Relevant Butler intelligence or subcontract lead, but prime feasibility is limited. Matched: dla aviation. Scope reads as hardware supply/manufacturing with no clear design, redesign, or engineering work (matched: supply-class PSC 1650), so it is tracked as a subcontract/competitive-intelligence lead rather than a prime fit.",None identified,Possible subcontract lead,No obvious vehicle restriction,Not Applicable,No special eligibility found in SAM.gov fields.,Prime feasible,Monitor as a direct pursuit unless attachments indicate otherwise.,None detected,https://sam.gov/workspace/contract/opp/802d71ab045442b0b7e499694f504419/view,"{'rel': 'self', 'href': 'https://api.sam.gov/prod/opportunities/v2/search?noticeid=802d71ab045442b0b7e499694f504419&limit=1'}",Telephone: 2157370865,NASEEM.AOUN@DLA.MIL,Primary NAICS 336413,Partial Refresh — Capacity Reached,High
Accepted,C,3,RFP / Solicitation,"PUMP UNIT,AXIAL PIS NSN: 4320001745811HS PN:MPEV3-032-2A","DEPT OF DEFENSE.DEFENSE LOGISTICS AGENCY.DLA AVIATION.DLA AVIATION OKLAHOMA CITY.DLA AVIATION AT OKLAHOMA CITY, OK",,Solicitation,3adbc8fa62174518ae939b5428c7e9ea,SPRTA126Q1399,2026-09-28,31,336413,4320,No Set aside used,UNITED STATES,Not stated,,"Relevant Butler intelligence or subcontract lead, but prime feasibility is limited. Matched: dla aviation. Scope reads as hardware supply/manufacturing with no clear design, redesign, or engineering work (matched: nsn, supply-class PSC 4320), so it is tracked as a subcontract/competitive-intelligence lead rather than a prime fit.",None identified,Possible subcontract lead,No obvious vehicle restriction,Not Applicable,No special eligibility found in SAM.gov fields.,Prime feasible,Monitor as a direct pursuit unless attachments indicate otherwise.,None detected,https://sam.gov/workspace/contract/opp/3adbc8fa62174518ae939b5428c7e9ea/view,"https://sam.gov/api/prod/opps/v3/opportunities/resources/files/1cdcdd64141547e5a1e247f093bb4929/download
{'rel': 'self', 'href': 'https://api.sam.gov/prod/opportunities/v2/search?noticeid=3adbc8fa62174518ae939b5428c7e9ea&limit=1'}",Logan Hurtz,logan.hurtz@us.af.mil,Primary NAICS 336413,Partial Refresh — Capacity Reached,High
Accepted,C,3,Sources Sought / RFI,Request for Information (RFI)  for  Aerial Targets Branch (EBAY) Air Force Aerial Target Solutions,DEPT OF DEFENSE.DEPT OF THE AIR FORCE.AIR FORCE MATERIEL COMMAND.AIR FORCE LIFE CYCLE MANAGEMENT CENTER.WEAPONS.FA8678 AFLCMC EBAY,,Sources Sought,39fbb597c2c84e3e88d17d7d08a3a6b3,FA8678-26-AFSAT-R0001,2026-09-28,31,336413,1550,,"0, Florida, UNITED STATES",Not stated,,"Relevant Butler intelligence or subcontract lead, but prime feasibility is limited. Matched: air force, aflcmc. Attachment text was included in the screen. Scope reads as hardware supply/manufacturing with no clear design, redesign, or engineering work (matched: supply-class PSC 1550), so it is tracked as a subcontract/competitive-intelligence lead rather than a prime fit.",None identified,Possible subcontract lead,No obvious vehicle restriction,Not Applicable,No special eligibility found in SAM.gov fields.,Prime feasible,Monitor as a direct pursuit unless attachments indicate otherwise.,None detected,https://sam.gov/workspace/contract/opp/39fbb597c2c84e3e88d17d7d08a3a6b3/view,"https://sam.gov/api/prod/opps/v3/opportunities/resources/files/f6342e24c6484c339b9959d13cf72c81/download
https://sam.gov/api/prod/opps/v3/opportunities/resources/files/f9f8c73fb37b40f785ed0629e663a749/download
{'rel': 'self', 'href': 'https://api.sam.gov/prod/opportunities/v2/search?noticeid=39fbb597c2c84e3e88d17d7d08a3a6b3&limit=1'}",Nicholas Ardito,nicholas.ardito@us.af.mil,Primary NAICS 336413,Partial Refresh — Capacity Reached,High — attachment text read
Accepted,C,3,RFP / Solicitation,"BOTTLE ASSEMBLY,AIR","DEPT OF DEFENSE.DEFENSE LOGISTICS AGENCY.DLA AVIATION.DLA AVIATION PHILADELPHIA.DLA AVIATION AT PHILADELPHIA, PA",,Solicitation,2cbeab54b6c34de1a3c86ed069e8a12c,SPRPA126QZB92,2026-09-28,31,336413,1680,,,Not stated,,"Relevant Butler intelligence or subcontract lead, but prime feasibility is limited. Matched: dla aviation. Scope reads as hardware supply/manufacturing with no clear design, redesign, or engineering work (matched: supply-class PSC 1680), so it is tracked as a subcontract/competitive-intelligence lead rather than a prime fit.",None identified,Possible subcontract lead,No obvious vehicle restriction,Not Applicable,No special eligibility found in SAM.gov fields.,Prime feasible,Monitor as a direct pursuit unless attachments indicate otherwise.,None detected,https://sam.gov/workspace/contract/opp/2cbeab54b6c34de1a3c86ed069e8a12c/view,"{'rel': 'self', 'href': 'https://api.sam.gov/prod/opportunities/v2/search?noticeid=2cbeab54b6c34de1a3c86ed069e8a12c&limit=1'}",Telephone: 2157376795,BRIAN.BLANCO@DLA.MIL,Primary NAICS 336413,Partial Refresh — Capacity Reached,High
Accepted,C,3,RFP / Solicitation,"15--ARMOR,SUPPLEMENTAL,",DEPT OF DEFENSE.DEPT OF THE NAVY.NAVSUP.NAVSUP WEAPON SYSTEMS SUPPORT.NAVSUP WSS PHILADELPHIA.NAVSUP WEAPON SYSTEMS SUPPORT,,Solicitation,27e17aa85f214289989554c005f04706,N0038326QBA63,2026-09-28,31,336413,1560,,,Not stated,,"Relevant Butler intelligence or subcontract lead, but prime feasibility is limited. Matched: navy, navsup. Scope reads as hardware supply/manufacturing with no clear design, redesign, or engineering work (matched: supply-class PSC 1560), so it is tracked as a subcontract/competitive-intelligence lead rather than a prime fit.",None identified,Possible subcontract lead,No obvious vehicle restriction,Not Applicable,No special eligibility found in SAM.gov fields.,Prime feasible,Monitor as a direct pursuit unless attachments indicate otherwise.,None detected,https://sam.gov/workspace/contract/opp/27e17aa85f214289989554c005f04706/view,"{'rel': 'self', 'href': 'https://api.sam.gov/prod/opportunities/v2/search?noticeid=27e17aa85f214289989554c005f04706&limit=1'}",Telephone: 2156972198,GRACE.V.MCGINLEY.CIV@US.NAVY.MIL,Primary NAICS 336413,Partial Refresh — Capacity Reached,High
Accepted,C,2,RFP / Solicitation,"F-16 Linear Actuatin Cap, NSN 1650010533669","DEPT OF DEFENSE.DEFENSE LOGISTICS AGENCY.DLA AVIATION.DLA AVIATION OGDEN.DLA  AVIATION AT OGDEN, UT",,Solicitation,24120da849b9410d83828ce913bcea27,SPRHA4-26-Q-0949,2026-09-28,31,336413,1650,8(a) Sole Source (FAR 19.8),,Not stated,,"Relevant Butler intelligence or subcontract lead, but prime feasibility is limited. Matched: cnc, dla aviation. Attachment text was included in the screen. Scope reads as hardware supply/manufacturing with no clear design, redesign, or engineering work (matched: nsn, supply-class PSC 1650), so it is tracked as a subcontract/competitive-intelligence lead rather than a prime fit.",Sole-source/OEM/brand-name restriction detected,Check incumbent,No obvious vehicle restriction,Not Applicable,No special eligibility found in SAM.gov fields.,Prime unlikely,Monitor as a direct pursuit unless attachments indicate otherwise.,sole source,https://sam.gov/workspace/contract/opp/24120da849b9410d83828ce913bcea27/view,"https://sam.gov/api/prod/opps/v3/opportunities/resources/files/40968fc7912a4a58b0c3ba197031cf63/download
https://sam.gov/api/prod/opps/v3/opportunities/resources/files/7f99d94defcf4761a5d337f9a3254435/download
https://sam.gov/api/prod/opps/v3/opportunities/resources/files/b09e6e73104a4ecea9d9064e0d5d791c/download
https://sam.gov/api/prod/opps/v3/opportunities/resources/files/f9ae2625601b43468d780848aa12805b/download
{'rel': 'self', 'href': 'https://api.sam.gov/prod/opportunities/v2/search?noticeid=24120da849b9410d83828ce913bcea27&limit=1'}",Vincent Pellegrini,vincent.pellegrini@us.af.mil,Primary NAICS 336413,Partial Refresh — Capacity Reached,High — attachment text read
Accepted,C,3,RFP / Solicitation,"16--SUPPORT,CPLG,SGL,AI",DEPT OF DEFENSE.DEPT OF THE NAVY.NAVSUP.NAVSUP WEAPON SYSTEMS SUPPORT.NAVSUP WSS PHILADELPHIA.NAVSUP WEAPON SYSTEMS SUPPORT,,Solicitation,123b633ed6c749638303f833dcd28fca,N0038326QNA77,2026-09-28,31,336413,1680,,,Not stated,,"Relevant Butler intelligence or subcontract lead, but prime feasibility is limited. Matched: navy, navsup. Scope reads as hardware supply/manufacturing with no clear design, redesign, or engineering work (matched: supply-class PSC 1680), so it is tracked as a subcontract/competitive-intelligence lead rather than a prime fit.",None identified,Possible subcontract lead,No obvious vehicle restriction,Not Applicable,No special eligibility found in SAM.gov fields.,Prime feasible,Monitor as a direct pursuit unless attachments indicate otherwise.,None detected,https://sam.gov/workspace/contract/opp/123b633ed6c749638303f833dcd28fca/view,"{'rel': 'self', 'href': 'https://api.sam.gov/prod/opportunities/v2/search?noticeid=123b633ed6c749638303f833dcd28fca&limit=1'}",Telephone: 2156792012,JAKE.KUCOWSKI.CIV@US.NAVY.MIL,Primary NAICS 336413,Partial Refresh — Capacity Reached,High
Accepted,C,0,RFP / Solicitation,"REDUCER,TUBE END",DEPT OF DEFENSE.DEPT OF THE NAVY.NAVSUP.NAVSUP WEAPON SYSTEMS SUPPORT.NAVSUP WSS MECHANICSBURG.NAVSUP WEAPON SYSTEMS SUPPORT MECH,,Solicitation,6d562ca0117947c6a1981e10b45b4632,N0010426QAD22,2026-09-28,31,336415,1440,Small Business Set Aside - Total,,Not stated,,"Relevant Butler intelligence or subcontract lead, but prime feasibility is limited. Matched: navy, navsup. Scope reads as hardware supply/manufacturing with no clear design, redesign, or engineering work (matched: supply-class PSC 1440), so it is tracked as a subcontract/competitive-intelligence lead rather than a prime fit.",Set-aside eligibility may limit prime feasibility,Check set-aside,No obvious vehicle restriction,Unknown — check Butler contract vehicles,Requires small-business set-aside eligibility.,Prime uncertain,Check whether Butler can qualify directly or should team with an eligible prime.,small business set aside,https://sam.gov/workspace/contract/opp/6d562ca0117947c6a1981e10b45b4632/view,"{'rel': 'self', 'href': 'https://api.sam.gov/prod/opportunities/v2/search?noticeid=6d562ca0117947c6a1981e10b45b4632&limit=1'}",Telephone: 7176055834,AMANDA.R.HAYWARD.CIV@US.NAVY.MIL,Primary NAICS 336415,Partial Refresh — Capacity Reached,High
Accepted,C,0,RFP / Solicitation,BRISTLE DISC,DEPT OF DEFENSE.DEPT OF THE NAVY.NAVSUP.NAVSUP WEAPON SYSTEMS SUPPORT.NAVSUP WSS MECHANICSBURG.NAVSUP WEAPON SYSTEMS SUPPORT MECH,,Solicitation,c2c030c5d13c4ed5ab7c4a8edb701352,N0010426QAD18,2026-09-28,31,336415,1440,Small Business Set Aside - Total,,Not stated,,"Relevant Butler intelligence or subcontract lead, but prime feasibility is limited. Matched: navy, navsup. Scope reads as hardware supply/manufacturing with no clear design, redesign, or engineering work (matched: supply-class PSC 1440), so it is tracked as a subcontract/competitive-intelligence lead rather than a prime fit.",Set-aside eligibility may limit prime feasibility,Check set-aside,No obvious vehicle restriction,Unknown — check Butler contract vehicles,Requires small-business set-aside eligibility.,Prime uncertain,Check whether Butler can qualify directly or should team with an eligible prime.,small business set aside,https://sam.gov/workspace/contract/opp/c2c030c5d13c4ed5ab7c4a8edb701352/view,"{'rel': 'self', 'href': 'https://api.sam.gov/prod/opportunities/v2/search?noticeid=c2c030c5d13c4ed5ab7c4a8edb701352&limit=1'}",Telephone: 7712294487,DREW.M.FINK.CIV@US.NAVY.MIL,Primary NAICS 336415,Partial Refresh — Capacity Reached,High
Accepted,C,3,RFP / Solicitation,"14--PANEL,STRUCTURAL,AI - AND OTHER REPLACEMENT PARTS",DEPT OF DEFENSE.DEPT OF THE NAVY.NAVSUP.NAVSUP WEAPON SYSTEMS SUPPORT.NAVSUP WSS PHILADELPHIA.NAVSUP WEAPON SYSTEMS SUPPORT,,Solicitation,6bebb884b5b14f35be44ac965efdcf3b,N0038326QNA74,2026-09-28,31,336419,1420,,,Not stated,,"Relevant Butler intelligence or subcontract lead, but prime feasibility is limited. Matched: navy, navsup. Scope reads as hardware supply/manufacturing with no clear design, redesign, or engineering work (matched: replacement parts, supply-class PSC 1420), so it is tracked as a subcontract/competitive-intelligence lead rather than a prime fit.",None identified,Possible subcontract lead,No obvious vehicle restriction,Not Applicable,No special eligibility found in SAM.gov fields.,Prime feasible,Monitor as a direct pursuit unless attachments indicate otherwise.,None detected,https://sam.gov/workspace/contract/opp/6bebb884b5b14f35be44ac965efdcf3b/view,"{'rel': 'self', 'href': 'https://api.sam.gov/prod/opportunities/v2/search?noticeid=6bebb884b5b14f35be44ac965efdcf3b&limit=1'}",Telephone: 2156792012,JAKE.KUCOWSKI.CIV@US.NAVY.MIL,Primary NAICS 336419,Partial Refresh — Capacity Reached,High
Accepted,A,10,RFP / Solicitation,"Repair of NIIN 011589678; NOMEN: BLADE,ROTARY RUDDER",DEPT OF DEFENSE.DEPT OF THE NAVY.NAVSUP.NAVSUP WEAPON SYSTEMS SUPPORT.NAVSUP WSS PHILADELPHIA.NAVSUP WEAPON SYSTEMS SUPPORT,,Solicitation,4610ec9cc5254e61bc3e4ce10fa0e830,N0038326QF168,2026-09-27,30,336413,1615,,UNITED STATES,Not stated,,"Direct match to Butler aerospace/defense engineering or sustainment capabilities. Matched: uas, mbe, navy, navsup. Attachment text was included in the screen.",None identified,Add to tracker,No obvious vehicle restriction,Not Applicable,No special eligibility found in SAM.gov fields.,Prime feasible,Monitor as a direct pursuit unless attachments indicate otherwise.,None detected,https://sam.gov/workspace/contract/opp/4610ec9cc5254e61bc3e4ce10fa0e830/view,"https://sam.gov/api/prod/opps/v3/opportunities/resources/files/6978db56c1954eb2bcb1c4876eb0ad92/download
{'rel': 'self', 'href': 'https://api.sam.gov/prod/opportunities/v2/search?noticeid=4610ec9cc5254e61bc3e4ce10fa0e830&limit=1'}",Anna Kiessling,anna.m.kiessling.civ@us.navy.mil,Primary NAICS 336413,Partial Refresh — Capacity Reached,High — attachment text read
Accepted,C,8,RFP / Solicitation,"Valve, Float, Aircraft","DEPT OF DEFENSE.DEFENSE LOGISTICS AGENCY.DLA AVIATION.DLA AVIATION OKLAHOMA CITY.DLA AVIATION AT OKLAHOMA CITY, OK",,Solicitation,513875a077374f97923fd4d5d88180ed,SPRTA1-26-Q-1945,2026-09-26,29,336412,2915,,UNITED STATES,Not stated,,"Relevant Butler intelligence or subcontract lead, but prime feasibility is limited. Matched: aircraft, dla aviation. Attachment text was included in the screen. Scope reads as hardware supply/manufacturing with no clear design, redesign, or engineering work (matched: supply-class PSC 2915), so it is tracked as a subcontract/competitive-intelligence lead rather than a prime fit.",None identified,Possible subcontract lead,No obvious vehicle restriction,Not Applicable,No special eligibility found in SAM.gov fields.,Prime feasible,Monitor as a direct pursuit unless attachments indicate otherwise.,None detected,https://sam.gov/workspace/contract/opp/513875a077374f97923fd4d5d88180ed/view,"https://sam.gov/api/prod/opps/v3/opportunities/resources/files/8dd5127c050a45e3b35d19b463db10b9/download
{'rel': 'self', 'href': 'https://api.sam.gov/prod/opportunities/v2/search?noticeid=513875a077374f97923fd4d5d88180ed&limit=1'}",Genevee Suba,genevee.suba@us.af.mil,Primary NAICS 336412,Partial Refresh — Capacity Reached,High — attachment text read
Accepted,C,3,RFP / Solicitation,Butterfly Valve,"DEPT OF DEFENSE.DEFENSE LOGISTICS AGENCY.DLA AVIATION.DLA AVIATION OKLAHOMA CITY.DLA AVIATION AT OKLAHOMA CITY, OK",,Solicitation,a7c02bda75a64766821df5f80e2de652,SPRTA1-26-Q-1989,2026-09-26,29,336413,4820,,UNITED STATES,Not stated,,"Relevant Butler intelligence or subcontract lead, but prime feasibility is limited. Matched: dla aviation. Attachment text was included in the screen. Scope reads as hardware supply/manufacturing with no clear design, redesign, or engineering work (matched: supply-class PSC 4820), so it is tracked as a subcontract/competitive-intelligence lead rather than a prime fit.",None identified,Possible subcontract lead,No obvious vehicle restriction,Not Applicable,No special eligibility found in SAM.gov fields.,Prime feasible,Monitor as a direct pursuit unless attachments indicate otherwise.,None detected,https://sam.gov/workspace/contract/opp/a7c02bda75a64766821df5f80e2de652/view,"https://sam.gov/api/prod/opps/v3/opportunities/resources/files/675d31ab910b455aa8dfee94396ee889/download
{'rel': 'self', 'href': 'https://api.sam.gov/prod/opportunities/v2/search?noticeid=a7c02bda75a64766821df5f80e2de652&limit=1'}",Genevee Suba,genevee.suba@us.af.mil,Primary NAICS 336413,Partial Refresh — Capacity Reached,High — attachment text read
Accepted,C,0,RFP / Solicitation,"Shroud, Segment, Turb","DEPT OF DEFENSE.DEFENSE LOGISTICS AGENCY.DLA AVIATION.DLA AVIATION OKLAHOMA CITY.DLA AVIATION AT OKLAHOMA CITY, OK",,Solicitation,0c69e5c4bba341be94d1c20be8bc14e4,SPRTA1-26-Q-1166,2026-09-25,28,336412,2840,Small Business Set Aside - Total,,Not stated,,"Relevant Butler intelligence or subcontract lead, but prime feasibility is limited. Matched: dla aviation. Attachment text was included in the screen. Scope reads as hardware supply/manufacturing with no clear design, redesign, or engineering work (matched: supply-class PSC 2840), so it is tracked as a subcontract/competitive-intelligence lead rather than a prime fit.",Set-aside eligibility may limit prime feasibility,Check set-aside,No obvious vehicle restriction,Unknown — check Butler contract vehicles,Requires small-business set-aside eligibility.,Prime uncertain,Check whether Butler can qualify directly or should team with an eligible prime.,small business set aside,https://sam.gov/workspace/contract/opp/0c69e5c4bba341be94d1c20be8bc14e4/view,"https://sam.gov/api/prod/opps/v3/opportunities/resources/files/f84f936da20c483bbe49e6644f3faba4/download
{'rel': 'self', 'href': 'https://api.sam.gov/prod/opportunities/v2/search?noticeid=0c69e5c4bba341be94d1c20be8bc14e4&limit=1'}",Jayson Skalla,jayson.skalla@us.af.mil,Primary NAICS 336412,Partial Refresh — Capacity Reached,High — attachment text read
Accepted,C,3,RFP / Solicitation,"Motor, Hydraulic","DEPT OF DEFENSE.DEFENSE LOGISTICS AGENCY.DLA AVIATION.DLA AVIATION OKLAHOMA CITY.DLA AVIATION AT OKLAHOMA CITY, OK",,Solicitation,edb253d54bc348a0b59868a03ba14da9,SPRTA1-26-R-0395,2026-09-25,28,336413,1650,No Set aside used,,Not stated,,"Relevant Butler intelligence or subcontract lead, but prime feasibility is limited. Matched: dla aviation. Attachment text was included in the screen. Scope reads as hardware supply/manufacturing with no clear design, redesign, or engineering work (matched: supply-class PSC 1650), so it is tracked as a subcontract/competitive-intelligence lead rather than a prime fit.",None identified,Possible subcontract lead,No obvious vehicle restriction,Not Applicable,No special eligibility found in SAM.gov fields.,Prime feasible,Monitor as a direct pursuit unless attachments indicate otherwise.,None detected,https://sam.gov/workspace/contract/opp/edb253d54bc348a0b59868a03ba14da9/view,"https://sam.gov/api/prod/opps/v3/opportunities/resources/files/5dee3fb705784c71996dba4e90bb2cb7/download
{'rel': 'self', 'href': 'https://api.sam.gov/prod/opportunities/v2/search?noticeid=edb253d54bc348a0b59868a03ba14da9&limit=1'}",Howard Heflin,howard.heflin@us.af.mil,Primary NAICS 336413,Partial Refresh — Capacity Reached,High — attachment text read
Accepted,C,8,RFP / Solicitation,"DOOR,AIRCRAFT","DEPT OF DEFENSE.DEFENSE LOGISTICS AGENCY.DLA AVIATION.DLA AVIATION PHILADELPHIA.DLA AVIATION AT PHILADELPHIA, PA",,Solicitation,d506eae6f8bc4b6d86208f7f9ec47046,SPRPA126QZB89,2026-09-25,28,336413,1560,,,Not stated,,"Relevant Butler intelligence or subcontract lead, but prime feasibility is limited. Matched: aircraft, dla aviation. Scope reads as hardware supply/manufacturing with no clear design, redesign, or engineering work (matched: supply-class PSC 1560), so it is tracked as a subcontract/competitive-intelligence lead rather than a prime fit.",None identified,Possible subcontract lead,No obvious vehicle restriction,Not Applicable,No special eligibility found in SAM.gov fields.,Prime feasible,Monitor as a direct pursuit unless attachments indicate otherwise.,None detected,https://sam.gov/workspace/contract/opp/d506eae6f8bc4b6d86208f7f9ec47046/view,"{'rel': 'self', 'href': 'https://api.sam.gov/prod/opportunities/v2/search?noticeid=d506eae6f8bc4b6d86208f7f9ec47046&limit=1'}",Telephone: 2157376795,BRIAN.BLANCO@DLA.MIL,Primary NAICS 336413,Partial Refresh — Capacity Reached,High
Accepted,C,3,RFP / Solicitation,"16--PANEL ASSY,NO.TWO,A",DEPT OF DEFENSE.DEPT OF THE NAVY.NAVSUP.NAVSUP WEAPON SYSTEMS SUPPORT.NAVSUP WSS PHILADELPHIA.NAVSUP WEAPON SYSTEMS SUPPORT,,Solicitation,b19d1655212b4529ad1c1d4017d3d75f,N0038326QNA60,2026-09-25,28,336413,1680,,,Not stated,,"Relevant Butler intelligence or subcontract lead, but prime feasibility is limited. Matched: navy, navsup. Scope reads as hardware supply/manufacturing with no clear design, redesign, or engineering work (matched: supply-class PSC 1680), so it is tracked as a subcontract/competitive-intelligence lead rather than a prime fit.",None identified,Possible subcontract lead,No obvious vehicle restriction,Not Applicable,No special eligibility found in SAM.gov fields.,Prime feasible,Monitor as a direct pursuit unless attachments indicate otherwise.,None detected,https://sam.gov/workspace/contract/opp/b19d1655212b4529ad1c1d4017d3d75f/view,"{'rel': 'self', 'href': 'https://api.sam.gov/prod/opportunities/v2/search?noticeid=b19d1655212b4529ad1c1d4017d3d75f&limit=1'}",Telephone: 2156792012,JAKE.KUCOWSKI.CIV@US.NAVY.MIL,Primary NAICS 336413,Partial Refresh — Capacity Reached,High
Accepted,C,3,RFP / Solicitation,BELL CRANK,"DEPT OF DEFENSE.DEFENSE LOGISTICS AGENCY.DLA AVIATION.DLA AVIATION PHILADELPHIA.DLA AVIATION AT PHILADELPHIA, PA",,Solicitation,a3b5bd313696473991d5f7098f74c656,SPRPA126QZB90,2026-09-25,28,336413,1680,,,Not stated,,"Relevant Butler intelligence or subcontract lead, but prime feasibility is limited. Matched: dla aviation. Scope reads as hardware supply/manufacturing with no clear design, redesign, or engineering work (matched: supply-class PSC 1680), so it is tracked as a subcontract/competitive-intelligence lead rather than a prime fit.",None identified,Possible subcontract lead,No obvious vehicle restriction,Not Applicable,No special eligibility found in SAM.gov fields.,Prime feasible,Monitor as a direct pursuit unless attachments indicate otherwise.,None detected,https://sam.gov/workspace/contract/opp/a3b5bd313696473991d5f7098f74c656/view,"{'rel': 'self', 'href': 'https://api.sam.gov/prod/opportunities/v2/search?noticeid=a3b5bd313696473991d5f7098f74c656&limit=1'}",Telephone: 2157376795,BRIAN.BLANCO@DLA.MIL,Primary NAICS 336413,Partial Refresh — Capacity Reached,High
Accepted,C,3,RFP / Solicitation,CONTROL DISPLAY UNI,"DEPT OF DEFENSE.DEFENSE LOGISTICS AGENCY.DLA AVIATION.DLA AVIATION PHILADELPHIA.DLA AVIATION AT PHILADELPHIA, PA",,Solicitation,a27da244db2341d28c08d67f0b618f64,SPRPA126QZB91,2026-09-25,28,336413,1680,,,Not stated,,"Relevant Butler intelligence or subcontract lead, but prime feasibility is limited. Matched: dla aviation. Scope reads as hardware supply/manufacturing with no clear design, redesign, or engineering work (matched: supply-class PSC 1680), so it is tracked as a subcontract/competitive-intelligence lead rather than a prime fit.",None identified,Possible subcontract lead,No obvious vehicle restriction,Not Applicable,No special eligibility found in SAM.gov fields.,Prime feasible,Monitor as a direct pursuit unless attachments indicate otherwise.,None detected,https://sam.gov/workspace/contract/opp/a27da244db2341d28c08d67f0b618f64/view,"{'rel': 'self', 'href': 'https://api.sam.gov/prod/opportunities/v2/search?noticeid=a27da244db2341d28c08d67f0b618f64&limit=1'}",Telephone: 2157376795,BRIAN.BLANCO@DLA.MIL,Primary NAICS 336413,Partial Refresh — Capacity Reached,High
Accepted,C,3,RFP / Solicitation,"Actuator, Electro-Mechanical","DEPT OF DEFENSE.DEFENSE LOGISTICS AGENCY.DLA AVIATION.DLA AVIATION OKLAHOMA CITY.DLA AVIATION AT OKLAHOMA CITY, OK",,Solicitation,3d78ddc1a43a41d9b063641c2c498ee3,SPRTA1-26-Q-0450,2026-09-25,28,336413,1680,No Set aside used,,Not stated,,"Relevant Butler intelligence or subcontract lead, but prime feasibility is limited. Matched: dla aviation. Attachment text was included in the screen. Scope reads as hardware supply/manufacturing with no clear design, redesign, or engineering work (matched: supply-class PSC 1680), so it is tracked as a subcontract/competitive-intelligence lead rather than a prime fit.",None identified,Possible subcontract lead,No obvious vehicle restriction,Not Applicable,No special eligibility found in SAM.gov fields.,Prime feasible,Monitor as a direct pursuit unless attachments indicate otherwise.,None detected,https://sam.gov/workspace/contract/opp/3d78ddc1a43a41d9b063641c2c498ee3/view,"https://sam.gov/api/prod/opps/v3/opportunities/resources/files/23722db452a54a358a40a23f507b3de8/download
{'rel': 'self', 'href': 'https://api.sam.gov/prod/opportunities/v2/search?noticeid=3d78ddc1a43a41d9b063641c2c498ee3&limit=1'}",Howard Heflin,howard.heflin@us.af.mil,Primary NAICS 336413,Partial Refresh — Capacity Reached,High — attachment text read
Accepted,C,3,RFP / Solicitation,"PANEL ASSY,COOLING,","DEPT OF DEFENSE.DEFENSE LOGISTICS AGENCY.DLA AVIATION.DLA AVIATION PHILADELPHIA.DLA AVIATION AT PHILADELPHIA, PA",,Solicitation,1259749b67bc47c085247c63737eaa92,SPRPA126QWB69,2026-09-25,28,336413,1680,,,Not stated,,"Relevant Butler intelligence or subcontract lead, but prime feasibility is limited. Matched: dla aviation. Scope reads as hardware supply/manufacturing with no clear design, redesign, or engineering work (matched: supply-class PSC 1680), so it is tracked as a subcontract/competitive-intelligence lead rather than a prime fit.",None identified,Possible subcontract lead,No obvious vehicle restriction,Not Applicable,No special eligibility found in SAM.gov fields.,Prime feasible,Monitor as a direct pursuit unless attachments indicate otherwise.,None detected,https://sam.gov/workspace/contract/opp/1259749b67bc47c085247c63737eaa92/view,"{'rel': 'self', 'href': 'https://api.sam.gov/prod/opportunities/v2/search?noticeid=1259749b67bc47c085247c63737eaa92&limit=1'}",Telephone: 2157373475,MADISON.BONSALL@DLA.MIL,Primary NAICS 336413,Partial Refresh — Capacity Reached,High
Accepted,C,8,RFP / Solicitation,"DOOR,AIRCRAFT","DEPT OF DEFENSE.DEFENSE LOGISTICS AGENCY.DLA AVIATION.DLA AVIATION PHILADELPHIA.DLA AVIATION AT PHILADELPHIA, PA",,Solicitation,034bc3729a47404586300db6f981ca8c,SPRPA126QZB88,2026-09-25,28,336413,1560,,,Not stated,,"Relevant Butler intelligence or subcontract lead, but prime feasibility is limited. Matched: aircraft, dla aviation. Scope reads as hardware supply/manufacturing with no clear design, redesign, or engineering work (matched: supply-class PSC 1560), so it is tracked as a subcontract/competitive-intelligence lead rather than a prime fit.",None identified,Possible subcontract lead,No obvious vehicle restriction,Not Applicable,No special eligibility found in SAM.gov fields.,Prime feasible,Monitor as a direct pursuit unless attachments indicate otherwise.,None detected,https://sam.gov/workspace/contract/opp/034bc3729a47404586300db6f981ca8c/view,"{'rel': 'self', 'href': 'https://api.sam.gov/prod/opportunities/v2/search?noticeid=034bc3729a47404586300db6f981ca8c&limit=1'}",Telephone: 2157376795,BRIAN.BLANCO@DLA.MIL,Primary NAICS 336413,Partial Refresh — Capacity Reached,High
Accepted,C,3,RFP / Solicitation,Solicitation for FMS BUY QTY 6 1RM 1680 015612487 E7,DEPT OF DEFENSE.DEPT OF THE NAVY.NAVSUP.NAVSUP WEAPON SYSTEMS SUPPORT.NAVSUP WSS PHILADELPHIA.NAVSUP WEAPON SYSTEMS SUPPORT,,Solicitation,c29efdbe238b4f7885b9b1a6887d57a5,N00383-26-Q-DA29,2026-09-25,28,336413,1680,,"Philadelphia, Pennsylvania, UNITED STATES",Not stated,,"Relevant Butler intelligence or subcontract lead, but prime feasibility is limited. Matched: navy, navsup. Scope reads as hardware supply/manufacturing with no clear design, redesign, or engineering work (matched: supply-class PSC 1680), so it is tracked as a subcontract/competitive-intelligence lead rather than a prime fit.",None identified,Possible subcontract lead,No obvious vehicle restriction,Not Applicable,No special eligibility found in SAM.gov fields.,Prime feasible,Monitor as a direct pursuit unless attachments indicate otherwise.,None detected,https://sam.gov/workspace/contract/opp/c29efdbe238b4f7885b9b1a6887d57a5/view,"{'rel': 'self', 'href': 'https://api.sam.gov/prod/opportunities/v2/search?noticeid=c29efdbe238b4f7885b9b1a6887d57a5&limit=1'}",Lara Szott 2156973473,lara.l.szott.civ@us.navy.mil,Primary NAICS 336413,Partial Refresh — Capacity Reached,High
Accepted,C,3,RFP / Solicitation,"Reeling Machine, Air N0038326RB065",DEPT OF DEFENSE.DEPT OF THE NAVY.NAVSUP.NAVSUP WEAPON SYSTEMS SUPPORT.NAVSUP WSS PHILADELPHIA.NAVSUP WEAPON SYSTEMS SUPPORT,,Solicitation,66a4a353f8134e21bb1501add58f071e,N0038326RB065,2026-09-25,28,336413,1680,,"Philadelphia, Pennsylvania, UNITED STATES",Not stated,,"Relevant Butler intelligence or subcontract lead, but prime feasibility is limited. Matched: navy, navsup. Scope reads as hardware supply/manufacturing with no clear design, redesign, or engineering work (matched: supply-class PSC 1680), so it is tracked as a subcontract/competitive-intelligence lead rather than a prime fit.",None identified,Possible subcontract lead,No obvious vehicle restriction,Not Applicable,No special eligibility found in SAM.gov fields.,Prime feasible,Monitor as a direct pursuit unless attachments indicate otherwise.,None detected,https://sam.gov/workspace/contract/opp/66a4a353f8134e21bb1501add58f071e/view,"{'rel': 'self', 'href': 'https://api.sam.gov/prod/opportunities/v2/search?noticeid=66a4a353f8134e21bb1501add58f071e&limit=1'}","BRIAN C. FURNESS, N733.21, PHONE (215)697-2000, EMAIL BRIAN.C.FURNESS.CIV@US.NAVY.MIL",BRIAN.C.FURNESS.CIV@US.NAVY.MIL,Primary NAICS 336413,Partial Refresh — Capacity Reached,High
Accepted,C,5,RFP / Solicitation,"Adapter, Hellfire Missile (Upper) and Adapter, Hellfire Missile (Lower)",DEPT OF DEFENSE.DEPT OF THE NAVY.NAVAIR.NAVAIR NAWC AD.NAVAIR WARFARE CTR AIRCRAFT DIV,,Solicitation,0282e1c056a04dda95c626f51101fe97,N6833526Q1186,2026-09-25,28,336419,1450,Small Business Set Aside - Total,,Not stated,,"Relevant Butler intelligence or subcontract lead, but prime feasibility is limited. Matched: missile, navy, navair, nawc. Attachment text was included in the screen. Scope reads as hardware supply/manufacturing with no clear design, redesign, or engineering work (matched: supply-class PSC 1450), so it is tracked as a subcontract/competitive-intelligence lead rather than a prime fit.",Set-aside eligibility may limit prime feasibility,Check set-aside,No obvious vehicle restriction,Unknown — check Butler contract vehicles,Requires small-business set-aside eligibility.,Prime uncertain,Check whether Butler can qualify directly or should team with an eligible prime.,small business set aside,https://sam.gov/workspace/contract/opp/0282e1c056a04dda95c626f51101fe97/view,"https://sam.gov/api/prod/opps/v3/opportunities/resources/files/a9465f7679cd4b66ba8a35196683abe0/download
{'rel': 'self', 'href': 'https://api.sam.gov/prod/opportunities/v2/search?noticeid=0282e1c056a04dda95c626f51101fe97&limit=1'}",Juan Carlos Belmonte,juancarlos.r.belmonte.civ@us.navy.mil,Primary NAICS 336419,Partial Refresh — Capacity Reached,High — attachment text read
Accepted,C,5,RFP / Solicitation,Blanket Purchase Agreement - Sample Testing,DEPT OF DEFENSE.DEPT OF THE ARMY.US ARMY CORPS OF ENGINEERS.ENGINEER DIVISION NORTHWESTERN.ENDIST PORTLAND.W071 ENDIST PORTLAND,,Solicitation,dd02da563a5142c8b833b481db5df142,W9127N26QA092,2026-09-25,28,541380,H256,Small Business Set Aside - Total,"Portland, Oregon, UNITED STATES",Not stated,,"Relevant Butler intelligence or subcontract lead, but prime feasibility is limited. Matched: testing, army. Attachment text was included in the screen.",Set-aside eligibility may limit prime feasibility,Check set-aside,No obvious vehicle restriction,Unknown — check Butler contract vehicles,Requires small-business set-aside eligibility.,Prime uncertain,Check whether Butler can qualify directly or should team with an eligible prime.,small business set aside,https://sam.gov/workspace/contract/opp/dd02da563a5142c8b833b481db5df142/view,"https://sam.gov/api/prod/opps/v3/opportunities/resources/files/05dcab02c0ae4284bff5a60cc1002b63/download
https://sam.gov/api/prod/opps/v3/opportunities/resources/files/0b530e5a92904404b94918922da3d698/download
https://sam.gov/api/prod/opps/v3/opportunities/resources/files/378ae00e862c495094625d58b48ca709/download
https://sam.gov/api/prod/opps/v3/opportunities/resources/files/3825e02cdee549d7aab4b1953b041057/download
https://sam.gov/api/prod/opps/v3/opportunities/resources/files/3a3950378c654a71abede8488aedded4/download
https://sam.gov/api/prod/opps/v3/opportunities/resources/files/87c1ec8ae043436381103c4810e1e3e0/download
https://sam.gov/api/prod/opps/v3/opportunities/resources/files/8e9933ce6ea746f48e4aaef5b82127a4/download
https://sam.gov/api/prod/opps/v3/opportunities/resources/files/98a75fc425ce4a38ab5914aea034748d/download
{'rel': 'self', 'href': 'https://api.sam.gov/prod/opportunities/v2/search?noticeid=dd02da563a5142c8b833b481db5df142&limit=1'}",Jessica Manley,jessica.manley@usace.army.mil,Primary NAICS 541380,Partial Refresh — Capacity Reached,High — attachment text read
Accepted,C,5,RFP / Solicitation,"Solicitation Amendment 0001: N6660426R31060001 Code 45 Technical Engineering, Survivability, Testing, and Environmental Qualification Testing (EQT) Design (TESTED) Services",DEPT OF DEFENSE.DEPT OF THE NAVY.NAVSEA.NAVSEA WARFARE CENTER.NUWC DIV NEWPORT,,Solicitation,1c4dc14a544e4f34a3858bebaf246276,N6660426R3106,2026-09-24,27,541330,AC33,Small Business Set Aside - Total,,Not stated,,"Relevant Butler intelligence or subcontract lead, but prime feasibility is limited. Matched: testing, navy, navsea, nuwc.",Set-aside eligibility may limit prime feasibility,Check set-aside,No obvious vehicle restriction,Unknown — check Butler contract vehicles,Requires small-business set-aside eligibility.,Prime uncertain,Check whether Butler can qualify directly or should team with an eligible prime.,small business set aside,https://sam.gov/workspace/contract/opp/1c4dc14a544e4f34a3858bebaf246276/view,"{'rel': 'self', 'href': 'https://api.sam.gov/prod/opportunities/v2/search?noticeid=1c4dc14a544e4f34a3858bebaf246276&limit=1'}",Madison Rowland,madison.b.rowland.civ@us.navy.mil,Primary NAICS 541330,Partial Refresh — Capacity Reached,High
Accepted,C,3,RFP / Solicitation,513 CVN MCS Seaport  ,DEPT OF DEFENSE.DEPT OF THE NAVY.NAVSEA.NAVSEA WARFARE CENTER.NSWC PHILADELPHIA DIV,,Solicitation,fcf3a631b4884f70ad3a01652dac0e7a,N6449826R3105,2026-09-24,27,541330,R425,,,Not stated,,"Relevant Butler intelligence or subcontract lead, but prime feasibility is limited. Matched: navy, navsea, nswc.",None identified,Possible subcontract lead,No obvious vehicle restriction,Not Applicable,No special eligibility found in SAM.gov fields.,Prime feasible,Monitor as a direct pursuit unless attachments indicate otherwise.,None detected,https://sam.gov/workspace/contract/opp/fcf3a631b4884f70ad3a01652dac0e7a/view,"{'rel': 'self', 'href': 'https://api.sam.gov/prod/opportunities/v2/search?noticeid=fcf3a631b4884f70ad3a01652dac0e7a&limit=1'}",WILLIAM DEVITO,william.j.devito8.civ@us.navy.mil,Primary NAICS 541330,Partial Refresh — Capacity Reached,High
Accepted,C,3,RFP / Solicitation,SPRTA1-26-R-0294 (NSN:2840-01-278-3281),"DEPT OF DEFENSE.DEFENSE LOGISTICS AGENCY.DLA AVIATION.DLA AVIATION OKLAHOMA CITY.DLA AVIATION AT OKLAHOMA CITY, OK",,Solicitation,b1a43edf40914eebb3be0b89990200af,SPRTA126R0294,2026-09-24,27,336412,2840,No Set aside used,,Not stated,,"Relevant Butler intelligence or subcontract lead, but prime feasibility is limited. Matched: dla aviation. Attachment text was included in the screen. Scope reads as hardware supply/manufacturing with no clear design, redesign, or engineering work (matched: nsn, supply-class PSC 2840), so it is tracked as a subcontract/competitive-intelligence lead rather than a prime fit.",None identified,Possible subcontract lead,No obvious vehicle restriction,Not Applicable,No special eligibility found in SAM.gov fields.,Prime feasible,Monitor as a direct pursuit unless attachments indicate otherwise.,None detected,https://sam.gov/workspace/contract/opp/b1a43edf40914eebb3be0b89990200af/view,"https://sam.gov/api/prod/opps/v3/opportunities/resources/files/76230e22fd5241ed8f8602f8312c90c3/download
{'rel': 'self', 'href': 'https://api.sam.gov/prod/opportunities/v2/search?noticeid=b1a43edf40914eebb3be0b89990200af&limit=1'}",Alson Dacalio,alson.dacalio@us.af.mil,Primary NAICS 336412,Partial Refresh — Capacity Reached,High — attachment text read
Accepted,C,3,RFP / Solicitation,Valve Assembly,"DEPT OF DEFENSE.DEFENSE LOGISTICS AGENCY.DLA AVIATION.DLA AVIATION OKLAHOMA CITY.DLA AVIATION AT OKLAHOMA CITY, OK",,Solicitation,5707c39b7bb9499ba25021e6feb91865,SPRTA1-26-Q-0854,2026-09-24,27,336412,2915,,,Not stated,,"Relevant Butler intelligence or subcontract lead, but prime feasibility is limited. Matched: dla aviation. Attachment text was included in the screen. Scope reads as hardware supply/manufacturing with no clear design, redesign, or engineering work (matched: supply-class PSC 2915), so it is tracked as a subcontract/competitive-intelligence lead rather than a prime fit.",None identified,Possible subcontract lead,No obvious vehicle restriction,Not Applicable,No special eligibility found in SAM.gov fields.,Prime feasible,Monitor as a direct pursuit unless attachments indicate otherwise.,None detected,https://sam.gov/workspace/contract/opp/5707c39b7bb9499ba25021e6feb91865/view,"https://sam.gov/api/prod/opps/v3/opportunities/resources/files/253ac022828e437b892694aeec86add5/download
{'rel': 'self', 'href': 'https://api.sam.gov/prod/opportunities/v2/search?noticeid=5707c39b7bb9499ba25021e6feb91865&limit=1'}",Jayson Skalla,jayson.skalla@us.af.mil,Primary NAICS 336412,Partial Refresh — Capacity Reached,High — attachment text read
Accepted,C,3,RFP / Solicitation,LCAC 100 Propeller Telemetry System,DEPT OF DEFENSE.DEPT OF THE NAVY.NAVSEA.NAVSEA WARFARE CENTER.NAVAL SURFACE WARFARE CENTER,,Solicitation,aa89ef8e42ca4be9aff428e638b011cc,N6133126R0001,2026-09-24,27,336413,1520,,,Not stated,,"Relevant Butler intelligence or subcontract lead, but prime feasibility is limited. Matched: navy, navsea. Scope reads as hardware supply/manufacturing with no clear design, redesign, or engineering work (matched: supply-class PSC 1520), so it is tracked as a subcontract/competitive-intelligence lead rather than a prime fit.",None identified,Possible subcontract lead,No obvious vehicle restriction,Not Applicable,No special eligibility found in SAM.gov fields.,Prime feasible,Monitor as a direct pursuit unless attachments indicate otherwise.,None detected,https://sam.gov/workspace/contract/opp/aa89ef8e42ca4be9aff428e638b011cc/view,"{'rel': 'self', 'href': 'https://api.sam.gov/prod/opportunities/v2/search?noticeid=aa89ef8e42ca4be9aff428e638b011cc&limit=1'}",Jacob Gabreleski,jacob.j.gabreleski.civ@us.navy.mil,Primary NAICS 336413,Partial Refresh — Capacity Reached,High
Accepted,C,3,RFP / Solicitation,"16--NRP,FLWR PILLOW BLO",DEPT OF DEFENSE.DEPT OF THE NAVY.NAVSUP.NAVSUP WEAPON SYSTEMS SUPPORT.NAVSUP WSS PHILADELPHIA.NAVSUP WEAPON SYSTEMS SUPPORT,,Solicitation,13902d3adfe34d45b042b41e921ac4a6,N0038326QLA57,2026-09-24,27,336413,1680,,,Not stated,,"Relevant Butler intelligence or subcontract lead, but prime feasibility is limited. Matched: navy, navsup. Attachment text was included in the screen. Scope reads as hardware supply/manufacturing with no clear design, redesign, or engineering work (matched: supply-class PSC 1680), so it is tracked as a subcontract/competitive-intelligence lead rather than a prime fit.",None identified,Possible subcontract lead,No obvious vehicle restriction,Not Applicable,No special eligibility found in SAM.gov fields.,Prime feasible,Monitor as a direct pursuit unless attachments indicate otherwise.,None detected,https://sam.gov/workspace/contract/opp/13902d3adfe34d45b042b41e921ac4a6/view,"https://sam.gov/api/prod/opps/v3/opportunities/resources/files/5568819011c1455a8fdab6cfee635744/download
{'rel': 'self', 'href': 'https://api.sam.gov/prod/opportunities/v2/search?noticeid=13902d3adfe34d45b042b41e921ac4a6&limit=1'}",Telephone: 2156976549,KATLYN.M.GALETTO.CIV@US.NAVY.MIL,Primary NAICS 336413,Partial Refresh — Capacity Reached,High — attachment text read
Accepted,C,3,RFP / Solicitation,"Valve Assembly, Hydr","DEPT OF DEFENSE.DEFENSE LOGISTICS AGENCY.DLA AVIATION.DLA AVIATION OKLAHOMA CITY.DLA AVIATION AT OKLAHOMA CITY, OK",,Solicitation,cc07e3721340455b840083447485a317,SPRTA1-26-Q-0444,2026-09-24,27,336413,1650,No Set aside used,,Not stated,,"Relevant Butler intelligence or subcontract lead, but prime feasibility is limited. Matched: dla aviation. Attachment text was included in the screen. Scope reads as hardware supply/manufacturing with no clear design, redesign, or engineering work (matched: supply-class PSC 1650), so it is tracked as a subcontract/competitive-intelligence lead rather than a prime fit.",None identified,Possible subcontract lead,No obvious vehicle restriction,Not Applicable,No special eligibility found in SAM.gov fields.,Prime feasible,Monitor as a direct pursuit unless attachments indicate otherwise.,None detected,https://sam.gov/workspace/contract/opp/cc07e3721340455b840083447485a317/view,"https://sam.gov/api/prod/opps/v3/opportunities/resources/files/74c7076b922b48f5b4b17d07f0d12859/download
{'rel': 'self', 'href': 'https://api.sam.gov/prod/opportunities/v2/search?noticeid=cc07e3721340455b840083447485a317&limit=1'}",Micah Miller,micah.miller.5@us.af.mil,Primary NAICS 336413,Partial Refresh — Capacity Reached,High — attachment text read
Accepted,C,-2,Special Notice,Support Assembly,"HOMELAND SECURITY, DEPARTMENT OF.US COAST GUARD.AVIATION LOGISTICS CENTER (ALC)(00038)",,Special Notice,ae80f38d294648c387b086d6c8b9db2c,70Z03826QJ0000335,2026-09-24,27,336413,1615,,,Not stated,,"Relevant Butler intelligence or subcontract lead, but prime feasibility is limited. Attachment text was included in the screen. Scope reads as hardware supply/manufacturing with no clear design, redesign, or engineering work (matched: supply-class PSC 1615), so it is tracked as a subcontract/competitive-intelligence lead rather than a prime fit.",None identified,Possible subcontract lead,No obvious vehicle restriction,Not Applicable,No special eligibility found in SAM.gov fields.,Prime feasible,Monitor as a direct pursuit unless attachments indicate otherwise.,None detected,https://sam.gov/workspace/contract/opp/ae80f38d294648c387b086d6c8b9db2c/view,"https://sam.gov/api/prod/opps/v3/opportunities/resources/files/18ccfe5d9ee14c6b96cfa5ed244d9709/download
https://sam.gov/api/prod/opps/v3/opportunities/resources/files/a1878c0212824bb18bafce9ea0a0d439/download
{'rel': 'self', 'href': 'https://api.sam.gov/prod/opportunities/v2/search?noticeid=ae80f38d294648c387b086d6c8b9db2c&limit=1'}",Dempsey Teachey,Dempsey.L.Teachey@uscg.mil,Primary NAICS 336413,Partial Refresh — Capacity Reached,High — attachment text read
Accepted,C,3,Sources Sought / RFI,Compressor Housing,"DEPT OF DEFENSE.DEFENSE LOGISTICS AGENCY.DLA AVIATION.DLA AVIATION OKLAHOMA CITY.DLA AVIATION AT OKLAHOMA CITY, OK",,Sources Sought,9bfe707c818a40f9a0d93a06b719cc3b,FD20302601035,2026-09-24,27,336413,1660,No Set aside used,UNITED STATES,Not stated,,"Relevant Butler intelligence or subcontract lead, but prime feasibility is limited. Matched: dla aviation. Attachment text was included in the screen. Scope reads as hardware supply/manufacturing with no clear design, redesign, or engineering work (matched: supply-class PSC 1660), so it is tracked as a subcontract/competitive-intelligence lead rather than a prime fit.",None identified,Possible subcontract lead,No obvious vehicle restriction,Not Applicable,No special eligibility found in SAM.gov fields.,Prime feasible,Monitor as a direct pursuit unless attachments indicate otherwise.,None detected,https://sam.gov/workspace/contract/opp/9bfe707c818a40f9a0d93a06b719cc3b/view,"https://sam.gov/api/prod/opps/v3/opportunities/resources/files/7ccecbf994e54b93b36e4c926fbaad63/download
{'rel': 'self', 'href': 'https://api.sam.gov/prod/opportunities/v2/search?noticeid=9bfe707c818a40f9a0d93a06b719cc3b&limit=1'}",423 Workflow,423scms.guea.workflow@us.af.mil,Primary NAICS 336413,Partial Refresh — Capacity Reached,High — attachment text read
Accepted,C,3,RFP / Solicitation,"FMS, QTY 2, NIIN 016460641",DEPT OF DEFENSE.DEPT OF THE NAVY.NAVSUP.NAVSUP WEAPON SYSTEMS SUPPORT.NAVSUP WSS PHILADELPHIA.NAVSUP WEAPON SYSTEMS SUPPORT,,Solicitation,6e3433a3b5534b6485f12673d5eda675,N0038326QM076,2026-09-24,27,336413,1680,,"45080, Florida, UNITED STATES",Not stated,,"Relevant Butler intelligence or subcontract lead, but prime feasibility is limited. Matched: navy, navsup. Attachment text was included in the screen. Scope reads as hardware supply/manufacturing with no clear design, redesign, or engineering work (matched: supply-class PSC 1680), so it is tracked as a subcontract/competitive-intelligence lead rather than a prime fit.",Set-aside eligibility may limit prime feasibility,Check set-aside,No obvious vehicle restriction,Unknown — check Butler contract vehicles,Requires small-business set-aside eligibility.,Prime uncertain,Check whether Butler can qualify directly or should team with an eligible prime.,small business set-aside,https://sam.gov/workspace/contract/opp/6e3433a3b5534b6485f12673d5eda675/view,"https://sam.gov/api/prod/opps/v3/opportunities/resources/files/19114b8af8d7434480398f2bacb51a42/download
{'rel': 'self', 'href': 'https://api.sam.gov/prod/opportunities/v2/search?noticeid=6e3433a3b5534b6485f12673d5eda675&limit=1'}",TARA B. KUPPERSTEIN,TARA.B.KUPPERSTEIN.CIV@US.NAVY.MIL,Primary NAICS 336413,Partial Refresh — Capacity Reached,High — attachment text read
Accepted,C,5,Special Notice,"Fairing, Aircraft","HOMELAND SECURITY, DEPARTMENT OF.US COAST GUARD.AVIATION LOGISTICS CENTER (ALC)(00038)",,Special Notice,208cb3694e824c15a7f566936cb48185,70Z03826QJ0000178,2026-09-24,27,336413,1560,,,Not stated,,"Relevant Butler intelligence or subcontract lead, but prime feasibility is limited. Matched: aircraft. Attachment text was included in the screen. Scope reads as hardware supply/manufacturing with no clear design, redesign, or engineering work (matched: supply-class PSC 1560), so it is tracked as a subcontract/competitive-intelligence lead rather than a prime fit.",None identified,Possible subcontract lead,No obvious vehicle restriction,Not Applicable,No special eligibility found in SAM.gov fields.,Prime feasible,Monitor as a direct pursuit unless attachments indicate otherwise.,None detected,https://sam.gov/workspace/contract/opp/208cb3694e824c15a7f566936cb48185/view,"https://sam.gov/api/prod/opps/v3/opportunities/resources/files/2ef16150999a42e991fff3c1d3436681/download
https://sam.gov/api/prod/opps/v3/opportunities/resources/files/c7216aaf6fb645dd95141228f3036cee/download
{'rel': 'self', 'href': 'https://api.sam.gov/prod/opportunities/v2/search?noticeid=208cb3694e824c15a7f566936cb48185&limit=1'}",Austin Ivins,Austin.R.Ivins@uscg.mil,Primary NAICS 336413,Partial Refresh — Capacity Reached,High — attachment text read
Accepted,C,0,RFP / Solicitation,Hydraulic Power Unit,DEPT OF DEFENSE.DEPT OF THE ARMY.NATIONAL GUARD BUREAU.JFHQ USPFO CO.USPFO CO PROCUREMENT.W7MY USPFO ACTIVITY CO ARNG,,Solicitation,92f7e773aab54bd28ad52e25e6ae5fab,W912LC26Q0048,2026-09-22,25,336413,1650,Small Business Set Aside - Total,,Not stated,,"Relevant Butler intelligence or subcontract lead, but prime feasibility is limited. Matched: army. Scope reads as hardware supply/manufacturing with no clear design, redesign, or engineering work (matched: supply-class PSC 1650), so it is tracked as a subcontract/competitive-intelligence lead rather than a prime fit.",Set-aside eligibility may limit prime feasibility,Check set-aside,No obvious vehicle restriction,Unknown — check Butler contract vehicles,Requires small-business set-aside eligibility.,Prime uncertain,Check whether Butler can qualify directly or should team with an eligible prime.,small business set aside,https://sam.gov/workspace/contract/opp/92f7e773aab54bd28ad52e25e6ae5fab/view,"{'rel': 'self', 'href': 'https://api.sam.gov/prod/opportunities/v2/search?noticeid=92f7e773aab54bd28ad52e25e6ae5fab&limit=1'}",Michael Furtney,michael.b.furtney.civ@army.mil,Primary NAICS 336413,Partial Refresh — Capacity Reached,High
Accepted,C,3,RFP / Solicitation,Synthetic Training Environment (STE) Virtual Software (VSW),DEPT OF DEFENSE.DEPT OF THE ARMY.AMC.ACC.ACC-CTRS.ACC-APG.W6QK ACC-APG-ORLANDO,,Solicitation,6229ddf1581a419196e97e427d117ab6,STE-VSW-26-0006,2026-09-21,24,541715,6910,No Set aside used,"Orlando, Florida, UNITED STATES",Not stated,,"Relevant Butler intelligence or subcontract lead, but prime feasibility is limited. Matched: army. Attachment text was included in the screen. Scope reads as hardware supply/manufacturing with no clear design, redesign, or engineering work (matched: supply-class PSC 6910), so it is tracked as a subcontract/competitive-intelligence lead rather than a prime fit.",None identified,Possible subcontract lead,No obvious vehicle restriction,Not Applicable,No special eligibility found in SAM.gov fields.,Prime feasible,Monitor as a direct pursuit unless attachments indicate otherwise.,None detected,https://sam.gov/workspace/contract/opp/6229ddf1581a419196e97e427d117ab6/view,"https://sam.gov/api/prod/opps/v3/opportunities/resources/files/1de05c673946416d9ca1e87857cb466e/download
https://sam.gov/api/prod/opps/v3/opportunities/resources/files/32769c30529146d7bda15581c26b14f6/download
https://sam.gov/api/prod/opps/v3/opportunities/resources/files/3a5096aab216487095a8fc24e304f4b5/download
https://sam.gov/api/prod/opps/v3/opportunities/resources/files/558f6616dfa04f44ba5fbf4696f7f88b/download
https://sam.gov/api/prod/opps/v3/opportunities/resources/files/e119be6aa858413d87c5ff5cb1aa3894/download
{'rel': 'self', 'href': 'https://api.sam.gov/prod/opportunities/v2/search?noticeid=6229ddf1581a419196e97e427d117ab6&limit=1'}",Ruth E. Torres,ruth.e.torres10.civ@army.mil,Primary NAICS 541715,Partial Refresh — Capacity Reached,High — attachment text read
Accepted,C,3,RFP / Solicitation,"28--BLADE,COMPRESSOR,AI","DEPT OF DEFENSE.DEFENSE LOGISTICS AGENCY.DLA AVIATION.DLA AVIATION PHILADELPHIA.DLA AVIATION AT PHILADELPHIA, PA",,Solicitation,ab64eb89184b483885e3b7938dc683c4,SPRPA126QYC98,2026-09-21,24,336412,2840,,,Not stated,,"Relevant Butler intelligence or subcontract lead, but prime feasibility is limited. Matched: dla aviation. Scope reads as hardware supply/manufacturing with no clear design, redesign, or engineering work (matched: supply-class PSC 2840), so it is tracked as a subcontract/competitive-intelligence lead rather than a prime fit.",None identified,Possible subcontract lead,No obvious vehicle restriction,Not Applicable,No special eligibility found in SAM.gov fields.,Prime feasible,Monitor as a direct pursuit unless attachments indicate otherwise.,None detected,https://sam.gov/workspace/contract/opp/ab64eb89184b483885e3b7938dc683c4/view,"{'rel': 'self', 'href': 'https://api.sam.gov/prod/opportunities/v2/search?noticeid=ab64eb89184b483885e3b7938dc683c4&limit=1'}",Telephone: 2157378600,BRETT.DUFFEY@DLA.MIL,Primary NAICS 336412,Partial Refresh — Capacity Reached,High
Accepted,C,3,RFP / Solicitation,"28--BLADE,TURBINE ROTOR","DEPT OF DEFENSE.DEFENSE LOGISTICS AGENCY.DLA AVIATION.DLA AVIATION PHILADELPHIA.DLA AVIATION AT PHILADELPHIA, PA",,Solicitation,20ff2d282c2c4e75b0c81e6c7bef6e56,SPRPA126QYC97,2026-09-21,24,336412,2840,,,Not stated,,"Relevant Butler intelligence or subcontract lead, but prime feasibility is limited. Matched: dla aviation. Scope reads as hardware supply/manufacturing with no clear design, redesign, or engineering work (matched: supply-class PSC 2840), so it is tracked as a subcontract/competitive-intelligence lead rather than a prime fit.",None identified,Possible subcontract lead,No obvious vehicle restriction,Not Applicable,No special eligibility found in SAM.gov fields.,Prime feasible,Monitor as a direct pursuit unless attachments indicate otherwise.,None detected,https://sam.gov/workspace/contract/opp/20ff2d282c2c4e75b0c81e6c7bef6e56/view,"{'rel': 'self', 'href': 'https://api.sam.gov/prod/opportunities/v2/search?noticeid=20ff2d282c2c4e75b0c81e6c7bef6e56&limit=1'}",Telephone: 2157378600,BRETT.DUFFEY@DLA.MIL,Primary NAICS 336412,Partial Refresh — Capacity Reached,High
Accepted,C,3,RFP / Solicitation,"28--VALVE,BLEED START","DEPT OF DEFENSE.DEFENSE LOGISTICS AGENCY.DLA AVIATION.DLA AVIATION PHILADELPHIA.DLA AVIATION AT PHILADELPHIA, PA",,Solicitation,1a2a4cbf5aaf43c8a7b098db584ea405,SPRPA126QYC95,2026-09-21,24,336412,2840,,,Not stated,,"Relevant Butler intelligence or subcontract lead, but prime feasibility is limited. Matched: dla aviation. Scope reads as hardware supply/manufacturing with no clear design, redesign, or engineering work (matched: supply-class PSC 2840), so it is tracked as a subcontract/competitive-intelligence lead rather than a prime fit.",None identified,Possible subcontract lead,No obvious vehicle restriction,Not Applicable,No special eligibility found in SAM.gov fields.,Prime feasible,Monitor as a direct pursuit unless attachments indicate otherwise.,None detected,https://sam.gov/workspace/contract/opp/1a2a4cbf5aaf43c8a7b098db584ea405/view,"{'rel': 'self', 'href': 'https://api.sam.gov/prod/opportunities/v2/search?noticeid=1a2a4cbf5aaf43c8a7b098db584ea405&limit=1'}",Telephone: 2157378600,BRETT.DUFFEY@DLA.MIL,Primary NAICS 336412,Partial Refresh — Capacity Reached,High
Accepted,C,3,RFP / Solicitation,"28--BLADE,TURBINE ROTOR","DEPT OF DEFENSE.DEFENSE LOGISTICS AGENCY.DLA AVIATION.DLA AVIATION PHILADELPHIA.DLA AVIATION AT PHILADELPHIA, PA",,Solicitation,16eb3f1794a54e9c97d4fd65b7d03fcc,SPRPA126QYC96,2026-09-21,24,336412,2840,,,Not stated,,"Relevant Butler intelligence or subcontract lead, but prime feasibility is limited. Matched: dla aviation. Scope reads as hardware supply/manufacturing with no clear design, redesign, or engineering work (matched: supply-class PSC 2840), so it is tracked as a subcontract/competitive-intelligence lead rather than a prime fit.",None identified,Possible subcontract lead,No obvious vehicle restriction,Not Applicable,No special eligibility found in SAM.gov fields.,Prime feasible,Monitor as a direct pursuit unless attachments indicate otherwise.,None detected,https://sam.gov/workspace/contract/opp/16eb3f1794a54e9c97d4fd65b7d03fcc/view,"{'rel': 'self', 'href': 'https://api.sam.gov/prod/opportunities/v2/search?noticeid=16eb3f1794a54e9c97d4fd65b7d03fcc&limit=1'}",Telephone: 2157378600,BRETT.DUFFEY@DLA.MIL,Primary NAICS 336412,Partial Refresh — Capacity Reached,High
Accepted,C,3,RFP / Solicitation,"ENCLOSURE,COMPUTER","DEPT OF DEFENSE.DEFENSE LOGISTICS AGENCY.DLA AVIATION.DLA AVIATION PHILADELPHIA.DLA AVIATION AT PHILADELPHIA, PA",,Solicitation,f4dab56413b849f2a2925ec5a9d9b35d,SPRPA126QZB93,2026-09-21,24,336413,1680,,,Not stated,,"Relevant Butler intelligence or subcontract lead, but prime feasibility is limited. Matched: dla aviation. Scope reads as hardware supply/manufacturing with no clear design, redesign, or engineering work (matched: supply-class PSC 1680), so it is tracked as a subcontract/competitive-intelligence lead rather than a prime fit.",None identified,Possible subcontract lead,No obvious vehicle restriction,Not Applicable,No special eligibility found in SAM.gov fields.,Prime feasible,Monitor as a direct pursuit unless attachments indicate otherwise.,None detected,https://sam.gov/workspace/contract/opp/f4dab56413b849f2a2925ec5a9d9b35d/view,"{'rel': 'self', 'href': 'https://api.sam.gov/prod/opportunities/v2/search?noticeid=f4dab56413b849f2a2925ec5a9d9b35d&limit=1'}",Telephone: 2157376795,BRIAN.BLANCO@DLA.MIL,Primary NAICS 336413,Partial Refresh — Capacity Reached,High
Accepted,C,8,RFP / Solicitation,"RF LRM,AIRCRAFT","DEPT OF DEFENSE.DEFENSE LOGISTICS AGENCY.DLA AVIATION.DLA AVIATION PHILADELPHIA.DLA AVIATION AT PHILADELPHIA, PA",,Solicitation,e2c2068dde07470fb06201a90b049f0d,SPRPA126QZB81,2026-09-21,24,336413,1680,,,Not stated,,"Relevant Butler intelligence or subcontract lead, but prime feasibility is limited. Matched: aircraft, dla aviation. Scope reads as hardware supply/manufacturing with no clear design, redesign, or engineering work (matched: supply-class PSC 1680), so it is tracked as a subcontract/competitive-intelligence lead rather than a prime fit.",None identified,Possible subcontract lead,No obvious vehicle restriction,Not Applicable,No special eligibility found in SAM.gov fields.,Prime feasible,Monitor as a direct pursuit unless attachments indicate otherwise.,None detected,https://sam.gov/workspace/contract/opp/e2c2068dde07470fb06201a90b049f0d/view,"{'rel': 'self', 'href': 'https://api.sam.gov/prod/opportunities/v2/search?noticeid=e2c2068dde07470fb06201a90b049f0d&limit=1'}",Telephone: 2157376795,BRIAN.BLANCO@DLA.MIL,Primary NAICS 336413,Partial Refresh — Capacity Reached,High
Accepted,C,3,RFP / Solicitation,MANUAL DRIVE SHAFT,"DEPT OF DEFENSE.DEFENSE LOGISTICS AGENCY.DLA AVIATION.DLA AVIATION PHILADELPHIA.DLA AVIATION AT PHILADELPHIA, PA",,Solicitation,bf56bc5ecc17428fbc851a97a585d85e,SPRPA126QYD34,2026-09-21,24,336413,1680,,,Not stated,,"Relevant Butler intelligence or subcontract lead, but prime feasibility is limited. Matched: dla aviation. Scope reads as hardware supply/manufacturing with no clear design, redesign, or engineering work (matched: supply-class PSC 1680), so it is tracked as a subcontract/competitive-intelligence lead rather than a prime fit.",None identified,Possible subcontract lead,No obvious vehicle restriction,Not Applicable,No special eligibility found in SAM.gov fields.,Prime feasible,Monitor as a direct pursuit unless attachments indicate otherwise.,None detected,https://sam.gov/workspace/contract/opp/bf56bc5ecc17428fbc851a97a585d85e/view,"{'rel': 'self', 'href': 'https://api.sam.gov/prod/opportunities/v2/search?noticeid=bf56bc5ecc17428fbc851a97a585d85e&limit=1'}",Telephone: 2157376835,KAILEIGH.BLAKER@DLA.MIL,Primary NAICS 336413,Partial Refresh — Capacity Reached,High
Accepted,C,3,RFP / Solicitation,VALVE WINDSHIELD WA,"DEPT OF DEFENSE.DEFENSE LOGISTICS AGENCY.DLA AVIATION.DLA AVIATION PHILADELPHIA.DLA AVIATION AT PHILADELPHIA, PA",,Solicitation,b9b2aeb6b6ec4e83ab8375feabe213d0,SPRPA126QUB64,2026-09-21,24,336413,1680,,,Not stated,,"Relevant Butler intelligence or subcontract lead, but prime feasibility is limited. Matched: dla aviation. Scope reads as hardware supply/manufacturing with no clear design, redesign, or engineering work (matched: supply-class PSC 1680), so it is tracked as a subcontract/competitive-intelligence lead rather than a prime fit.",None identified,Possible subcontract lead,No obvious vehicle restriction,Not Applicable,No special eligibility found in SAM.gov fields.,Prime feasible,Monitor as a direct pursuit unless attachments indicate otherwise.,None detected,https://sam.gov/workspace/contract/opp/b9b2aeb6b6ec4e83ab8375feabe213d0/view,"{'rel': 'self', 'href': 'https://api.sam.gov/prod/opportunities/v2/search?noticeid=b9b2aeb6b6ec4e83ab8375feabe213d0&limit=1'}",Telephone: 2157372488,SAMUEL.EVERETT@DLA.MIL,Primary NAICS 336413,Partial Refresh — Capacity Reached,High
Accepted,C,3,RFP / Solicitation,PANEL ASSEMBLY - CD,"DEPT OF DEFENSE.DEFENSE LOGISTICS AGENCY.DLA AVIATION.DLA AVIATION PHILADELPHIA.DLA AVIATION AT PHILADELPHIA, PA",,Solicitation,779f01c2f6304e049d49bfefe25df649,SPRPA126QUB67,2026-09-21,24,336413,1680,,,Not stated,,"Relevant Butler intelligence or subcontract lead, but prime feasibility is limited. Matched: dla aviation. Scope reads as hardware supply/manufacturing with no clear design, redesign, or engineering work (matched: supply-class PSC 1680), so it is tracked as a subcontract/competitive-intelligence lead rather than a prime fit.",None identified,Possible subcontract lead,No obvious vehicle restriction,Not Applicable,No special eligibility found in SAM.gov fields.,Prime feasible,Monitor as a direct pursuit unless attachments indicate otherwise.,None detected,https://sam.gov/workspace/contract/opp/779f01c2f6304e049d49bfefe25df649/view,"{'rel': 'self', 'href': 'https://api.sam.gov/prod/opportunities/v2/search?noticeid=779f01c2f6304e049d49bfefe25df649&limit=1'}",Telephone: 2157372488,SAMUEL.EVERETT@DLA.MIL,Primary NAICS 336413,Partial Refresh — Capacity Reached,High
Accepted,C,3,RFP / Solicitation,"ACTUATOR TRAY ASSY,","DEPT OF DEFENSE.DEFENSE LOGISTICS AGENCY.DLA AVIATION.DLA AVIATION PHILADELPHIA.DLA AVIATION AT PHILADELPHIA, PA",,Solicitation,7231f1d3f74b41f6b326973a328c3de4,SPRPA126QUB68,2026-09-21,24,336413,1680,,,Not stated,,"Relevant Butler intelligence or subcontract lead, but prime feasibility is limited. Matched: dla aviation. Scope reads as hardware supply/manufacturing with no clear design, redesign, or engineering work (matched: supply-class PSC 1680), so it is tracked as a subcontract/competitive-intelligence lead rather than a prime fit.",None identified,Possible subcontract lead,No obvious vehicle restriction,Not Applicable,No special eligibility found in SAM.gov fields.,Prime feasible,Monitor as a direct pursuit unless attachments indicate otherwise.,None detected,https://sam.gov/workspace/contract/opp/7231f1d3f74b41f6b326973a328c3de4/view,"{'rel': 'self', 'href': 'https://api.sam.gov/prod/opportunities/v2/search?noticeid=7231f1d3f74b41f6b326973a328c3de4&limit=1'}",Electronic Mail: SAMUEL.EVERETT@DLA.MIL,SAMUEL.EVERETT@DLA.MIL,Primary NAICS 336413,Partial Refresh — Capacity Reached,High
Accepted,C,3,RFP / Solicitation,RADOME ASSEMBLY,"DEPT OF DEFENSE.DEFENSE LOGISTICS AGENCY.DLA AVIATION.DLA AVIATION PHILADELPHIA.DLA AVIATION AT PHILADELPHIA, PA",,Solicitation,71ca4161b7d94779a0f26d23ba6db10e,SPRPA126QUB62,2026-09-21,24,336413,1680,,,Not stated,,"Relevant Butler intelligence or subcontract lead, but prime feasibility is limited. Matched: dla aviation. Scope reads as hardware supply/manufacturing with no clear design, redesign, or engineering work (matched: supply-class PSC 1680), so it is tracked as a subcontract/competitive-intelligence lead rather than a prime fit.",None identified,Possible subcontract lead,No obvious vehicle restriction,Not Applicable,No special eligibility found in SAM.gov fields.,Prime feasible,Monitor as a direct pursuit unless attachments indicate otherwise.,None detected,https://sam.gov/workspace/contract/opp/71ca4161b7d94779a0f26d23ba6db10e/view,"{'rel': 'self', 'href': 'https://api.sam.gov/prod/opportunities/v2/search?noticeid=71ca4161b7d94779a0f26d23ba6db10e&limit=1'}",Telephone: 2157372488,SAMUEL.EVERETT@DLA.MIL,Primary NAICS 336413,Partial Refresh — Capacity Reached,High
Accepted,C,3,RFP / Solicitation,MOISTURE SEPARATOR,"DEPT OF DEFENSE.DEFENSE LOGISTICS AGENCY.DLA AVIATION.DLA AVIATION PHILADELPHIA.DLA AVIATION AT PHILADELPHIA, PA",,Solicitation,3c4aad61c37a41f7b8613af4d6f5e0db,SPRPA126QUB63,2026-09-21,24,336413,1680,,,Not stated,,"Relevant Butler intelligence or subcontract lead, but prime feasibility is limited. Matched: dla aviation. Scope reads as hardware supply/manufacturing with no clear design, redesign, or engineering work (matched: supply-class PSC 1680), so it is tracked as a subcontract/competitive-intelligence lead rather than a prime fit.",None identified,Possible subcontract lead,No obvious vehicle restriction,Not Applicable,No special eligibility found in SAM.gov fields.,Prime feasible,Monitor as a direct pursuit unless attachments indicate otherwise.,None detected,https://sam.gov/workspace/contract/opp/3c4aad61c37a41f7b8613af4d6f5e0db/view,"{'rel': 'self', 'href': 'https://api.sam.gov/prod/opportunities/v2/search?noticeid=3c4aad61c37a41f7b8613af4d6f5e0db&limit=1'}",Telephone: 2157372488,SAMUEL.EVERETT@DLA.MIL,Primary NAICS 336413,Partial Refresh — Capacity Reached,High
Accepted,C,3,RFP / Solicitation,MANUAL DRIVE SHAFT,"DEPT OF DEFENSE.DEFENSE LOGISTICS AGENCY.DLA AVIATION.DLA AVIATION PHILADELPHIA.DLA AVIATION AT PHILADELPHIA, PA",,Solicitation,23c3ac1305454b59a34f81e84ccae669,SPRPA126QYD33,2026-09-21,24,336413,1680,,,Not stated,,"Relevant Butler intelligence or subcontract lead, but prime feasibility is limited. Matched: dla aviation. Scope reads as hardware supply/manufacturing with no clear design, redesign, or engineering work (matched: supply-class PSC 1680), so it is tracked as a subcontract/competitive-intelligence lead rather than a prime fit.",None identified,Possible subcontract lead,No obvious vehicle restriction,Not Applicable,No special eligibility found in SAM.gov fields.,Prime feasible,Monitor as a direct pursuit unless attachments indicate otherwise.,None detected,https://sam.gov/workspace/contract/opp/23c3ac1305454b59a34f81e84ccae669/view,"{'rel': 'self', 'href': 'https://api.sam.gov/prod/opportunities/v2/search?noticeid=23c3ac1305454b59a34f81e84ccae669&limit=1'}",Telephone: 2157376835,KAILEIGH.BLAKER@DLA.MIL,Primary NAICS 336413,Partial Refresh — Capacity Reached,High
Accepted,C,3,RFP / Solicitation,"PUMP, AXIAL PISTONS","DEPT OF DEFENSE.DEFENSE LOGISTICS AGENCY.DLA AVIATION.DLA AVIATION OKLAHOMA CITY.DLA AVIATION AT OKLAHOMA CITY, OK",,Solicitation,33309197ad584fb4bf18eeb87290b0e0,SPRTA1-26-Q-1865,2026-09-20,23,336413,4320,,UNITED STATES,Not stated,,"Relevant Butler intelligence or subcontract lead, but prime feasibility is limited. Matched: dla aviation. Attachment text was included in the screen. Scope reads as hardware supply/manufacturing with no clear design, redesign, or engineering work (matched: supply-class PSC 4320), so it is tracked as a subcontract/competitive-intelligence lead rather than a prime fit.",None identified,Possible subcontract lead,No obvious vehicle restriction,Not Applicable,No special eligibility found in SAM.gov fields.,Prime feasible,Monitor as a direct pursuit unless attachments indicate otherwise.,None detected,https://sam.gov/workspace/contract/opp/33309197ad584fb4bf18eeb87290b0e0/view,"https://sam.gov/api/prod/opps/v3/opportunities/resources/files/3a006106d8eb4ababdd716cf3e2d6fed/download
{'rel': 'self', 'href': 'https://api.sam.gov/prod/opportunities/v2/search?noticeid=33309197ad584fb4bf18eeb87290b0e0&limit=1'}",Genevee Suba,genevee.suba@us.af.mil,Primary NAICS 336413,Partial Refresh — Capacity Reached,High — attachment text read
Accepted,C,4,RFP / Solicitation,SUPPLY CHAIN OPTIMIZATION SUPPORT (SCOS) Solicitation,DEPT OF DEFENSE.DEPT OF THE ARMY.AMC.ACC.ACC-CTRS.ACC RSA.W6QK ACC-RSA,,Solicitation,65cbcfff8550450c9611a60bf1f20e82,W31P4Q26RA002,2026-09-18,21,541614,R706,Service-Disabled Veteran-Owned Small Business (SDVOSB) Set-Aside (FAR 19.14),"Redstone Arsenal, Alabama, UNITED STATES",Not stated,,"Relevant Butler intelligence or subcontract lead, but prime feasibility is limited. Matched: cad, army. Attachment text was included in the screen.",Set-aside eligibility may limit prime feasibility,Check set-aside,No obvious vehicle restriction,Unknown — check Butler contract vehicles,Requires small-business set-aside eligibility.,Prime uncertain,Check whether Butler can qualify directly or should team with an eligible prime.,sdvosb; veteran-owned,https://sam.gov/workspace/contract/opp/65cbcfff8550450c9611a60bf1f20e82/view,"https://sam.gov/api/prod/opps/v3/opportunities/resources/files/054ba637ce134715aebb857479835d6f/download
https://sam.gov/api/prod/opps/v3/opportunities/resources/files/0e664aeb384349a0a8c91e3b78531312/download
https://sam.gov/api/prod/opps/v3/opportunities/resources/files/0fba298a91234c47a9061d7e7fcabdfc/download
https://sam.gov/api/prod/opps/v3/opportunities/resources/files/1814dc9b3b224ae18a3ad735c95a50da/download
https://sam.gov/api/prod/opps/v3/opportunities/resources/files/1ff2dabf5f154f5ba465aa833dd2b8d9/download
https://sam.gov/api/prod/opps/v3/opportunities/resources/files/285bdaa24d2f4845ba240c1d8daad6ab/download
https://sam.gov/api/prod/opps/v3/opportunities/resources/files/31d0c2b8d3c4476da254f177d3f72a7e/download
https://sam.gov/api/prod/opps/v3/opportunities/resources/files/38bd8fcf56cc44398dd1e981f385544b/download
https://sam.gov/api/prod/opps/v3/opportunities/resources/files/3aff6653eedb4835a630bc1e52f542c6/download
https://sam.gov/api/prod/opps/v3/opportunities/resources/files/4f09efd6af55482eb5035cb571706433/download
https://sam.gov/api/prod/opps/v3/opportunities/resources/files/54bfae747ffb4a71bc22ebf4c6046680/download
https://sam.gov/api/prod/opps/v3/opportunities/resources/files/5f780bc3d4994713ba86eb6025f63fc4/download
https://sam.gov/api/prod/opps/v3/opportunities/resources/files/8d07256488eb41bba23ba7dfb2ac9198/download
https://sam.gov/api/prod/opps/v3/opportunities/resources/files/955bbd019fc64df185358b304a41dbce/download
https://sam.gov/api/prod/opps/v3/opportunities/resources/files/985390808a544304b5add9410bda50bb/download
https://sam.gov/api/prod/opps/v3/opportunities/resources/files/a3f6e6e008e742858c0bae658d3109f6/download
https://sam.gov/api/prod/opps/v3/opportunities/resources/files/b4ea0138c3a744f189747e4cafc7af6a/download
https://sam.gov/api/prod/opps/v3/opportunities/resources/files/ca9ae6a0cb674133a96e37d5f5cc0c21/download
https://sam.gov/api/prod/opps/v3/opportunities/resources/files/cfb7ab1a546d4114b05dcc9537c4d63b/download
https://sam.gov/api/prod/opps/v3/opportunities/resources/files/dd876980da3d49fc889740e46002dcfd/download
https://sam.gov/api/prod/opps/v3/opportunities/resources/files/de5518f2210c4a72a9f8c314e67361a2/download
https://sam.gov/api/prod/opps/v3/opportunities/resources/files/e1486026815b4164872a39e480430955/download
https://sam.gov/api/prod/opps/v3/opportunities/resources/files/e34dfaf821ed47bab4897a1fa26f4734/download
https://sam.gov/api/prod/opps/v3/opportunities/resources/files/ed26f06803e5442da6c0c83c6e241849/download
https://sam.gov/api/prod/opps/v3/opportunities/resources/files/f2057523c377463e82c737b41c3eabcc/download
https://sam.gov/api/prod/opps/v3/opportunities/resources/files/fc775dc38e0243b7b75b18e3e491bf5b/download
{'rel': 'self', 'href': 'https://api.sam.gov/prod/opportunities/v2/search?noticeid=65cbcfff8550450c9611a60bf1f20e82&limit=1'}",Jill Freeman,jill.g.freeman.civ@army.mil,PSC R706,Partial Refresh — Capacity Reached,High — attachment text read
Accepted,C,5,RFP / Solicitation,"NSN 1670-01-236-3820, CANOPY, EJECTION SEAT, WSDC:26F, F-16 AIRCRAFT",DEPT OF DEFENSE.DEFENSE LOGISTICS AGENCY.DLA AVIATION.DLA AV RICHMOND.DLA AVIATION,,Solicitation,02851210262a470ea4ec3fb36b02a5a8,SPE4A726R0787,2026-09-16,19,336413,1670,Small Business Set Aside - Total,"Richmond, Virginia, UNITED STATES",Not stated,,"Relevant Butler intelligence or subcontract lead, but prime feasibility is limited. Matched: aircraft, dla aviation. Scope reads as hardware supply/manufacturing with no clear design, redesign, or engineering work (matched: nsn, supply-class PSC 1670), so it is tracked as a subcontract/competitive-intelligence lead rather than a prime fit.",Set-aside eligibility may limit prime feasibility,Check set-aside,No obvious vehicle restriction,Unknown — check Butler contract vehicles,Requires small-business set-aside eligibility.,Prime uncertain,Check whether Butler can qualify directly or should team with an eligible prime.,small business set aside,https://sam.gov/workspace/contract/opp/02851210262a470ea4ec3fb36b02a5a8/view,"{'rel': 'self', 'href': 'https://api.sam.gov/prod/opportunities/v2/search?noticeid=02851210262a470ea4ec3fb36b02a5a8&limit=1'}",Jesse Saul,jesse.saul@dla.mil,Primary NAICS 336413,Partial Refresh — Capacity Reached,High
Accepted,C,5,RFP / Solicitation,99 CES Fire Suppression Certification,DEPT OF DEFENSE.DEPT OF THE AIR FORCE.AIR COMBAT COMMAND.FA4861  99 CONS LGC,,Solicitation,711bb489e6744ce388008225eaf437d7,FA486126Q0025,2026-09-15,18,541330,H999,Small Business Set Aside - Total,"0, Nevada, UNITED STATES",Not stated,,"Relevant Butler intelligence or subcontract lead, but prime feasibility is limited. Matched: certification, air force. Attachment text was included in the screen.",Set-aside eligibility may limit prime feasibility,Check set-aside,No obvious vehicle restriction,Unknown — check Butler contract vehicles,Requires small-business set-aside eligibility.,Prime uncertain,Check whether Butler can qualify directly or should team with an eligible prime.,small business set aside,https://sam.gov/workspace/contract/opp/711bb489e6744ce388008225eaf437d7/view,"https://sam.gov/api/prod/opps/v3/opportunities/resources/files/361d1f5d0d964ba1bec75213ecfae69f/download
https://sam.gov/api/prod/opps/v3/opportunities/resources/files/366e2881479f4a92b92018b2790663b7/download
https://sam.gov/api/prod/opps/v3/opportunities/resources/files/4927874e28f3426885bc6706d4900236/download
https://sam.gov/api/prod/opps/v3/opportunities/resources/files/6d85ef8ae9c84840b012d33e1057689d/download
https://sam.gov/api/prod/opps/v3/opportunities/resources/files/6f3e1609a1544fff84aabe6db1e48472/download
https://sam.gov/api/prod/opps/v3/opportunities/resources/files/72c0c72d1b784485862cf78db901fc89/download
https://sam.gov/api/prod/opps/v3/opportunities/resources/files/73ec8602c7ba4b85b19853cb450a5a33/download
https://sam.gov/api/prod/opps/v3/opportunities/resources/files/828c46b321c04c3abae2852edf2d5aa4/download
https://sam.gov/api/prod/opps/v3/opportunities/resources/files/91e9a25ba08e462fbf053f0127241284/download
https://sam.gov/api/prod/opps/v3/opportunities/resources/files/a22415ddc0c24e479b3c7e418b4ec98f/download
https://sam.gov/api/prod/opps/v3/opportunities/resources/files/a2f27f8b233e4997a8a935d219f33453/download
https://sam.gov/api/prod/opps/v3/opportunities/resources/files/ba5749ecd90144ceb6856b05a6744d0c/download
https://sam.gov/api/prod/opps/v3/opportunities/resources/files/de72cdaf60d440579f742f78bbd6e891/download
https://sam.gov/api/prod/opps/v3/opportunities/resources/files/ea0119b4356a497baf73faa1fcf1545f/download
https://sam.gov/api/prod/opps/v3/opportunities/resources/files/ea8e2ef227dc454e99d66d831a2a9256/download
https://sam.gov/api/prod/opps/v3/opportunities/resources/files/f2574fedb7d54010bf861d63ba7a8915/download
https://sam.gov/api/prod/opps/v3/opportunities/resources/files/f8d926984b70477fa6ec95b4ed3fcec0/download
https://sam.gov/api/prod/opps/v3/opportunities/resources/files/fa0d3de178bb49918620e052d0cfb7b4/download
{'rel': 'self', 'href': 'https://api.sam.gov/prod/opportunities/v2/search?noticeid=711bb489e6744ce388008225eaf437d7&limit=1'}",Yeury Castillo Pena,yeury.castillo_pena.1@us.af.mil,Primary NAICS 541330,Partial Refresh — Capacity Reached,High — attachment text read
Accepted,C,3,Sources Sought / RFI,20MM Ammunition Transfer System (ATS),DEPT OF DEFENSE.DEPT OF THE AIR FORCE.AIR FORCE MATERIEL COMMAND.AIR FORCE LIFE CYCLE MANAGEMENT CENTER.COMBAT READINESS.FA8532 AFLCMC ROKA,,Sources Sought,d828fced547844a491aa61c2d0510d52,FA8532-24-R-20MMATS,2026-09-15,18,336413,4925,,,Not stated,,"Relevant Butler intelligence or subcontract lead, but prime feasibility is limited. Matched: air force, aflcmc. Attachment text was included in the screen. Scope reads as hardware supply/manufacturing with no clear design, redesign, or engineering work (matched: supply-class PSC 4925), so it is tracked as a subcontract/competitive-intelligence lead rather than a prime fit.",None identified,Possible subcontract lead,No obvious vehicle restriction,Not Applicable,No special eligibility found in SAM.gov fields.,Prime feasible,Monitor as a direct pursuit unless attachments indicate otherwise.,None detected,https://sam.gov/workspace/contract/opp/d828fced547844a491aa61c2d0510d52/view,"https://sam.gov/api/prod/opps/v3/opportunities/resources/files/3f6c63b791274328ad4b489f4a7a4802/download
https://sam.gov/api/prod/opps/v3/opportunities/resources/files/f2e5bc542f524908b42b3ac627774769/download
{'rel': 'self', 'href': 'https://api.sam.gov/prod/opportunities/v2/search?noticeid=d828fced547844a491aa61c2d0510d52&limit=1'}",Anna Isom,anna.isom@us.af.mil,Primary NAICS 336413,Partial Refresh — Capacity Reached,High — attachment text read
Accepted,C,3,RFP / Solicitation,"NRP,FLAT PANEL DISP",DEPT OF DEFENSE.DEPT OF THE NAVY.NAVSUP.NAVSUP WEAPON SYSTEMS SUPPORT.NAVSUP WSS PHILADELPHIA.NAVSUP WEAPON SYSTEMS SUPPORT,,Solicitation,6a8816506f9847b89d28f4aed39906e3,N0038326QPC01,2026-09-15,18,336413,1730,,,Not stated,,"Relevant Butler intelligence or subcontract lead, but prime feasibility is limited. Matched: navy, navsup. Scope reads as hardware supply/manufacturing with no clear design, redesign, or engineering work (matched: supply-class PSC 1730), so it is tracked as a subcontract/competitive-intelligence lead rather than a prime fit.",None identified,Possible subcontract lead,No obvious vehicle restriction,Not Applicable,No special eligibility found in SAM.gov fields.,Prime feasible,Monitor as a direct pursuit unless attachments indicate otherwise.,None detected,https://sam.gov/workspace/contract/opp/6a8816506f9847b89d28f4aed39906e3/view,"{'rel': 'self', 'href': 'https://api.sam.gov/prod/opportunities/v2/search?noticeid=6a8816506f9847b89d28f4aed39906e3&limit=1'}",Telephone: 7712293722,ABBEY.R.ETTINGER.CIV@US.NAVY.MIL,Primary NAICS 336413,Partial Refresh — Capacity Reached,High
Accepted,C,3,RFP / Solicitation,Amendment-03 FD20302501813_FA811826R0043 Remanufacture of C-130 Fuel Boost Pump,DEPT OF DEFENSE.DEPT OF THE AIR FORCE.AIR FORCE MATERIEL COMMAND.AIR FORCE SUSTAINMENT CENTER.FA8118  AFSC PZABB,,Solicitation,45c4acd90fd248c9bf60043ce2694f55,FD203025018133,2026-09-15,18,336413,2915,No Set aside used,"0, Oklahoma, UNITED STATES",Not stated,,"Relevant Butler intelligence or subcontract lead, but prime feasibility is limited. Matched: air force. Attachment text was included in the screen. Scope reads as hardware supply/manufacturing with no clear design, redesign, or engineering work (matched: remanufacture, nsn, supply-class PSC 2915), so it is tracked as a subcontract/competitive-intelligence lead rather than a prime fit.",None identified,Possible subcontract lead,No obvious vehicle restriction,Not Applicable,No special eligibility found in SAM.gov fields.,Prime feasible,Monitor as a direct pursuit unless attachments indicate otherwise.,None detected,https://sam.gov/workspace/contract/opp/45c4acd90fd248c9bf60043ce2694f55/view,"https://sam.gov/api/prod/opps/v3/opportunities/resources/files/5c4d9bf00f9f487c8ab5ad9647a4a706/download
{'rel': 'self', 'href': 'https://api.sam.gov/prod/opportunities/v2/search?noticeid=45c4acd90fd248c9bf60043ce2694f55&limit=1'}",Mark Green,mark.green.29@us.af.mil,Primary NAICS 336413,Partial Refresh — Capacity Reached,High — attachment text read
Accepted,C,3,Sources Sought / RFI,KC-135 Center Console Refresh (CCR) Revision 2,DEPT OF DEFENSE.DEPT OF THE AIR FORCE.AIR FORCE MATERIEL COMMAND.AIR FORCE LIFE CYCLE MANAGEMENT CENTER.MOBILITY AIRCRAFT.FA8105  AFLCMC  WKK,,Sources Sought,511ffa90f8ad4c6596338c66f560ccc3,FA8105_CCR_Rev2,2026-09-15,18,336413,1680,,"0, Oklahoma, UNITED STATES",Not stated,,"Relevant Butler intelligence or subcontract lead, but prime feasibility is limited. Matched: air force, aflcmc. Attachment text was included in the screen. Scope reads as hardware supply/manufacturing with no clear design, redesign, or engineering work (matched: supply-class PSC 1680), so it is tracked as a subcontract/competitive-intelligence lead rather than a prime fit.",None identified,Possible subcontract lead,No obvious vehicle restriction,Not Applicable,No special eligibility found in SAM.gov fields.,Prime feasible,Monitor as a direct pursuit unless attachments indicate otherwise.,None detected,https://sam.gov/workspace/contract/opp/511ffa90f8ad4c6596338c66f560ccc3/view,"https://sam.gov/api/prod/opps/v3/opportunities/resources/files/0ac2958aadc9406298d570e1446c94c1/download
https://sam.gov/api/prod/opps/v3/opportunities/resources/files/0fbecd6e7db94163814fcf9f3e098df6/download
https://sam.gov/api/prod/opps/v3/opportunities/resources/files/1723b47801f4444ba6b945dba4f40052/download
https://sam.gov/api/prod/opps/v3/opportunities/resources/files/1cb8dfb9d29b4e08934279f15c2b4118/download
https://sam.gov/api/prod/opps/v3/opportunities/resources/files/2fbfed4e88dd498abb8e146efc889ac2/download
https://sam.gov/api/prod/opps/v3/opportunities/resources/files/3bfdca9617fd49468549fddf84e7545e/download
https://sam.gov/api/prod/opps/v3/opportunities/resources/files/404a50df6fe44691a4c96f602a3ea41f/download
https://sam.gov/api/prod/opps/v3/opportunities/resources/files/701ede11f8f94809bda95954affd8594/download
https://sam.gov/api/prod/opps/v3/opportunities/resources/files/75f9596c9d274350baf6ed865e352ef0/download
https://sam.gov/api/prod/opps/v3/opportunities/resources/files/a453788858564babbbc93f7c2a4666cb/download
https://sam.gov/api/prod/opps/v3/opportunities/resources/files/ac556da9301a47f6800e7352c4834e06/download
https://sam.gov/api/prod/opps/v3/opportunities/resources/files/be061dc2227e4e1f9f3a5062623eb0eb/download
https://sam.gov/api/prod/opps/v3/opportunities/resources/files/c50f23c76e644d73b8b31ebb86037fda/download
https://sam.gov/api/prod/opps/v3/opportunities/resources/files/d14ba04341fe46f2b2908fdf1b4da952/download
https://sam.gov/api/prod/opps/v3/opportunities/resources/files/d427a1b678384a4fa7cf0b3521df6282/download
https://sam.gov/api/prod/opps/v3/opportunities/resources/files/dc28ab54be124b6cace057d9d0b694cf/download
https://sam.gov/api/prod/opps/v3/opportunities/resources/files/e6da139619f444aaadd456ec495bec40/download
https://sam.gov/api/prod/opps/v3/opportunities/resources/files/ea4fa88a5e474100a2db67f1eb4b8bb4/download
{'rel': 'self', 'href': 'https://api.sam.gov/prod/opportunities/v2/search?noticeid=511ffa90f8ad4c6596338c66f560ccc3&limit=1'}",Brandi Shelden,brandi.shelden@us.af.mil,Primary NAICS 336413,Partial Refresh — Capacity Reached,High — attachment text read
Accepted,C,5,RFP / Solicitation,AIRCRAFT LIFTING SYSTEMS FOR CRASH DAMAGE OR DISABLED AIRCRAFT RECOVERY,DEPT OF DEFENSE.DEPT OF THE ARMY.NATIONAL GUARD BUREAU.JFHQ USPFO WI.USPFO WI PROCUREMENT.W7N8 USPFO ACTIVITY WIANG CRTC,,Solicitation,fe9b4ec8dfd54e9abde865626bfc6314,W50S9H26QA039,2026-09-15,18,336413,1710,Small Business Set Aside - Total,"Camp Douglas, Wisconsin, UNITED STATES",Not stated,,"Relevant Butler intelligence or subcontract lead, but prime feasibility is limited. Matched: aircraft, uas, army. Attachment text was included in the screen. Scope reads as hardware supply/manufacturing with no clear design, redesign, or engineering work (matched: supply-class PSC 1710), so it is tracked as a subcontract/competitive-intelligence lead rather than a prime fit.",Set-aside eligibility may limit prime feasibility,Check set-aside,No obvious vehicle restriction,Unknown — check Butler contract vehicles,Requires small-business set-aside eligibility.,Prime uncertain,Check whether Butler can qualify directly or should team with an eligible prime.,small business set aside,https://sam.gov/workspace/contract/opp/fe9b4ec8dfd54e9abde865626bfc6314/view,"https://sam.gov/api/prod/opps/v3/opportunities/resources/files/34c079398f52458fb80c90c1f7f9338b/download
https://sam.gov/api/prod/opps/v3/opportunities/resources/files/ae63aa4ed2d944089b42d4fe0ad27017/download
https://sam.gov/api/prod/opps/v3/opportunities/resources/files/d0d0e221f10449a3a51c9495c8a2747f/download
https://sam.gov/api/prod/opps/v3/opportunities/resources/files/e0f8abb3713d43199b095d41ecc56c83/download
{'rel': 'self', 'href': 'https://api.sam.gov/prod/opportunities/v2/search?noticeid=fe9b4ec8dfd54e9abde865626bfc6314&limit=1'}",Seth I. Swieter,seth.swieter@us.af.mil,Primary NAICS 336413,Partial Refresh — Capacity Reached,High — attachment text read
Accepted,C,3,Sources Sought / RFI,AGMS Production FY28-37,DEPT OF DEFENSE.DEPT OF THE ARMY.AMC.ACC.ACC-CTRS.ACC RSA.W6QK ACC-RSA,,Sources Sought,26eabe069bcf4e54954b8eb0849e5fdc,26-M0082,2026-09-15,18,336414,1410,No Set aside used,"Redstone Arsenal, Alabama, UNITED STATES",Not stated,,"Relevant Butler intelligence or subcontract lead, but prime feasibility is limited. Matched: army. Scope reads as hardware supply/manufacturing with no clear design, redesign, or engineering work (matched: supply-class PSC 1410), so it is tracked as a subcontract/competitive-intelligence lead rather than a prime fit.",None identified,Possible subcontract lead,No obvious vehicle restriction,Not Applicable,No special eligibility found in SAM.gov fields.,Prime feasible,Monitor as a direct pursuit unless attachments indicate otherwise.,None detected,https://sam.gov/workspace/contract/opp/26eabe069bcf4e54954b8eb0849e5fdc/view,"{'rel': 'self', 'href': 'https://api.sam.gov/prod/opportunities/v2/search?noticeid=26eabe069bcf4e54954b8eb0849e5fdc&limit=1'}",Andrea S. Dixon,andrea.s.dixon1.civ@army.mil,Primary NAICS 336414,Partial Refresh — Capacity Reached,High
Accepted,C,5,RFP / Solicitation,"NSN 2840-01-308-4467NZ, P/N 4070107, LINER, AUGMENTOR COM, FD2030-26-01584","DEPT OF DEFENSE.DEFENSE LOGISTICS AGENCY.DLA AVIATION.DLA AVIATION OKLAHOMA CITY.DLA AVIATION AT OKLAHOMA CITY, OK",,Solicitation,c996a27546b147f48b69a41761d4fcdc,SPRTA1-26-R-0402,2026-09-14,17,336412,2840,Small Business Set Aside - Total,,Not stated,,"Relevant Butler intelligence or subcontract lead, but prime feasibility is limited. Matched: uav, dla aviation. Attachment text was included in the screen. Scope reads as hardware supply/manufacturing with no clear design, redesign, or engineering work (matched: nsn, supply-class PSC 2840), so it is tracked as a subcontract/competitive-intelligence lead rather than a prime fit.",Set-aside eligibility may limit prime feasibility,Check set-aside,No obvious vehicle restriction,Unknown — check Butler contract vehicles,Requires small-business set-aside eligibility.,Prime uncertain,Check whether Butler can qualify directly or should team with an eligible prime.,small business set aside,https://sam.gov/workspace/contract/opp/c996a27546b147f48b69a41761d4fcdc/view,"https://sam.gov/api/prod/opps/v3/opportunities/resources/files/b5aad09cf1b74be5b86db4c4f811f9e0/download
{'rel': 'self', 'href': 'https://api.sam.gov/prod/opportunities/v2/search?noticeid=c996a27546b147f48b69a41761d4fcdc&limit=1'}",Alex Varughese,alex.varughese.1@us.af.mil,Primary NAICS 336412,Partial Refresh — Capacity Reached,High — attachment text read
Accepted,C,-2,RFP / Solicitation,MH-65 Swivel Ring Assembly,"HOMELAND SECURITY, DEPARTMENT OF.US COAST GUARD.AVIATION LOGISTICS CENTER (ALC)(00038)",,Solicitation,fb2f237f39df443a8cc81d249ecf005b,70Z03826QB0000183,2026-09-14,17,336413,1560,,,Not stated,,"Relevant Butler intelligence or subcontract lead, but prime feasibility is limited. Attachment text was included in the screen. Scope reads as hardware supply/manufacturing with no clear design, redesign, or engineering work (matched: supply-class PSC 1560), so it is tracked as a subcontract/competitive-intelligence lead rather than a prime fit.",None identified,Possible subcontract lead,No obvious vehicle restriction,Not Applicable,No special eligibility found in SAM.gov fields.,Prime feasible,Monitor as a direct pursuit unless attachments indicate otherwise.,None detected,https://sam.gov/workspace/contract/opp/fb2f237f39df443a8cc81d249ecf005b/view,"https://sam.gov/api/prod/opps/v3/opportunities/resources/files/3aca28709a1f44cca2dc9ab3c85918a2/download
https://sam.gov/api/prod/opps/v3/opportunities/resources/files/48d82beeed914d3895c093907aef395d/download
https://sam.gov/api/prod/opps/v3/opportunities/resources/files/a56a5f230dca44b6883459f85c6da193/download
{'rel': 'self', 'href': 'https://api.sam.gov/prod/opportunities/v2/search?noticeid=fb2f237f39df443a8cc81d249ecf005b&limit=1'}",Selmary Melendez,Selmary.MelendezGonzalez3@uscg.mil,Primary NAICS 336413,Partial Refresh — Capacity Reached,High — attachment text read
Accepted,C,8,RFP / Solicitation,"SEAT,AIRCRAFT","DEPT OF DEFENSE.DEFENSE LOGISTICS AGENCY.DLA AVIATION.DLA AVIATION PHILADELPHIA.DLA AVIATION AT PHILADELPHIA, PA",,Solicitation,8ac7528e3dff43a2b2008c85f645e529,SPRPA126QWB98,2026-09-14,17,336413,1680,,,Not stated,,"Relevant Butler intelligence or subcontract lead, but prime feasibility is limited. Matched: aircraft, dla aviation. Scope reads as hardware supply/manufacturing with no clear design, redesign, or engineering work (matched: supply-class PSC 1680), so it is tracked as a subcontract/competitive-intelligence lead rather than a prime fit.",None identified,Possible subcontract lead,No obvious vehicle restriction,Not Applicable,No special eligibility found in SAM.gov fields.,Prime feasible,Monitor as a direct pursuit unless attachments indicate otherwise.,None detected,https://sam.gov/workspace/contract/opp/8ac7528e3dff43a2b2008c85f645e529/view,"{'rel': 'self', 'href': 'https://api.sam.gov/prod/opportunities/v2/search?noticeid=8ac7528e3dff43a2b2008c85f645e529&limit=1'}",Telephone: 2157374239,JOSEPH.GAMBINO@DLA.MIL,Primary NAICS 336413,Partial Refresh — Capacity Reached,High
Accepted,C,8,RFP / Solicitation,"FUEL CELL,AIRCRAFT","DEPT OF DEFENSE.DEFENSE LOGISTICS AGENCY.DLA AVIATION.DLA AVIATION PHILADELPHIA.DLA AVIATION AT PHILADELPHIA, PA",,Solicitation,7a132b8fdaf748babe6cedc7d6cc1290,SPRPA126QWB79,2026-09-14,17,336413,1680,,,Not stated,,"Relevant Butler intelligence or subcontract lead, but prime feasibility is limited. Matched: aircraft, dla aviation. Scope reads as hardware supply/manufacturing with no clear design, redesign, or engineering work (matched: supply-class PSC 1680), so it is tracked as a subcontract/competitive-intelligence lead rather than a prime fit.",None identified,Possible subcontract lead,No obvious vehicle restriction,Not Applicable,No special eligibility found in SAM.gov fields.,Prime feasible,Monitor as a direct pursuit unless attachments indicate otherwise.,None detected,https://sam.gov/workspace/contract/opp/7a132b8fdaf748babe6cedc7d6cc1290/view,"{'rel': 'self', 'href': 'https://api.sam.gov/prod/opportunities/v2/search?noticeid=7a132b8fdaf748babe6cedc7d6cc1290&limit=1'}",Telephone: 2157370865,NASEEM.AOUN@DLA.MIL,Primary NAICS 336413,Partial Refresh — Capacity Reached,High
Accepted,C,5,RFP / Solicitation,"Synopsis for Aircraft Escape Slide, NSN - 4240010756640",DEPT OF DEFENSE.DEFENSE LOGISTICS AGENCY.TROOP SUPPORT CONSTRUCTION & EQUIPMENT.DLA TROOP SUPPORT,,Solicitation,6d688f58a0a943d4a96fda73dea9e579,010756640,2026-09-14,17,336413,4240,No Set aside used,"Philadelphia, Pennsylvania, UNITED STATES",Not stated,,"Relevant Butler intelligence or subcontract lead, but prime feasibility is limited. Matched: aircraft. Attachment text was included in the screen. Scope reads as hardware supply/manufacturing with no clear design, redesign, or engineering work (matched: nsn, supply-class PSC 4240), so it is tracked as a subcontract/competitive-intelligence lead rather than a prime fit.",None identified,Possible subcontract lead,No obvious vehicle restriction,Not Applicable,No special eligibility found in SAM.gov fields.,Prime feasible,Monitor as a direct pursuit unless attachments indicate otherwise.,None detected,https://sam.gov/workspace/contract/opp/6d688f58a0a943d4a96fda73dea9e579/view,"https://sam.gov/api/prod/opps/v3/opportunities/resources/files/56391f2b9128462e9b8a38505898e621/download
{'rel': 'self', 'href': 'https://api.sam.gov/prod/opportunities/v2/search?noticeid=6d688f58a0a943d4a96fda73dea9e579&limit=1'}",Andrew Rose,andrew.c.rose@dla.mil,Primary NAICS 336413,Partial Refresh — Capacity Reached,High — attachment text read
Accepted,C,8,RFP / Solicitation,"NSN  1680-014506898, GEARBOX ASSEMBLY,AI, WSDC: 26F, F-16 AIRCRAFT",DEPT OF DEFENSE.DEFENSE LOGISTICS AGENCY.DLA AVIATION.DLA AV RICHMOND.DLA AVIATION,,Solicitation,590b9c58451f48c7a488459110bf2ee8,SPE4A726R0774,2026-09-14,17,336413,1680,,"Hill Air Force Base, Utah, UNITED STATES",Not stated,,"Relevant Butler intelligence or subcontract lead, but prime feasibility is limited. Matched: aircraft, dla aviation. Scope reads as hardware supply/manufacturing with no clear design, redesign, or engineering work (matched: nsn, supply-class PSC 1680), so it is tracked as a subcontract/competitive-intelligence lead rather than a prime fit.",None identified,Possible subcontract lead,No obvious vehicle restriction,Not Applicable,No special eligibility found in SAM.gov fields.,Prime feasible,Monitor as a direct pursuit unless attachments indicate otherwise.,None detected,https://sam.gov/workspace/contract/opp/590b9c58451f48c7a488459110bf2ee8/view,"{'rel': 'self', 'href': 'https://api.sam.gov/prod/opportunities/v2/search?noticeid=590b9c58451f48c7a488459110bf2ee8&limit=1'}",Leslea Newlon,Leslea.Newlon@dla.mil,Primary NAICS 336413,Partial Refresh — Capacity Reached,High
Accepted,C,3,RFP / Solicitation,BUS POWER CONTROL U,"DEPT OF DEFENSE.DEFENSE LOGISTICS AGENCY.DLA AVIATION.DLA AVIATION PHILADELPHIA.DLA AVIATION AT PHILADELPHIA, PA",,Solicitation,23fd51a3b7004864985aa23dc19b2c8e,SPRPA126QXB72,2026-09-14,17,336413,1680,,,Not stated,,"Relevant Butler intelligence or subcontract lead, but prime feasibility is limited. Matched: dla aviation. Scope reads as hardware supply/manufacturing with no clear design, redesign, or engineering work (matched: supply-class PSC 1680), so it is tracked as a subcontract/competitive-intelligence lead rather than a prime fit.",None identified,Possible subcontract lead,No obvious vehicle restriction,Not Applicable,No special eligibility found in SAM.gov fields.,Prime feasible,Monitor as a direct pursuit unless attachments indicate otherwise.,None detected,https://sam.gov/workspace/contract/opp/23fd51a3b7004864985aa23dc19b2c8e/view,"{'rel': 'self', 'href': 'https://api.sam.gov/prod/opportunities/v2/search?noticeid=23fd51a3b7004864985aa23dc19b2c8e&limit=1'}",Telephone: 4557376069,LAWRENCE.EADDY@DLA.MIL,Primary NAICS 336413,Partial Refresh — Capacity Reached,High
Accepted,C,8,RFP / Solicitation,"TANK,FUEL,AIRCRAFT","DEPT OF DEFENSE.DEFENSE LOGISTICS AGENCY.DLA AVIATION.DLA AVIATION PHILADELPHIA.DLA AVIATION AT PHILADELPHIA, PA",,Solicitation,0f401e502d3142cf84be971e7c6f7cc4,SPRPA126QWC14,2026-09-14,17,336413,1560,,,Not stated,,"Relevant Butler intelligence or subcontract lead, but prime feasibility is limited. Matched: aircraft, dla aviation. Scope reads as hardware supply/manufacturing with no clear design, redesign, or engineering work (matched: supply-class PSC 1560), so it is tracked as a subcontract/competitive-intelligence lead rather than a prime fit.",None identified,Possible subcontract lead,No obvious vehicle restriction,Not Applicable,No special eligibility found in SAM.gov fields.,Prime feasible,Monitor as a direct pursuit unless attachments indicate otherwise.,None detected,https://sam.gov/workspace/contract/opp/0f401e502d3142cf84be971e7c6f7cc4/view,"{'rel': 'self', 'href': 'https://api.sam.gov/prod/opportunities/v2/search?noticeid=0f401e502d3142cf84be971e7c6f7cc4&limit=1'}",Telephone: 2157374239,JOSEPH.GAMBINO@DLA.MIL,Primary NAICS 336413,Partial Refresh — Capacity Reached,High
Accepted,C,8,RFP / Solicitation,"Procurement for Spare Parts for the Pilot, Co-Pilot, and Mechanic Seats for the MH-65E Aircraft.","HOMELAND SECURITY, DEPARTMENT OF.US COAST GUARD.AVIATION LOGISTICS CENTER (ALC)(00038)",,Solicitation,fa10578d6b2c44cc8ed938b5acb941b3,70Z03826RB0000006,2026-09-14,17,336413,1680,No Set aside used,,Not stated,,"Relevant Butler intelligence or subcontract lead, but prime feasibility is limited. Matched: aircraft, dod. Attachment text was included in the screen. Scope reads as hardware supply/manufacturing with no clear design, redesign, or engineering work (matched: spare parts, supply-class PSC 1680), so it is tracked as a subcontract/competitive-intelligence lead rather than a prime fit.",None identified,Possible subcontract lead,No obvious vehicle restriction,Not Applicable,No special eligibility found in SAM.gov fields.,Prime feasible,Monitor as a direct pursuit unless attachments indicate otherwise.,None detected,https://sam.gov/workspace/contract/opp/fa10578d6b2c44cc8ed938b5acb941b3/view,"https://sam.gov/api/prod/opps/v3/opportunities/resources/files/074e08a49fae49acacb90cc688840551/download
https://sam.gov/api/prod/opps/v3/opportunities/resources/files/17d2c5b63db3481d903695d7173ffbca/download
https://sam.gov/api/prod/opps/v3/opportunities/resources/files/6bbe20c64d7643dbab606dd4706a7b42/download
https://sam.gov/api/prod/opps/v3/opportunities/resources/files/9f6a29e068a64b168a4b6e0513d1ca69/download
{'rel': 'self', 'href': 'https://api.sam.gov/prod/opportunities/v2/search?noticeid=fa10578d6b2c44cc8ed938b5acb941b3&limit=1'}",Livia M. Pippen,livia.m.pippen@uscg.mil,Primary NAICS 336413,Partial Refresh — Capacity Reached,High — attachment text read
Accepted,C,7,Sources Sought / RFI,Audio Distribution System for Human Space Flight,NATIONAL AERONAUTICS AND SPACE ADMINISTRATION.NATIONAL AERONAUTICS AND SPACE ADMINISTRATION.NASA JOHNSON SPACE CENTER,,Sources Sought,1e20624b24954bf4b0f0d97fe4a90466,80JSC026ADSHSF,2026-09-14,17,336419,5831,No Set aside used,"36208, Texas, UNITED STATES",Not stated,,"Relevant Butler intelligence or subcontract lead, but prime feasibility is limited. Matched: plm, nasa. Attachment text was included in the screen. Scope reads as hardware supply/manufacturing with no clear design, redesign, or engineering work (matched: supply-class PSC 5831), so it is tracked as a subcontract/competitive-intelligence lead rather than a prime fit.",None identified,Possible subcontract lead,No obvious vehicle restriction,Not Applicable,No special eligibility found in SAM.gov fields.,Prime feasible,Monitor as a direct pursuit unless attachments indicate otherwise.,None detected,https://sam.gov/workspace/contract/opp/1e20624b24954bf4b0f0d97fe4a90466/view,"https://sam.gov/api/prod/opps/v3/opportunities/resources/files/d25a027e229e4f1c993b34183b25f474/download
https://sam.gov/api/prod/opps/v3/opportunities/resources/files/ee47fc87a44a4ee5b70beae57faba816/download
{'rel': 'self', 'href': 'https://api.sam.gov/prod/opportunities/v2/search?noticeid=1e20624b24954bf4b0f0d97fe4a90466&limit=1'}",Carlos Roman,carlos.roman@nasa.gov,Primary NAICS 336419,Partial Refresh — Capacity Reached,High — attachment text read
Accepted,C,-2,RFP / Solicitation,Accumulator Pneumat,DEPT OF DEFENSE.DEFENSE LOGISTICS AGENCY.DLA LAND.DLA LAND COLUMBUS.DLA LAND AND MARITIME,,Solicitation,7d875389614447e1b848b560c3d55dd4,SPE7L126R0122,2026-09-13,16,336411,3040,No Set aside used,,Not stated,,"Relevant Butler intelligence or subcontract lead, but prime feasibility is limited. Scope reads as hardware supply/manufacturing with no clear design, redesign, or engineering work (matched: supply-class PSC 3040), so it is tracked as a subcontract/competitive-intelligence lead rather than a prime fit.",None identified,Possible subcontract lead,No obvious vehicle restriction,Not Applicable,No special eligibility found in SAM.gov fields.,Prime feasible,Monitor as a direct pursuit unless attachments indicate otherwise.,None detected,https://sam.gov/workspace/contract/opp/7d875389614447e1b848b560c3d55dd4/view,"{'rel': 'self', 'href': 'https://api.sam.gov/prod/opportunities/v2/search?noticeid=7d875389614447e1b848b560c3d55dd4&limit=1'}",Amber Weaver,amber.weaver@dla.mil,Primary NAICS 336411,Partial Refresh — Capacity Reached,High
Accepted,B,8,RFP / Solicitation,SPRRA2- 26-Q-SP01_Bradley TOW Missile Launcher,"DEPT OF DEFENSE.DEFENSE LOGISTICS AGENCY.DLA AVIATION.DLA AVIATION HUNTSVILLE.DLA AVIATION AT HUNTSVILLE, AL",,Solicitation,b0be253bc9b24df2bfa1f24b6805fdb4,SPRRA226QSP01,2026-09-11,14,541330,R425,,"Fort Walton Beach, Florida, UNITED STATES",Not stated,,"Possible Butler fit through broader defense engineering, logistics, testing, or program support. Matched: missile, dla aviation.",None identified,Add to tracker,No obvious vehicle restriction,Not Applicable,No special eligibility found in SAM.gov fields.,Prime feasible,Monitor as a direct pursuit unless attachments indicate otherwise.,None detected,https://sam.gov/workspace/contract/opp/b0be253bc9b24df2bfa1f24b6805fdb4/view,"{'rel': 'self', 'href': 'https://api.sam.gov/prod/opportunities/v2/search?noticeid=b0be253bc9b24df2bfa1f24b6805fdb4&limit=1'}",Kimberly Thomas,kimberly.thomas@dla.mil,Primary NAICS 541330,Partial Refresh — Capacity Reached,High
Accepted,C,0,RFP / Solicitation,"16--CAP,VENT,LOX",DEPT OF DEFENSE.DEFENSE LOGISTICS AGENCY.DLA AVIATION.DLA AV RICHMOND.DLA AVIATION,,Solicitation,bc68d4487f914e4d8fc29fcf3f72c6ff,SPE4A726Q1077,2026-09-11,14,336411,16,Small Business Set Aside - Total,,Not stated,,"Relevant Butler intelligence or subcontract lead, but prime feasibility is limited. Matched: dla aviation. Scope reads as hardware supply/manufacturing with no clear design, redesign, or engineering work (matched: supply-class PSC 16), so it is tracked as a subcontract/competitive-intelligence lead rather than a prime fit.",Set-aside eligibility may limit prime feasibility,Check set-aside,No obvious vehicle restriction,Unknown — check Butler contract vehicles,Requires small-business set-aside eligibility.,Prime uncertain,Check whether Butler can qualify directly or should team with an eligible prime.,small business set aside,https://sam.gov/workspace/contract/opp/bc68d4487f914e4d8fc29fcf3f72c6ff/view,"{'rel': 'self', 'href': 'https://api.sam.gov/prod/opportunities/v2/search?noticeid=bc68d4487f914e4d8fc29fcf3f72c6ff&limit=1'}","Questions regarding this solicitation should be emailed to the buyer listed in block 5 of the solicitation document which can be found under the Additional Information link.
If the Additional Information link does not work, please go to https://www.dibbs.bsm.dla.mil/Solicitations/ and type the solicitation number in the Global Search box.
",DibbsBSM@dla.mil,Primary NAICS 336411,Partial Refresh — Capacity Reached,High
Accepted,C,3,RFP / Solicitation,"NSN 2915-01-313-4615, BYPASS INDICATOR, WSDC: 26F",DEPT OF DEFENSE.DEFENSE LOGISTICS AGENCY.DLA AVIATION.DLA AV RICHMOND.DLA AVIATION,,Solicitation,56bbb10ddaa0467781cb0679bbc0c537,SPE4A726R0755_Synopsis,2026-09-11,14,336412,2915,No Set aside used,,Not stated,,"Relevant Butler intelligence or subcontract lead, but prime feasibility is limited. Matched: dla aviation. Scope reads as hardware supply/manufacturing with no clear design, redesign, or engineering work (matched: nsn, supply-class PSC 2915), so it is tracked as a subcontract/competitive-intelligence lead rather than a prime fit.",None identified,Possible subcontract lead,No obvious vehicle restriction,Not Applicable,No special eligibility found in SAM.gov fields.,Prime feasible,Monitor as a direct pursuit unless attachments indicate otherwise.,None detected,https://sam.gov/workspace/contract/opp/56bbb10ddaa0467781cb0679bbc0c537/view,"{'rel': 'self', 'href': 'https://api.sam.gov/prod/opportunities/v2/search?noticeid=56bbb10ddaa0467781cb0679bbc0c537&limit=1'}",Tatjana Klemmer445-737-9899,tatjana.klemmer@dla.mil,Primary NAICS 336412,Partial Refresh — Capacity Reached,High
Accepted,C,8,RFP / Solicitation,Synopsis for P-8A Aircraft Horizontal Stabilizer Production Kits,DEPT OF DEFENSE.DEPT OF THE NAVY.NAVAIR.NAVAIR HQS.NAVAL AIR SYSTEMS COMMAND,,Solicitation,d43825ed10264d2e82a1633e995aad33,N00019-RFPREQ-APM290-0738,2026-09-11,14,336413,1560,,"Tukwila, Washington, UNITED STATES",Not stated,,"Relevant Butler intelligence or subcontract lead, but prime feasibility is limited. Matched: aircraft, navy, navair. Scope reads as hardware supply/manufacturing with no clear design, redesign, or engineering work (matched: supply-class PSC 1560), so it is tracked as a subcontract/competitive-intelligence lead rather than a prime fit.",None identified,Possible subcontract lead,No obvious vehicle restriction,Not Applicable,No special eligibility found in SAM.gov fields.,Prime feasible,Monitor as a direct pursuit unless attachments indicate otherwise.,None detected,https://sam.gov/workspace/contract/opp/d43825ed10264d2e82a1633e995aad33/view,"{'rel': 'self', 'href': 'https://api.sam.gov/prod/opportunities/v2/search?noticeid=d43825ed10264d2e82a1633e995aad33&limit=1'}",Brianna Mancuso,brianna.l.mancuso.civ@us.navy.mil,Primary NAICS 336413,Partial Refresh — Capacity Reached,High
Accepted,C,5,RFP / Solicitation,"Fairing, Aircraft (Nose Dome)","DEPT OF DEFENSE.DEFENSE LOGISTICS AGENCY.DLA AVIATION.DLA AVIATION OKLAHOMA CITY.DLA AVIATION AT OKLAHOMA CITY, OK",,Solicitation,a5671851b4334fc1a9a8b1bc4abf51f9,SPRTA1-26-R-0410,2026-09-11,14,336413,1560,Small Business Set Aside - Total,UNITED STATES,Not stated,,"Relevant Butler intelligence or subcontract lead, but prime feasibility is limited. Matched: aircraft, dla aviation. Scope reads as hardware supply/manufacturing with no clear design, redesign, or engineering work (matched: supply-class PSC 1560), so it is tracked as a subcontract/competitive-intelligence lead rather than a prime fit.",Set-aside eligibility may limit prime feasibility,Check set-aside,No obvious vehicle restriction,Unknown — check Butler contract vehicles,Requires small-business set-aside eligibility.,Prime uncertain,Check whether Butler can qualify directly or should team with an eligible prime.,small business set aside,https://sam.gov/workspace/contract/opp/a5671851b4334fc1a9a8b1bc4abf51f9/view,"{'rel': 'self', 'href': 'https://api.sam.gov/prod/opportunities/v2/search?noticeid=a5671851b4334fc1a9a8b1bc4abf51f9&limit=1'}",Chrissy Turnage,christine.turnage@us.af.mil,Primary NAICS 336413,Partial Refresh — Capacity Reached,High
Accepted,C,-5,RFP / Solicitation,"48--ACTUATOR,ELECTROMECHAN",DEPT OF DEFENSE.DEFENSE LOGISTICS AGENCY.DLA MARITIME.DLA MARITIME COLUMBUS.DLA LAND AND MARITIME,,Solicitation,a0ed5f6e321b44a08d55e8adfc79b271,SPE7M226U0429,2026-09-11,14,336413,48,Small Business Set Aside - Total,,Not stated,,"Relevant Butler intelligence or subcontract lead, but prime feasibility is limited. Scope reads as hardware supply/manufacturing with no clear design, redesign, or engineering work (matched: supply-class PSC 48), so it is tracked as a subcontract/competitive-intelligence lead rather than a prime fit.",Set-aside eligibility may limit prime feasibility,Check set-aside,No obvious vehicle restriction,Unknown — check Butler contract vehicles,Requires small-business set-aside eligibility.,Prime uncertain,Check whether Butler can qualify directly or should team with an eligible prime.,small business set aside,https://sam.gov/workspace/contract/opp/a0ed5f6e321b44a08d55e8adfc79b271/view,"{'rel': 'self', 'href': 'https://api.sam.gov/prod/opportunities/v2/search?noticeid=a0ed5f6e321b44a08d55e8adfc79b271&limit=1'}","Questions regarding this solicitation should be emailed to the buyer listed in block 5 of the solicitation document which can be found under the Additional Information link.
If the Additional Information link does not work, please go to https://www.dibbs.bsm.dla.mil/Solicitations/ and type the solicitation number in the Global Search box.
",DibbsBSM@dla.mil,Primary NAICS 336413,Partial Refresh — Capacity Reached,High
Accepted,C,-2,RFP / Solicitation,"48--DIAPHRAGM,ACTUATOR VAL",DEPT OF DEFENSE.DEFENSE LOGISTICS AGENCY.DLA MARITIME.DLA MARITIME COLUMBUS.DLA LAND AND MARITIME,,Solicitation,8630a5bacc064a81b9f08dc1bef8b640,SPE7M226U0352,2026-09-11,14,336413,48,,,Not stated,,"Relevant Butler intelligence or subcontract lead, but prime feasibility is limited. Scope reads as hardware supply/manufacturing with no clear design, redesign, or engineering work (matched: supply-class PSC 48), so it is tracked as a subcontract/competitive-intelligence lead rather than a prime fit.",None identified,Possible subcontract lead,No obvious vehicle restriction,Not Applicable,No special eligibility found in SAM.gov fields.,Prime feasible,Monitor as a direct pursuit unless attachments indicate otherwise.,None detected,https://sam.gov/workspace/contract/opp/8630a5bacc064a81b9f08dc1bef8b640/view,"{'rel': 'self', 'href': 'https://api.sam.gov/prod/opportunities/v2/search?noticeid=8630a5bacc064a81b9f08dc1bef8b640&limit=1'}","Questions regarding this solicitation should be emailed to the buyer listed in block 5 of the solicitation document which can be found under the Additional Information link.
If the Additional Information link does not work, please go to https://www.dibbs.bsm.dla.mil/Solicitations/ and type the solicitation number in the Global Search box.
",DibbsBSM@dla.mil,Primary NAICS 336413,Partial Refresh — Capacity Reached,High
Accepted,C,3,RFP / Solicitation,"HUB,PROPELLER,AIRCR","DEPT OF DEFENSE.DEFENSE LOGISTICS AGENCY.DLA AVIATION.DLA AVIATION PHILADELPHIA.DLA AVIATION AT PHILADELPHIA, PA",,Solicitation,6b8a45c16e1346baaa7cd863df403bab,SPRPA126QXB66,2026-09-11,14,336413,1610,,,Not stated,,"Relevant Butler intelligence or subcontract lead, but prime feasibility is limited. Matched: dla aviation. Scope reads as hardware supply/manufacturing with no clear design, redesign, or engineering work (matched: supply-class PSC 1610), so it is tracked as a subcontract/competitive-intelligence lead rather than a prime fit.",None identified,Possible subcontract lead,No obvious vehicle restriction,Not Applicable,No special eligibility found in SAM.gov fields.,Prime feasible,Monitor as a direct pursuit unless attachments indicate otherwise.,None detected,https://sam.gov/workspace/contract/opp/6b8a45c16e1346baaa7cd863df403bab/view,"{'rel': 'self', 'href': 'https://api.sam.gov/prod/opportunities/v2/search?noticeid=6b8a45c16e1346baaa7cd863df403bab&limit=1'}",Telephone: 4557376069,LAWRENCE.EADDY@DLA.MIL,Primary NAICS 336413,Partial Refresh — Capacity Reached,High
Accepted,C,3,RFP / Solicitation,CONTROLLER ASSEMBLY,"DEPT OF DEFENSE.DEFENSE LOGISTICS AGENCY.DLA AVIATION.DLA AVIATION PHILADELPHIA.DLA AVIATION AT PHILADELPHIA, PA",,Solicitation,63731a2abcef420baacd879dd37d70c0,SPRPA126QXB65,2026-09-11,14,336413,1610,,,Not stated,,"Relevant Butler intelligence or subcontract lead, but prime feasibility is limited. Matched: dla aviation. Scope reads as hardware supply/manufacturing with no clear design, redesign, or engineering work (matched: supply-class PSC 1610), so it is tracked as a subcontract/competitive-intelligence lead rather than a prime fit.",None identified,Possible subcontract lead,No obvious vehicle restriction,Not Applicable,No special eligibility found in SAM.gov fields.,Prime feasible,Monitor as a direct pursuit unless attachments indicate otherwise.,None detected,https://sam.gov/workspace/contract/opp/63731a2abcef420baacd879dd37d70c0/view,"{'rel': 'self', 'href': 'https://api.sam.gov/prod/opportunities/v2/search?noticeid=63731a2abcef420baacd879dd37d70c0&limit=1'}",Telephone: 4557376069,LAWRENCE.EADDY@DLA.MIL,Primary NAICS 336413,Partial Refresh — Capacity Reached,High
Accepted,C,4,RFP / Solicitation,VIARNG Safe Drinking Water Act Service,DEPT OF DEFENSE.DEPT OF THE ARMY.NATIONAL GUARD BUREAU.JFHQ USPFO VI.USPFO VI PROCUREMENT.W7RQ USPFO ACTIVITY VI ARNG,,Solicitation,a22f2fe8c4d2473aadfadbdafde7e7dc,W9127P26QA024,2026-09-11,14,541380,B533,Small Business Set Aside - Total,"Christiansted, Virgin Islands, U.S., UNITED STATES",Not stated,,"Relevant Butler intelligence or subcontract lead, but prime feasibility is limited. Matched: bom, army. Attachment text was included in the screen.",Set-aside eligibility may limit prime feasibility,Check set-aside,No obvious vehicle restriction,Unknown — check Butler contract vehicles,Requires small-business set-aside eligibility.,Prime uncertain,Check whether Butler can qualify directly or should team with an eligible prime.,small business set aside,https://sam.gov/workspace/contract/opp/a22f2fe8c4d2473aadfadbdafde7e7dc/view,"https://sam.gov/api/prod/opps/v3/opportunities/resources/files/12de82ed93674061a3bc2163421b7489/download
https://sam.gov/api/prod/opps/v3/opportunities/resources/files/93f559f5284a4dec97fa613d92f2280a/download
https://sam.gov/api/prod/opps/v3/opportunities/resources/files/dfb65be1a0b24a05a9f007420726d922/download
{'rel': 'self', 'href': 'https://api.sam.gov/prod/opportunities/v2/search?noticeid=a22f2fe8c4d2473aadfadbdafde7e7dc&limit=1'}",2LT Chandy Baptiste,chandy.baptiste2.mil@army.mil,Primary NAICS 541380,Partial Refresh — Capacity Reached,High — attachment text read
Accepted,C,4,RFP / Solicitation,R425 - OPTEVFOR/VX-1 Technical and Analytical Support Services,DEPT OF DEFENSE.DEPT OF THE NAVY.NAVSUP.NAVSUP GLOBAL LOGISTICS SUPPORT.NAVSUP FLC NORFOLK.NAVSUP FLT LOG CTR NORFOLK,,Solicitation,162967e830e5499a9a2367bd8425bc11,N0018926RW023,2026-09-10,13,541330,R425,Service-Disabled Veteran-Owned Small Business (SDVOSB) Set-Aside (FAR 19.14),"0, Maryland, UNITED STATES",Not stated,,"Relevant Butler intelligence or subcontract lead, but prime feasibility is limited. Matched: bom, navy, navsup. Attachment text was included in the screen.",Set-aside eligibility may limit prime feasibility,Check set-aside,No obvious vehicle restriction,Unknown — check Butler contract vehicles,Requires small-business set-aside eligibility.,Prime uncertain,Check whether Butler can qualify directly or should team with an eligible prime.,sdvosb; veteran-owned,https://sam.gov/workspace/contract/opp/162967e830e5499a9a2367bd8425bc11/view,"https://sam.gov/api/prod/opps/v3/opportunities/resources/files/404733da7195497fbc3c8f734df28df0/download
https://sam.gov/api/prod/opps/v3/opportunities/resources/files/6ef17574b4b8452688e4395d0791b5f4/download
https://sam.gov/api/prod/opps/v3/opportunities/resources/files/72e7e69fbd39489ba8e5027e23eb529d/download
https://sam.gov/api/prod/opps/v3/opportunities/resources/files/77f614af2b694c4d9e1a06f33bf79387/download
https://sam.gov/api/prod/opps/v3/opportunities/resources/files/809f96eff6534148acaacb2666b58830/download
https://sam.gov/api/prod/opps/v3/opportunities/resources/files/b73a8a70f1524325bdeeab9138e397e4/download
https://sam.gov/api/prod/opps/v3/opportunities/resources/files/ee117ddc701b4100842f5379187044fb/download
https://sam.gov/api/prod/opps/v3/opportunities/resources/files/f119bc3479a54ab7bc1824c6503d043b/download
{'rel': 'self', 'href': 'https://api.sam.gov/prod/opportunities/v2/search?noticeid=162967e830e5499a9a2367bd8425bc11&limit=1'}",Tierra Watson,tierra.k.watson.civ@us.navy.mil,Primary NAICS 541330,Partial Refresh — Capacity Reached,High — attachment text read
Accepted,C,3,Special Notice,"BOAST RFOP- MOUNT AIR CRAFT BAR MOUNT, NSN:2840-01-583-7965",DEPT OF DEFENSE.DEPT OF THE ARMY.AMC.ACC.ACC-CTRS.ACC-DTA.W6QK ACC- DTA,,Special Notice,b0d6343d70b2488d88f62103ad8bbee4,PANDTA26P0000033172,2026-09-10,13,336412,2840,No Set aside used,UNITED STATES,Not stated,,"Relevant Butler intelligence or subcontract lead, but prime feasibility is limited. Matched: dod, army. Attachment text was included in the screen. Scope reads as hardware supply/manufacturing with no clear design, redesign, or engineering work (matched: nsn, supply-class PSC 2840), so it is tracked as a subcontract/competitive-intelligence lead rather than a prime fit.",None identified,Possible subcontract lead,No obvious vehicle restriction,Not Applicable,No special eligibility found in SAM.gov fields.,Prime feasible,Monitor as a direct pursuit unless attachments indicate otherwise.,None detected,https://sam.gov/workspace/contract/opp/b0d6343d70b2488d88f62103ad8bbee4/view,"https://sam.gov/api/prod/opps/v3/opportunities/resources/files/2404d6b6459d43d9bf59d4f7dcceda8e/download
https://sam.gov/api/prod/opps/v3/opportunities/resources/files/93368ba0038c445f934cb11453a5bfea/download
https://sam.gov/api/prod/opps/v3/opportunities/resources/files/e59cca7d71a742b1827a714a8f56c285/download
{'rel': 'self', 'href': 'https://api.sam.gov/prod/opportunities/v2/search?noticeid=b0d6343d70b2488d88f62103ad8bbee4&limit=1'}",Ashley Treier,ashley.s.treier.civ@army.mil,Primary NAICS 336412,Partial Refresh — Capacity Reached,High — attachment text read
Accepted,C,3,RFP / Solicitation,SwitchPressure_End_Item_F110_NSN_5930012154689PR_PN_1274M99P01,"DEPT OF DEFENSE.DEFENSE LOGISTICS AGENCY.DLA AVIATION.DLA AVIATION OKLAHOMA CITY.DLA AVIATION AT OKLAHOMA CITY, OK",,Solicitation,2e50a41e9b8f4537924a7ee2fb5384c9,SPRTA126Q0448,2026-09-10,13,336412,5930,No Set aside used,"0, Oklahoma, UNITED STATES",Not stated,,"Relevant Butler intelligence or subcontract lead, but prime feasibility is limited. Matched: dla aviation. Scope reads as hardware supply/manufacturing with no clear design, redesign, or engineering work (matched: nsn, supply-class PSC 5930), so it is tracked as a subcontract/competitive-intelligence lead rather than a prime fit.",None identified,Possible subcontract lead,No obvious vehicle restriction,Not Applicable,No special eligibility found in SAM.gov fields.,Prime feasible,Monitor as a direct pursuit unless attachments indicate otherwise.,None detected,https://sam.gov/workspace/contract/opp/2e50a41e9b8f4537924a7ee2fb5384c9/view,"{'rel': 'self', 'href': 'https://api.sam.gov/prod/opportunities/v2/search?noticeid=2e50a41e9b8f4537924a7ee2fb5384c9&limit=1'}",Clifford Dockter,clifford.dockter@us.af.mil,Primary NAICS 336412,Partial Refresh — Capacity Reached,High
Accepted,C,3,RFP / Solicitation,"STATOR,ENGINE GENER","DEPT OF DEFENSE.DEFENSE LOGISTICS AGENCY.DLA AVIATION.DLA AVIATION OKLAHOMA CITY.DLA AVIATION AT OKLAHOMA CITY, OK",,Solicitation,c2b6d671443d4edcba3294f8e2fab9ef,SPRTA126Q0454,2026-09-10,13,336412,2950,No Set aside used,,Not stated,,"Relevant Butler intelligence or subcontract lead, but prime feasibility is limited. Matched: dla aviation. Attachment text was included in the screen. Scope reads as hardware supply/manufacturing with no clear design, redesign, or engineering work (matched: supply-class PSC 2950), so it is tracked as a subcontract/competitive-intelligence lead rather than a prime fit.",None identified,Possible subcontract lead,No obvious vehicle restriction,Not Applicable,No special eligibility found in SAM.gov fields.,Prime feasible,Monitor as a direct pursuit unless attachments indicate otherwise.,None detected,https://sam.gov/workspace/contract/opp/c2b6d671443d4edcba3294f8e2fab9ef/view,"https://sam.gov/api/prod/opps/v3/opportunities/resources/files/a25704d3cd794b69ae937b584dac43cb/download
{'rel': 'self', 'href': 'https://api.sam.gov/prod/opportunities/v2/search?noticeid=c2b6d671443d4edcba3294f8e2fab9ef&limit=1'}",WANNIE DEBOUSE,wannie.debouse@us.af.mil,Primary NAICS 336412,Partial Refresh — Capacity Reached,High — attachment text read
Accepted,C,3,RFP / Solicitation,16--SPRING COVER,DEPT OF DEFENSE.DEPT OF THE NAVY.NAVSUP.NAVSUP WEAPON SYSTEMS SUPPORT.NAVSUP WSS PHILADELPHIA.NAVSUP WEAPON SYSTEMS SUPPORT,,Solicitation,89340680e1734adf9599064287e5893c,N0038326QFB89,2026-09-10,13,336413,1680,,,Not stated,,"Relevant Butler intelligence or subcontract lead, but prime feasibility is limited. Matched: navy, navsup. Scope reads as hardware supply/manufacturing with no clear design, redesign, or engineering work (matched: supply-class PSC 1680), so it is tracked as a subcontract/competitive-intelligence lead rather than a prime fit.",None identified,Possible subcontract lead,No obvious vehicle restriction,Not Applicable,No special eligibility found in SAM.gov fields.,Prime feasible,Monitor as a direct pursuit unless attachments indicate otherwise.,None detected,https://sam.gov/workspace/contract/opp/89340680e1734adf9599064287e5893c/view,"{'rel': 'self', 'href': 'https://api.sam.gov/prod/opportunities/v2/search?noticeid=89340680e1734adf9599064287e5893c&limit=1'}",Telephone: 2156973752,CASEY.M.BROWN20.CIV@US.NAVY.MIL,Primary NAICS 336413,Partial Refresh — Capacity Reached,High
Accepted,C,3,RFP / Solicitation,16--FLOOR STUD FORK,DEPT OF DEFENSE.DEPT OF THE NAVY.NAVSUP.NAVSUP WEAPON SYSTEMS SUPPORT.NAVSUP WSS PHILADELPHIA.NAVSUP WEAPON SYSTEMS SUPPORT,,Solicitation,66c8ef7c65fb468ea45f0bea03fe0d32,N0038326QFB90,2026-09-10,13,336413,1680,,,Not stated,,"Relevant Butler intelligence or subcontract lead, but prime feasibility is limited. Matched: navy, navsup. Scope reads as hardware supply/manufacturing with no clear design, redesign, or engineering work (matched: supply-class PSC 1680), so it is tracked as a subcontract/competitive-intelligence lead rather than a prime fit.",None identified,Possible subcontract lead,No obvious vehicle restriction,Not Applicable,No special eligibility found in SAM.gov fields.,Prime feasible,Monitor as a direct pursuit unless attachments indicate otherwise.,None detected,https://sam.gov/workspace/contract/opp/66c8ef7c65fb468ea45f0bea03fe0d32/view,"{'rel': 'self', 'href': 'https://api.sam.gov/prod/opportunities/v2/search?noticeid=66c8ef7c65fb468ea45f0bea03fe0d32&limit=1'}",Telephone: 2156973752,CASEY.M.BROWN20.CIV@US.NAVY.MIL,Primary NAICS 336413,Partial Refresh — Capacity Reached,High
Accepted,A,10,RFP / Solicitation,This is a FMS repair requirement for the repair and upgrade of NSN 7RH 1680 015830119,DEPT OF DEFENSE.DEPT OF THE NAVY.NAVSUP.NAVSUP WEAPON SYSTEMS SUPPORT.NAVSUP WSS PHILADELPHIA.NAVSUP WEAPON SYSTEMS SUPPORT,,Solicitation,4c6e10335c9440fdbcea1fe81afdcda2,N0038326QH085,2026-09-10,13,336413,1680,,,Not stated,,"Direct match to Butler aerospace/defense engineering or sustainment capabilities. Matched: uas, mbe, navy, navsup. Attachment text was included in the screen.",None identified,Add to tracker,No obvious vehicle restriction,Not Applicable,No special eligibility found in SAM.gov fields.,Prime feasible,Monitor as a direct pursuit unless attachments indicate otherwise.,None detected,https://sam.gov/workspace/contract/opp/4c6e10335c9440fdbcea1fe81afdcda2/view,"https://sam.gov/api/prod/opps/v3/opportunities/resources/files/54f29a80b09641af91260e8d3e12ac58/download
{'rel': 'self', 'href': 'https://api.sam.gov/prod/opportunities/v2/search?noticeid=4c6e10335c9440fdbcea1fe81afdcda2&limit=1'}",Alexis Hoepfl,alexis.t.hoepfl.civ@us.navy.mil,Primary NAICS 336413,Partial Refresh — Capacity Reached,High — attachment text read
Accepted,C,3,RFP / Solicitation,"SPE4A726R0715-011532314-CYLINDER ASSEMBLY,A",DEPT OF DEFENSE.DEFENSE LOGISTICS AGENCY.DLA AVIATION.DLA AV RICHMOND.DLA AVIATION,,Solicitation,e02d3b7ec477491b96683172668512a1,SPE4A726R0715,2026-09-10,13,336413,1650,No Set aside used,"65226, Virginia, UNITED STATES",Not stated,,"Relevant Butler intelligence or subcontract lead, but prime feasibility is limited. Matched: dla aviation. Scope reads as hardware supply/manufacturing with no clear design, redesign, or engineering work (matched: supply-class PSC 1650), so it is tracked as a subcontract/competitive-intelligence lead rather than a prime fit.",None identified,Possible subcontract lead,No obvious vehicle restriction,Not Applicable,No special eligibility found in SAM.gov fields.,Prime feasible,Monitor as a direct pursuit unless attachments indicate otherwise.,None detected,https://sam.gov/workspace/contract/opp/e02d3b7ec477491b96683172668512a1/view,"{'rel': 'self', 'href': 'https://api.sam.gov/prod/opportunities/v2/search?noticeid=e02d3b7ec477491b96683172668512a1&limit=1'}",April Reed,april.reed@dla.mil,Primary NAICS 336413,Partial Refresh — Capacity Reached,High
Accepted,C,5,RFP / Solicitation,Blanket Purchase Agreement (BPA) Water Testing Har,"INTERIOR, DEPARTMENT OF THE.BUREAU OF LAND MANAGEMENT.NATIONAL OPERATIONS CENTER",,Solicitation,ca3a0768a72b471b9ca652430a5b877e,140L0626Q0013,2026-09-10,13,541380,6632,,,Not stated,,"Relevant Butler intelligence or subcontract lead, but prime feasibility is limited. Matched: testing. Attachment text was included in the screen. Scope reads as hardware supply/manufacturing with no clear design, redesign, or engineering work (matched: supply-class PSC 6632), so it is tracked as a subcontract/competitive-intelligence lead rather than a prime fit.",None identified,Possible subcontract lead,No obvious vehicle restriction,Not Applicable,No special eligibility found in SAM.gov fields.,Prime feasible,Monitor as a direct pursuit unless attachments indicate otherwise.,None detected,https://sam.gov/workspace/contract/opp/ca3a0768a72b471b9ca652430a5b877e/view,"https://sam.gov/api/prod/opps/v3/opportunities/resources/files/33c9d1d8df424346b424406e3619a861/download
https://sam.gov/api/prod/opps/v3/opportunities/resources/files/a5cc672f74aa40c594f8d2c0327e6894/download
{'rel': 'self', 'href': 'https://api.sam.gov/prod/opportunities/v2/search?noticeid=ca3a0768a72b471b9ca652430a5b877e&limit=1'}","Mora, Lori",lori_mora@ios.doi.gov,Primary NAICS 541380,Partial Refresh — Capacity Reached,High — attachment text read
Accepted,C,3,RFP / Solicitation,"""NSN 2995-01-626-6826, QUADRANT,POWER CONT, WSDC: YLN, HELICOPTER, SEAHAWK, H-60.”",DEPT OF DEFENSE.DEFENSE LOGISTICS AGENCY.DLA AVIATION.DLA AV RICHMOND.DLA AVIATION,,Solicitation,3377692d140641359257b1c7331755c0,SPE4A526R0296,2026-09-09,12,336412,2995,No Set aside used,"Richmond, Virginia, UNITED STATES",Not stated,,"Relevant Butler intelligence or subcontract lead, but prime feasibility is limited. Matched: dla aviation. Scope reads as hardware supply/manufacturing with no clear design, redesign, or engineering work (matched: nsn, supply-class PSC 2995), so it is tracked as a subcontract/competitive-intelligence lead rather than a prime fit.",None identified,Possible subcontract lead,No obvious vehicle restriction,Not Applicable,No special eligibility found in SAM.gov fields.,Prime feasible,Monitor as a direct pursuit unless attachments indicate otherwise.,None detected,https://sam.gov/workspace/contract/opp/3377692d140641359257b1c7331755c0/view,"{'rel': 'self', 'href': 'https://api.sam.gov/prod/opportunities/v2/search?noticeid=3377692d140641359257b1c7331755c0&limit=1'}",Samuel Kogi,samuel.kogi@dla.mil,Primary NAICS 336412,Partial Refresh — Capacity Reached,High
Accepted,C,0,Sources Sought / RFI,Improved Turbine Engine T901 Series (YT Rated Engines),DEPT OF DEFENSE.DEPT OF THE ARMY.AMC.ACC.ACC-CTRS.ACC RSA.W6QK ACC-RSA,,Sources Sought,210864f9da954eae9ac800f9b1c37ebc,W58RGZ-19-C-0003,2026-09-09,12,336412,2840,Small Business Set Aside - Partial,"Lynn, Massachusetts, UNITED STATES",Not stated,,"Relevant Butler intelligence or subcontract lead, but prime feasibility is limited. Matched: army. Attachment text was included in the screen. Scope reads as hardware supply/manufacturing with no clear design, redesign, or engineering work (matched: supply-class PSC 2840), so it is tracked as a subcontract/competitive-intelligence lead rather than a prime fit.",Set-aside eligibility may limit prime feasibility,Check set-aside,No obvious vehicle restriction,Unknown — check Butler contract vehicles,Requires small-business set-aside eligibility.,Prime uncertain,Check whether Butler can qualify directly or should team with an eligible prime.,small business set aside,https://sam.gov/workspace/contract/opp/210864f9da954eae9ac800f9b1c37ebc/view,"https://sam.gov/api/prod/opps/v3/opportunities/resources/files/a27b6c0da99449e8bd66b76d894c6648/download
{'rel': 'self', 'href': 'https://api.sam.gov/prod/opportunities/v2/search?noticeid=210864f9da954eae9ac800f9b1c37ebc&limit=1'}",Erica McClain,erica.l.mcclain2.civ@army.mil,Primary NAICS 336412,Partial Refresh — Capacity Reached,High — attachment text read
Accepted,C,-2,RFP / Solicitation,"29--INJECTOR,FUEL",DEPT OF DEFENSE.DEFENSE LOGISTICS AGENCY.DLA LAND.DLA LAND COLUMBUS.DLA LAND AND MARITIME,,Solicitation,13bb45b453bc4146a25896a6250a39bf,SPE7LX26U9747,2026-09-09,12,336412,29,,,Not stated,,"Relevant Butler intelligence or subcontract lead, but prime feasibility is limited. Scope reads as hardware supply/manufacturing with no clear design, redesign, or engineering work (matched: supply-class PSC 29), so it is tracked as a subcontract/competitive-intelligence lead rather than a prime fit.",None identified,Possible subcontract lead,No obvious vehicle restriction,Not Applicable,No special eligibility found in SAM.gov fields.,Prime feasible,Monitor as a direct pursuit unless attachments indicate otherwise.,None detected,https://sam.gov/workspace/contract/opp/13bb45b453bc4146a25896a6250a39bf/view,"{'rel': 'self', 'href': 'https://api.sam.gov/prod/opportunities/v2/search?noticeid=13bb45b453bc4146a25896a6250a39bf&limit=1'}","Questions regarding this solicitation should be emailed to the buyer listed in block 5 of the solicitation document which can be found under the Additional Information link.
If the Additional Information link does not work, please go to https://www.dibbs.bsm.dla.mil/Solicitations/ and type the solicitation number in the Global Search box.
",DibbsBSM@dla.mil,Primary NAICS 336412,Partial Refresh — Capacity Reached,High
Accepted,C,3,RFP / Solicitation,Canopy Fixed,"DEPT OF DEFENSE.DEFENSE LOGISTICS AGENCY.DLA AVIATION.DLA AVIATION HUNTSVILLE.DLA AVIATION AT HUNTSVILLE, AL",,Solicitation,78fe3c264fce4dadaba3e93b833053f9,SPRRA2-26-R-0080,2026-09-09,12,336413,1560,No Set aside used,"Grand Prairie, Texas, UNITED STATES",Not stated,,"Relevant Butler intelligence or subcontract lead, but prime feasibility is limited. Matched: dla aviation. Attachment text was included in the screen. Scope reads as hardware supply/manufacturing with no clear design, redesign, or engineering work (matched: supply-class PSC 1560), so it is tracked as a subcontract/competitive-intelligence lead rather than a prime fit.",None identified,Possible subcontract lead,No obvious vehicle restriction,Not Applicable,No special eligibility found in SAM.gov fields.,Prime feasible,Monitor as a direct pursuit unless attachments indicate otherwise.,None detected,https://sam.gov/workspace/contract/opp/78fe3c264fce4dadaba3e93b833053f9/view,"https://sam.gov/api/prod/opps/v3/opportunities/resources/files/0f271b473a7a40459f735e6862b44eab/download
https://sam.gov/api/prod/opps/v3/opportunities/resources/files/aa67f933ff064a178f802df98ed05852/download
https://sam.gov/api/prod/opps/v3/opportunities/resources/files/c57ca19449014d868f8d2296f72519bf/download
{'rel': 'self', 'href': 'https://api.sam.gov/prod/opportunities/v2/search?noticeid=78fe3c264fce4dadaba3e93b833053f9&limit=1'}",Michael Romine,michael.1.romine@dla.mil,Primary NAICS 336413,Partial Refresh — Capacity Reached,High — attachment text read
Accepted,C,0,RFP / Solicitation,Remanufacture of C-5/C-130 Linear Direct Valve,DEPT OF DEFENSE.DEPT OF THE AIR FORCE.AIR FORCE MATERIEL COMMAND.AIR FORCE SUSTAINMENT CENTER.FA8118  AFSC PZABB,,Solicitation,f526e6be3fab474991bdae24c14e2f7f,FD20302601413-01,2026-09-09,12,336413,4810,Small Business Set Aside - Total,"0, Oklahoma, UNITED STATES",Not stated,,"Relevant Butler intelligence or subcontract lead, but prime feasibility is limited. Matched: air force. Attachment text was included in the screen. Scope reads as hardware supply/manufacturing with no clear design, redesign, or engineering work (matched: remanufacture, supply-class PSC 4810), so it is tracked as a subcontract/competitive-intelligence lead rather than a prime fit.",Set-aside eligibility may limit prime feasibility,Check set-aside,No obvious vehicle restriction,Unknown — check Butler contract vehicles,Requires small-business set-aside eligibility.,Prime uncertain,Check whether Butler can qualify directly or should team with an eligible prime.,small business set aside,https://sam.gov/workspace/contract/opp/f526e6be3fab474991bdae24c14e2f7f/view,"https://sam.gov/api/prod/opps/v3/opportunities/resources/files/bac51d6f5c1944b2be1d64a2d69f90d3/download
{'rel': 'self', 'href': 'https://api.sam.gov/prod/opportunities/v2/search?noticeid=f526e6be3fab474991bdae24c14e2f7f&limit=1'}",Shannon Reed,Shannon.reed.8@us.af.mil,Primary NAICS 336413,Partial Refresh — Capacity Reached,High — attachment text read
Accepted,C,-2,RFP / Solicitation,"16--CUSHION,SEAT,AIRCRA",DEPT OF DEFENSE.DEFENSE LOGISTICS AGENCY.DLA LAND.DLA LAND COLUMBUS.DLA LAND AND MARITIME,,Solicitation,f390477418c2411b8b7a9f942be59229,SPE7LX26U9773,2026-09-09,12,336413,16,,,Not stated,,"Relevant Butler intelligence or subcontract lead, but prime feasibility is limited. Scope reads as hardware supply/manufacturing with no clear design, redesign, or engineering work (matched: supply-class PSC 16), so it is tracked as a subcontract/competitive-intelligence lead rather than a prime fit.",None identified,Possible subcontract lead,No obvious vehicle restriction,Not Applicable,No special eligibility found in SAM.gov fields.,Prime feasible,Monitor as a direct pursuit unless attachments indicate otherwise.,None detected,https://sam.gov/workspace/contract/opp/f390477418c2411b8b7a9f942be59229/view,"{'rel': 'self', 'href': 'https://api.sam.gov/prod/opportunities/v2/search?noticeid=f390477418c2411b8b7a9f942be59229&limit=1'}","Questions regarding this solicitation should be emailed to the buyer listed in block 5 of the solicitation document which can be found under the Additional Information link.
If the Additional Information link does not work, please go to https://www.dibbs.bsm.dla.mil/Solicitations/ and type the solicitation number in the Global Search box.
",DibbsBSM@dla.mil,Primary NAICS 336413,Partial Refresh — Capacity Reached,High
Accepted,C,0,RFP / Solicitation,176 OSS CAZ Kits,DEPT OF DEFENSE.DEPT OF THE ARMY.NATIONAL GUARD BUREAU.JFHQ USPFO AK.USPFO AK PROCUREMENT.W7MU USPFO ACTIVITY AKANG 176,,Solicitation,cc0dc3fdf04c445db074d5b2291ea7f5,W50S6L-26-Q-0012,2026-09-09,12,336413,4220,Small Business Set Aside - Total,"0, Alaska, UNITED STATES",Not stated,,"Relevant Butler intelligence or subcontract lead, but prime feasibility is limited. Matched: army. Attachment text was included in the screen. Scope reads as hardware supply/manufacturing with no clear design, redesign, or engineering work (matched: supply-class PSC 4220), so it is tracked as a subcontract/competitive-intelligence lead rather than a prime fit.",Set-aside eligibility may limit prime feasibility,Check set-aside,No obvious vehicle restriction,Unknown — check Butler contract vehicles,Requires small-business set-aside eligibility.,Prime uncertain,Check whether Butler can qualify directly or should team with an eligible prime.,small business set aside,https://sam.gov/workspace/contract/opp/cc0dc3fdf04c445db074d5b2291ea7f5/view,"https://sam.gov/api/prod/opps/v3/opportunities/resources/files/d83f060fca7b46578990b773e8fdaac9/download
https://sam.gov/api/prod/opps/v3/opportunities/resources/files/dac33790feb949ff95d6602c5d410db2/download
{'rel': 'self', 'href': 'https://api.sam.gov/prod/opportunities/v2/search?noticeid=cc0dc3fdf04c445db074d5b2291ea7f5&limit=1'}",Martin Khan,Martin.khan@us.af.mil,Primary NAICS 336413,Partial Refresh — Capacity Reached,High — attachment text read
Accepted,C,-2,Low-Feasibility / J&A,Notice of Intent to Sole Source: B1-B Yaw Limiter,DEPT OF DEFENSE.DEPT OF THE AIR FORCE.AIR FORCE GLOBAL STRIKE COMMAND.FA4690  28 CONS PKC,,Special Notice,3a805feb0e2d455b8a03c766e949d158,F1V2C16232A001,2026-09-09,12,336413,1680,No Set aside used,"Ellsworth AFB, South Dakota, UNITED STATES",Not stated,,"Relevant Butler intelligence or subcontract lead, but prime feasibility is limited. Matched: air force. Scope reads as hardware supply/manufacturing with no clear design, redesign, or engineering work (matched: supply-class PSC 1680), so it is tracked as a subcontract/competitive-intelligence lead rather than a prime fit.",Sole-source/OEM/brand-name restriction detected,Check incumbent,No obvious vehicle restriction,Not Applicable,No special eligibility found in SAM.gov fields.,Prime unlikely,Monitor as a direct pursuit unless attachments indicate otherwise.,sole source; intent to sole source,https://sam.gov/workspace/contract/opp/3a805feb0e2d455b8a03c766e949d158/view,"{'rel': 'self', 'href': 'https://api.sam.gov/prod/opportunities/v2/search?noticeid=3a805feb0e2d455b8a03c766e949d158&limit=1'}",A1C Trent Waterman,trent.waterman@us.af.mil,Primary NAICS 336413,Partial Refresh — Capacity Reached,High
Accepted,C,3,RFP / Solicitation,Small Munitions Handling Trailers MHU 110/141,DEPT OF DEFENSE.DEPT OF THE AIR FORCE.AIR FORCE MATERIEL COMMAND.AIR FORCE LIFE CYCLE MANAGEMENT CENTER.COMBAT READINESS.FA8532 AFLCMC ROKA,,Solicitation,0acadfd69ce94b408e094d0f00a16359,FA8532-26-R-0001,2026-09-09,12,336413,1740,,"Warner Robins, Georgia, UNITED STATES",Not stated,,"Relevant Butler intelligence or subcontract lead, but prime feasibility is limited. Matched: air force, aflcmc. Scope reads as hardware supply/manufacturing with no clear design, redesign, or engineering work (matched: supply-class PSC 1740), so it is tracked as a subcontract/competitive-intelligence lead rather than a prime fit.",None identified,Possible subcontract lead,No obvious vehicle restriction,Not Applicable,No special eligibility found in SAM.gov fields.,Prime feasible,Monitor as a direct pursuit unless attachments indicate otherwise.,None detected,https://sam.gov/workspace/contract/opp/0acadfd69ce94b408e094d0f00a16359/view,"{'rel': 'self', 'href': 'https://api.sam.gov/prod/opportunities/v2/search?noticeid=0acadfd69ce94b408e094d0f00a16359&limit=1'}",Shanika Brown,shanika.brown.1@us.af.mil,Primary NAICS 336413,Partial Refresh — Capacity Reached,High
Accepted,C,5,RFP / Solicitation,VLF Testing Medium Voltage for 74 underground Power Lines,DEPT OF DEFENSE.DEPT OF THE AIR FORCE.AIR FORCE RESERVE COMMAND.FA6712  911 AW LGC,,Solicitation,109e9dcfc01d48c3b927387fd161c6f0,FA671226Q0014,2026-09-09,12,541380,H299,Small Business Set Aside - Total,,Not stated,,"Relevant Butler intelligence or subcontract lead, but prime feasibility is limited. Matched: testing, air force. Attachment text was included in the screen.",Set-aside eligibility may limit prime feasibility,Check set-aside,No obvious vehicle restriction,Unknown — check Butler contract vehicles,Requires small-business set-aside eligibility.,Prime uncertain,Check whether Butler can qualify directly or should team with an eligible prime.,small business set aside,https://sam.gov/workspace/contract/opp/109e9dcfc01d48c3b927387fd161c6f0/view,"https://sam.gov/api/prod/opps/v3/opportunities/resources/files/4a4f625b8ab1455bad000a2234da6f08/download
https://sam.gov/api/prod/opps/v3/opportunities/resources/files/4c071ce9b9024de191f14f601f4b92e3/download
https://sam.gov/api/prod/opps/v3/opportunities/resources/files/6e66300a44de4f7891f71b5c982751e9/download
{'rel': 'self', 'href': 'https://api.sam.gov/prod/opportunities/v2/search?noticeid=109e9dcfc01d48c3b927387fd161c6f0&limit=1'}",Crystal Spurlin,crystal.spurlin@us.af.mil,Primary NAICS 541380,Partial Refresh — Capacity Reached,High — attachment text read
Accepted,B,6,Sources Sought / RFI,PD-42-0003; LCS-2 Waterjet Engineering Services,DEPT OF DEFENSE.DEPT OF THE NAVY.NAVSEA.NAVSEA WARFARE CENTER.NSWC PHILADELPHIA DIV,,Sources Sought,9352cfe1de65474f9fb25d87e04a35f4,N64498-27-RFPREQ-PD-42-0003,2026-09-08,11,541330,R425,No Set aside used,"Philadelphia, Pennsylvania, UNITED STATES",Not stated,,"Possible Butler fit through broader defense engineering, logistics, testing, or program support. Matched: engineering services, navy, navsea, nswc. Attachment text was included in the screen.",None identified,Add to tracker,No obvious vehicle restriction,Not Applicable,No special eligibility found in SAM.gov fields.,Prime feasible,Monitor as a direct pursuit unless attachments indicate otherwise.,None detected,https://sam.gov/workspace/contract/opp/9352cfe1de65474f9fb25d87e04a35f4/view,"https://sam.gov/api/prod/opps/v3/opportunities/resources/files/877521a2d2a74da8a352eeba9327c211/download
https://sam.gov/api/prod/opps/v3/opportunities/resources/files/b90ac39e4c3f408d81a4d153c2d4ac7a/download
{'rel': 'self', 'href': 'https://api.sam.gov/prod/opportunities/v2/search?noticeid=9352cfe1de65474f9fb25d87e04a35f4&limit=1'}",Jenny Tomeo,Jenny.e.Tomeo.civ@us.navy.mil,Primary NAICS 541330,Partial Refresh — Capacity Reached,High — attachment text read
Accepted,C,-2,RFP / Solicitation,"Notice of Intent to Sole Source Integrated Security Technologies, Inc.",DEPT OF DEFENSE.DEFENSE HEALTH AGENCY (DHA).ARMY MED RES ACQ ACTIVITY,,Solicitation,2d685c6337ba477b9eb6e45897636396,PANDHA-26-P-0000046543,2026-09-08,11,541330,6340,,"JBPHH, Hawaii, UNITED STATES",Not stated,,"Relevant Butler intelligence or subcontract lead, but prime feasibility is limited. Matched: army. Attachment text was included in the screen. Scope reads as hardware supply/manufacturing with no clear design, redesign, or engineering work (matched: supply-class PSC 6340), so it is tracked as a subcontract/competitive-intelligence lead rather than a prime fit.",Sole-source/OEM/brand-name restriction detected,Check incumbent,No obvious vehicle restriction,Not Applicable,No special eligibility found in SAM.gov fields.,Prime unlikely,Monitor as a direct pursuit unless attachments indicate otherwise.,sole source; intent to sole source,https://sam.gov/workspace/contract/opp/2d685c6337ba477b9eb6e45897636396/view,"https://sam.gov/api/prod/opps/v3/opportunities/resources/files/9d1df441959e4487ae68c345988273cb/download
{'rel': 'self', 'href': 'https://api.sam.gov/prod/opportunities/v2/search?noticeid=2d685c6337ba477b9eb6e45897636396&limit=1'}",Alicia MALDONADO TORRES,alicia.maldonadotorres.civ@health.mil,Primary NAICS 541330,Partial Refresh — Capacity Reached,High — attachment text read
Accepted,C,-5,RFP / Solicitation,"48--PLATE,NOZZLE AND SEAL",DEPT OF DEFENSE.DEFENSE LOGISTICS AGENCY.DLA MARITIME.DLA MARITIME COLUMBUS.DLA LAND AND MARITIME,,Solicitation,f40c2c7ceb024084a839b81d2e50cfdd,SPE7MC26T238X,2026-09-08,11,336411,48,Small Business Set Aside - Total,,Not stated,,"Relevant Butler intelligence or subcontract lead, but prime feasibility is limited. Scope reads as hardware supply/manufacturing with no clear design, redesign, or engineering work (matched: supply-class PSC 48), so it is tracked as a subcontract/competitive-intelligence lead rather than a prime fit.",Set-aside eligibility may limit prime feasibility,Check set-aside,No obvious vehicle restriction,Unknown — check Butler contract vehicles,Requires small-business set-aside eligibility.,Prime uncertain,Check whether Butler can qualify directly or should team with an eligible prime.,small business set aside,https://sam.gov/workspace/contract/opp/f40c2c7ceb024084a839b81d2e50cfdd/view,"{'rel': 'self', 'href': 'https://api.sam.gov/prod/opportunities/v2/search?noticeid=f40c2c7ceb024084a839b81d2e50cfdd&limit=1'}","Questions regarding this solicitation should be emailed to the buyer listed in block 5 of the solicitation document which can be found under the Additional Information link.
If the Additional Information link does not work, please go to https://www.dibbs.bsm.dla.mil/Solicitations/ and type the solicitation number in the Global Search box.
",DibbsBSM@dla.mil,Primary NAICS 336411,Partial Refresh — Capacity Reached,High
Accepted,C,-2,RFP / Solicitation,"29--VALVE,FUEL SHUTOFF",DEPT OF DEFENSE.DEFENSE LOGISTICS AGENCY.DLA MARITIME.DLA MARITIME COLUMBUS.DLA LAND AND MARITIME,,Solicitation,4ae9bab0759f4b449f433121b3e5e955,SPE7M426T372U,2026-09-08,11,336412,29,,,Not stated,,"Relevant Butler intelligence or subcontract lead, but prime feasibility is limited. Scope reads as hardware supply/manufacturing with no clear design, redesign, or engineering work (matched: supply-class PSC 29), so it is tracked as a subcontract/competitive-intelligence lead rather than a prime fit.",None identified,Possible subcontract lead,No obvious vehicle restriction,Not Applicable,No special eligibility found in SAM.gov fields.,Prime feasible,Monitor as a direct pursuit unless attachments indicate otherwise.,None detected,https://sam.gov/workspace/contract/opp/4ae9bab0759f4b449f433121b3e5e955/view,"{'rel': 'self', 'href': 'https://api.sam.gov/prod/opportunities/v2/search?noticeid=4ae9bab0759f4b449f433121b3e5e955&limit=1'}","Questions regarding this solicitation should be emailed to the buyer listed in block 5 of the solicitation document which can be found under the Additional Information link.
If the Additional Information link does not work, please go to https://www.dibbs.bsm.dla.mil/Solicitations/ and type the solicitation number in the Global Search box.
",DibbsBSM@dla.mil,Primary NAICS 336412,Partial Refresh — Capacity Reached,High
Accepted,C,-2,RFP / Solicitation,"29--VALVE,FUEL SHUTOFF",DEPT OF DEFENSE.DEFENSE LOGISTICS AGENCY.DLA MARITIME.DLA MARITIME COLUMBUS.DLA LAND AND MARITIME,,Solicitation,d58ddf391b684cb990f49e17b3435a72,SPE7M426T366G,2026-09-08,11,336412,29,,,Not stated,,"Relevant Butler intelligence or subcontract lead, but prime feasibility is limited. Scope reads as hardware supply/manufacturing with no clear design, redesign, or engineering work (matched: supply-class PSC 29), so it is tracked as a subcontract/competitive-intelligence lead rather than a prime fit.",None identified,Possible subcontract lead,No obvious vehicle restriction,Not Applicable,No special eligibility found in SAM.gov fields.,Prime feasible,Monitor as a direct pursuit unless attachments indicate otherwise.,None detected,https://sam.gov/workspace/contract/opp/d58ddf391b684cb990f49e17b3435a72/view,"{'rel': 'self', 'href': 'https://api.sam.gov/prod/opportunities/v2/search?noticeid=d58ddf391b684cb990f49e17b3435a72&limit=1'}","Questions regarding this solicitation should be emailed to the buyer listed in block 5 of the solicitation document which can be found under the Additional Information link.
If the Additional Information link does not work, please go to https://www.dibbs.bsm.dla.mil/Solicitations/ and type the solicitation number in the Global Search box.
",DibbsBSM@dla.mil,Primary NAICS 336412,Partial Refresh — Capacity Reached,High
Accepted,C,3,RFP / Solicitation,"TRIPOD,DISPL MOUNT","DEPT OF DEFENSE.DEFENSE LOGISTICS AGENCY.DLA AVIATION.DLA AVIATION PHILADELPHIA.DLA AVIATION AT PHILADELPHIA, PA",,Solicitation,fbea92262ad949ba92f4cb5c75677a79,SPRPA126QZB70,2026-09-08,11,336413,1680,,,Not stated,,"Relevant Butler intelligence or subcontract lead, but prime feasibility is limited. Matched: dla aviation. Scope reads as hardware supply/manufacturing with no clear design, redesign, or engineering work (matched: supply-class PSC 1680), so it is tracked as a subcontract/competitive-intelligence lead rather than a prime fit.",None identified,Possible subcontract lead,No obvious vehicle restriction,Not Applicable,No special eligibility found in SAM.gov fields.,Prime feasible,Monitor as a direct pursuit unless attachments indicate otherwise.,None detected,https://sam.gov/workspace/contract/opp/fbea92262ad949ba92f4cb5c75677a79/view,"{'rel': 'self', 'href': 'https://api.sam.gov/prod/opportunities/v2/search?noticeid=fbea92262ad949ba92f4cb5c75677a79&limit=1'}",Telephone: 4457373567,CANON.CHHOUN@DLA.MIL,Primary NAICS 336413,Partial Refresh — Capacity Reached,High
Accepted,C,-5,RFP / Solicitation,SPRING WIRE SUPPORT 1710-006263917,DEPT OF DEFENSE.DEFENSE LOGISTICS AGENCY.DLA MARITIME.DLA MARITIME COLUMBUS.DLA LAND AND MARITIME,,Solicitation,f3d6c9a5d40b46c2af8ba4afd0352c74,SPE7M126R0010,2026-09-08,11,336413,1710,Small Business Set Aside - Total,"Bremerton, Washington, UNITED STATES",Not stated,,"Relevant Butler intelligence or subcontract lead, but prime feasibility is limited. Scope reads as hardware supply/manufacturing with no clear design, redesign, or engineering work (matched: supply-class PSC 1710), so it is tracked as a subcontract/competitive-intelligence lead rather than a prime fit.",Set-aside eligibility may limit prime feasibility,Check set-aside,No obvious vehicle restriction,Unknown — check Butler contract vehicles,Requires small-business set-aside eligibility.,Prime uncertain,Check whether Butler can qualify directly or should team with an eligible prime.,small business set aside,https://sam.gov/workspace/contract/opp/f3d6c9a5d40b46c2af8ba4afd0352c74/view,"{'rel': 'self', 'href': 'https://api.sam.gov/prod/opportunities/v2/search?noticeid=f3d6c9a5d40b46c2af8ba4afd0352c74&limit=1'}",Nathanial Young,nathanial.e.young@dla.mil,Primary NAICS 336413,Partial Refresh — Capacity Reached,High
Accepted,C,3,RFP / Solicitation,"FAIRING ASSY,SIRFC,","DEPT OF DEFENSE.DEFENSE LOGISTICS AGENCY.DLA AVIATION.DLA AVIATION PHILADELPHIA.DLA AVIATION AT PHILADELPHIA, PA",,Solicitation,cb53a53ed2694cc083e080a57cab65c4,SPRPA126QWC08,2026-09-08,11,336413,1680,,,Not stated,,"Relevant Butler intelligence or subcontract lead, but prime feasibility is limited. Matched: dla aviation. Scope reads as hardware supply/manufacturing with no clear design, redesign, or engineering work (matched: supply-class PSC 1680), so it is tracked as a subcontract/competitive-intelligence lead rather than a prime fit.",None identified,Possible subcontract lead,No obvious vehicle restriction,Not Applicable,No special eligibility found in SAM.gov fields.,Prime feasible,Monitor as a direct pursuit unless attachments indicate otherwise.,None detected,https://sam.gov/workspace/contract/opp/cb53a53ed2694cc083e080a57cab65c4/view,"{'rel': 'self', 'href': 'https://api.sam.gov/prod/opportunities/v2/search?noticeid=cb53a53ed2694cc083e080a57cab65c4&limit=1'}",Telephone: 2157370865,NASEEM.AOUN@DLA.MIL,Primary NAICS 336413,Partial Refresh — Capacity Reached,High
Accepted,C,-2,RFP / Solicitation,"58--COMPUTER,DIGITAL DA",DEPT OF DEFENSE.DEFENSE LOGISTICS AGENCY.DLA LAND.DLA LAND COLUMBUS.DLA LAND AND MARITIME,,Solicitation,c0dfe946bb754e4dbacf31ce221b9e04,SPE7L426T6644,2026-09-08,11,336413,58,,,Not stated,,"Relevant Butler intelligence or subcontract lead, but prime feasibility is limited. Scope reads as hardware supply/manufacturing with no clear design, redesign, or engineering work (matched: supply-class PSC 58), so it is tracked as a subcontract/competitive-intelligence lead rather than a prime fit.",None identified,Possible subcontract lead,No obvious vehicle restriction,Not Applicable,No special eligibility found in SAM.gov fields.,Prime feasible,Monitor as a direct pursuit unless attachments indicate otherwise.,None detected,https://sam.gov/workspace/contract/opp/c0dfe946bb754e4dbacf31ce221b9e04/view,"{'rel': 'self', 'href': 'https://api.sam.gov/prod/opportunities/v2/search?noticeid=c0dfe946bb754e4dbacf31ce221b9e04&limit=1'}","Questions regarding this solicitation should be emailed to the buyer listed in block 5 of the solicitation document which can be found under the Additional Information link.
If the Additional Information link does not work, please go to https://www.dibbs.bsm.dla.mil/Solicitations/ and type the solicitation number in the Global Search box.
",DibbsBSM@dla.mil,Primary NAICS 336413,Partial Refresh — Capacity Reached,High
Accepted,C,-2,RFP / Solicitation,"16--PISTON ASSY,BRAKE S",DEPT OF DEFENSE.DEFENSE LOGISTICS AGENCY.DLA MARITIME.DLA MARITIME COLUMBUS.DLA LAND AND MARITIME,,Solicitation,a7769aa8af744900998df5a1a37f1f20,SPE7M426T373H,2026-09-08,11,336413,16,,,Not stated,,"Relevant Butler intelligence or subcontract lead, but prime feasibility is limited. Scope reads as hardware supply/manufacturing with no clear design, redesign, or engineering work (matched: supply-class PSC 16), so it is tracked as a subcontract/competitive-intelligence lead rather than a prime fit.",None identified,Possible subcontract lead,No obvious vehicle restriction,Not Applicable,No special eligibility found in SAM.gov fields.,Prime feasible,Monitor as a direct pursuit unless attachments indicate otherwise.,None detected,https://sam.gov/workspace/contract/opp/a7769aa8af744900998df5a1a37f1f20/view,"{'rel': 'self', 'href': 'https://api.sam.gov/prod/opportunities/v2/search?noticeid=a7769aa8af744900998df5a1a37f1f20&limit=1'}","Questions regarding this solicitation should be emailed to the buyer listed in block 5 of the solicitation document which can be found under the Additional Information link.
If the Additional Information link does not work, please go to https://www.dibbs.bsm.dla.mil/Solicitations/ and type the solicitation number in the Global Search box.
",DibbsBSM@dla.mil,Primary NAICS 336413,Partial Refresh — Capacity Reached,High
Accepted,C,3,RFP / Solicitation,"PISTON ASSEMBLY,HYD","DEPT OF DEFENSE.DEFENSE LOGISTICS AGENCY.DLA AVIATION.DLA AVIATION PHILADELPHIA.DLA AVIATION AT PHILADELPHIA, PA",,Solicitation,61fe14f4dccc4b80970a8a0c50e6fb51,SPRPA126QWC03,2026-09-08,11,336413,1630,,,Not stated,,"Relevant Butler intelligence or subcontract lead, but prime feasibility is limited. Matched: dla aviation. Scope reads as hardware supply/manufacturing with no clear design, redesign, or engineering work (matched: supply-class PSC 1630), so it is tracked as a subcontract/competitive-intelligence lead rather than a prime fit.",None identified,Possible subcontract lead,No obvious vehicle restriction,Not Applicable,No special eligibility found in SAM.gov fields.,Prime feasible,Monitor as a direct pursuit unless attachments indicate otherwise.,None detected,https://sam.gov/workspace/contract/opp/61fe14f4dccc4b80970a8a0c50e6fb51/view,"{'rel': 'self', 'href': 'https://api.sam.gov/prod/opportunities/v2/search?noticeid=61fe14f4dccc4b80970a8a0c50e6fb51&limit=1'}",Telephone: 2157370865,NASEEM.AOUN@DLA.MIL,Primary NAICS 336413,Partial Refresh — Capacity Reached,High
Accepted,C,-5,RFP / Solicitation,10--CORE ASSEMBLY,DEPT OF DEFENSE.DEFENSE LOGISTICS AGENCY.DLA LAND.DLA LAND COLUMBUS.DLA LAND AND MARITIME,,Solicitation,2cb0d8604bc94553b33776bb976ba05f,SPE7L326T213Q,2026-09-08,11,336413,10,Small Business Set Aside - Total,,Not stated,,"Relevant Butler intelligence or subcontract lead, but prime feasibility is limited. Scope reads as hardware supply/manufacturing with no clear design, redesign, or engineering work (matched: supply-class PSC 10), so it is tracked as a subcontract/competitive-intelligence lead rather than a prime fit.",Set-aside eligibility may limit prime feasibility,Check set-aside,No obvious vehicle restriction,Unknown — check Butler contract vehicles,Requires small-business set-aside eligibility.,Prime uncertain,Check whether Butler can qualify directly or should team with an eligible prime.,small business set aside,https://sam.gov/workspace/contract/opp/2cb0d8604bc94553b33776bb976ba05f/view,"{'rel': 'self', 'href': 'https://api.sam.gov/prod/opportunities/v2/search?noticeid=2cb0d8604bc94553b33776bb976ba05f&limit=1'}","Questions regarding this solicitation should be emailed to the buyer listed in block 5 of the solicitation document which can be found under the Additional Information link.
If the Additional Information link does not work, please go to https://www.dibbs.bsm.dla.mil/Solicitations/ and type the solicitation number in the Global Search box.
",DibbsBSM@dla.mil,Primary NAICS 336413,Partial Refresh — Capacity Reached,High
Accepted,C,-5,RFP / Solicitation,"47--HOSE ASSEMBLY,SPEC",DEPT OF DEFENSE.DEFENSE LOGISTICS AGENCY.DLA MARITIME.DLA MARITIME COLUMBUS.DLA LAND AND MARITIME,,Solicitation,22bcc4bdab4845329e246651aeba6d7d,SPE7M426T373V,2026-09-08,11,336413,47,Small Business Set Aside - Total,,Not stated,,"Relevant Butler intelligence or subcontract lead, but prime feasibility is limited. Scope reads as hardware supply/manufacturing with no clear design, redesign, or engineering work (matched: supply-class PSC 47), so it is tracked as a subcontract/competitive-intelligence lead rather than a prime fit.",Set-aside eligibility may limit prime feasibility,Check set-aside,No obvious vehicle restriction,Unknown — check Butler contract vehicles,Requires small-business set-aside eligibility.,Prime uncertain,Check whether Butler can qualify directly or should team with an eligible prime.,small business set aside,https://sam.gov/workspace/contract/opp/22bcc4bdab4845329e246651aeba6d7d/view,"{'rel': 'self', 'href': 'https://api.sam.gov/prod/opportunities/v2/search?noticeid=22bcc4bdab4845329e246651aeba6d7d&limit=1'}","Questions regarding this solicitation should be emailed to the buyer listed in block 5 of the solicitation document which can be found under the Additional Information link.
If the Additional Information link does not work, please go to https://www.dibbs.bsm.dla.mil/Solicitations/ and type the solicitation number in the Global Search box.
",DibbsBSM@dla.mil,Primary NAICS 336413,Partial Refresh — Capacity Reached,High
Accepted,C,-2,RFP / Solicitation,"Procurement of Roller, Seat","HOMELAND SECURITY, DEPARTMENT OF.US COAST GUARD.AVIATION LOGISTICS CENTER (ALC)(00038)",,Solicitation,1c2f5b09081d43dbad2b2a77ac64855b,70Z03826QJ0000358,2026-09-08,11,336413,3110,No Set aside used,,Not stated,,"Relevant Butler intelligence or subcontract lead, but prime feasibility is limited. Attachment text was included in the screen. Scope reads as hardware supply/manufacturing with no clear design, redesign, or engineering work (matched: procurement of, supply-class PSC 3110), so it is tracked as a subcontract/competitive-intelligence lead rather than a prime fit.",None identified,Possible subcontract lead,No obvious vehicle restriction,Not Applicable,No special eligibility found in SAM.gov fields.,Prime feasible,Monitor as a direct pursuit unless attachments indicate otherwise.,None detected,https://sam.gov/workspace/contract/opp/1c2f5b09081d43dbad2b2a77ac64855b/view,"https://sam.gov/api/prod/opps/v3/opportunities/resources/files/cacf8dbabd414b6f99234a5d5d2276a3/download
https://sam.gov/api/prod/opps/v3/opportunities/resources/files/efd2e31174014ed386cf74b935a05b18/download
{'rel': 'self', 'href': 'https://api.sam.gov/prod/opportunities/v2/search?noticeid=1c2f5b09081d43dbad2b2a77ac64855b&limit=1'}",Amy Whitehurst,Amy.E.Whitehurst2@uscg.mil,Primary NAICS 336413,Partial Refresh — Capacity Reached,High — attachment text read
Accepted,C,-5,RFP / Solicitation,"47--CONNECTOR,MULTIPLE,FLU",DEPT OF DEFENSE.DEFENSE LOGISTICS AGENCY.DLA MARITIME.DLA MARITIME COLUMBUS.DLA LAND AND MARITIME,,Solicitation,764687094ce145ffb0a3d31ef05284ef,SPE7M326T8682,2026-09-08,11,336413,47,Small Business Set Aside - Total,,Not stated,,"Relevant Butler intelligence or subcontract lead, but prime feasibility is limited. Scope reads as hardware supply/manufacturing with no clear design, redesign, or engineering work (matched: supply-class PSC 47), so it is tracked as a subcontract/competitive-intelligence lead rather than a prime fit.",Set-aside eligibility may limit prime feasibility,Check set-aside,No obvious vehicle restriction,Unknown — check Butler contract vehicles,Requires small-business set-aside eligibility.,Prime uncertain,Check whether Butler can qualify directly or should team with an eligible prime.,small business set aside,https://sam.gov/workspace/contract/opp/764687094ce145ffb0a3d31ef05284ef/view,"{'rel': 'self', 'href': 'https://api.sam.gov/prod/opportunities/v2/search?noticeid=764687094ce145ffb0a3d31ef05284ef&limit=1'}","Questions regarding this solicitation should be emailed to the buyer listed in block 5 of the solicitation document which can be found under the Additional Information link.
If the Additional Information link does not work, please go to https://www.dibbs.bsm.dla.mil/Solicitations/ and type the solicitation number in the Global Search box.
",DibbsBSM@dla.mil,Primary NAICS 336413,Partial Refresh — Capacity Reached,High
Accepted,C,2,RFP / Solicitation,"16--TANKER KIT,AIRCRAFT",DEPT OF DEFENSE.DEFENSE LOGISTICS AGENCY.DLA MARITIME.DLA MARITIME COLUMBUS.DLA LAND AND MARITIME,,Solicitation,dd72447c3f9f454b87d71feb4de56bb2,SPE7M426T364H,2026-09-08,11,336413,16,Small Business Set Aside - Total,,Not stated,,"Relevant Butler intelligence or subcontract lead, but prime feasibility is limited. Matched: aircraft. Scope reads as hardware supply/manufacturing with no clear design, redesign, or engineering work (matched: supply-class PSC 16), so it is tracked as a subcontract/competitive-intelligence lead rather than a prime fit.",Set-aside eligibility may limit prime feasibility,Check set-aside,No obvious vehicle restriction,Unknown — check Butler contract vehicles,Requires small-business set-aside eligibility.,Prime uncertain,Check whether Butler can qualify directly or should team with an eligible prime.,small business set aside,https://sam.gov/workspace/contract/opp/dd72447c3f9f454b87d71feb4de56bb2/view,"{'rel': 'self', 'href': 'https://api.sam.gov/prod/opportunities/v2/search?noticeid=dd72447c3f9f454b87d71feb4de56bb2&limit=1'}","Questions regarding this solicitation should be emailed to the buyer listed in block 5 of the solicitation document which can be found under the Additional Information link.
If the Additional Information link does not work, please go to https://www.dibbs.bsm.dla.mil/Solicitations/ and type the solicitation number in the Global Search box.
",DibbsBSM@dla.mil,Primary NAICS 336413,Partial Refresh — Capacity Reached,High
Accepted,C,-2,RFP / Solicitation,Bulkhead Assy,"HOMELAND SECURITY, DEPARTMENT OF.US COAST GUARD.AVIATION LOGISTICS CENTER (ALC)(00038)",,Solicitation,d632147acc134074af6be0122b161fcc,70Z03826QJ0000342,2026-09-08,11,336413,6210,No Set aside used,,Not stated,,"Relevant Butler intelligence or subcontract lead, but prime feasibility is limited. Attachment text was included in the screen. Scope reads as hardware supply/manufacturing with no clear design, redesign, or engineering work (matched: supply-class PSC 6210), so it is tracked as a subcontract/competitive-intelligence lead rather than a prime fit.",None identified,Possible subcontract lead,No obvious vehicle restriction,Not Applicable,No special eligibility found in SAM.gov fields.,Prime feasible,Monitor as a direct pursuit unless attachments indicate otherwise.,None detected,https://sam.gov/workspace/contract/opp/d632147acc134074af6be0122b161fcc/view,"https://sam.gov/api/prod/opps/v3/opportunities/resources/files/fd1642176b5b46a884dab880b166abdd/download
{'rel': 'self', 'href': 'https://api.sam.gov/prod/opportunities/v2/search?noticeid=d632147acc134074af6be0122b161fcc&limit=1'}",Riley Ayers,Riley.A.Ayers@uscg.mil,Primary NAICS 336413,Partial Refresh — Capacity Reached,High — attachment text read
Accepted,C,-2,RFP / Solicitation,17--COUNTER AND CHUTE A,DEPT OF DEFENSE.DEFENSE LOGISTICS AGENCY.TROOP SUPPORT CONSTRUCTION & EQUIPMENT.DLA TROOP SUPPORT,,Solicitation,d455f8cfbc6b4be08b9cc179f1632ebe,SPE8EF26T1685,2026-09-08,11,336413,17,,,Not stated,,"Relevant Butler intelligence or subcontract lead, but prime feasibility is limited. Scope reads as hardware supply/manufacturing with no clear design, redesign, or engineering work (matched: supply-class PSC 17), so it is tracked as a subcontract/competitive-intelligence lead rather than a prime fit.",None identified,Possible subcontract lead,No obvious vehicle restriction,Not Applicable,No special eligibility found in SAM.gov fields.,Prime feasible,Monitor as a direct pursuit unless attachments indicate otherwise.,None detected,https://sam.gov/workspace/contract/opp/d455f8cfbc6b4be08b9cc179f1632ebe/view,"{'rel': 'self', 'href': 'https://api.sam.gov/prod/opportunities/v2/search?noticeid=d455f8cfbc6b4be08b9cc179f1632ebe&limit=1'}","Questions regarding this solicitation should be emailed to the buyer listed in block 5 of the solicitation document which can be found under the Additional Information link.
If the Additional Information link does not work, please go to https://www.dibbs.bsm.dla.mil/Solicitations/ and type the solicitation number in the Global Search box.
",DibbsBSM@dla.mil,Primary NAICS 336413,Partial Refresh — Capacity Reached,High
Accepted,C,-5,RFP / Solicitation,17--TILT CYLINDER ASSEMBLY,DEPT OF DEFENSE.DEFENSE LOGISTICS AGENCY.TROOP SUPPORT CONSTRUCTION & EQUIPMENT.DLA TROOP SUPPORT,,Solicitation,a12d8797040f47acb1c4c3af75291b5c,SPE8E926T3588,2026-09-08,11,336413,17,Service-Disabled Veteran-Owned Small Business (SDVOSB) Set-Aside (FAR 19.14),,Not stated,,"Relevant Butler intelligence or subcontract lead, but prime feasibility is limited. Scope reads as hardware supply/manufacturing with no clear design, redesign, or engineering work (matched: supply-class PSC 17), so it is tracked as a subcontract/competitive-intelligence lead rather than a prime fit.",Set-aside eligibility may limit prime feasibility,Check set-aside,No obvious vehicle restriction,Unknown — check Butler contract vehicles,Requires small-business set-aside eligibility.,Prime uncertain,Check whether Butler can qualify directly or should team with an eligible prime.,sdvosb; veteran-owned,https://sam.gov/workspace/contract/opp/a12d8797040f47acb1c4c3af75291b5c/view,"{'rel': 'self', 'href': 'https://api.sam.gov/prod/opportunities/v2/search?noticeid=a12d8797040f47acb1c4c3af75291b5c&limit=1'}","Questions regarding this solicitation should be emailed to the buyer listed in block 5 of the solicitation document which can be found under the Additional Information link.
If the Additional Information link does not work, please go to https://www.dibbs.bsm.dla.mil/Solicitations/ and type the solicitation number in the Global Search box.
",DibbsBSM@dla.mil,Primary NAICS 336413,Partial Refresh — Capacity Reached,High
Accepted,C,-5,RFP / Solicitation,"17--ADAPTER,FUEL DRAIN",DEPT OF DEFENSE.DEFENSE LOGISTICS AGENCY.TROOP SUPPORT CONSTRUCTION & EQUIPMENT.DLA TROOP SUPPORT,,Solicitation,1d41c508364d4559aef317c9b6bede28,SPE8EF26T1681,2026-09-08,11,336413,17,Small Business Set Aside - Total,,Not stated,,"Relevant Butler intelligence or subcontract lead, but prime feasibility is limited. Scope reads as hardware supply/manufacturing with no clear design, redesign, or engineering work (matched: supply-class PSC 17), so it is tracked as a subcontract/competitive-intelligence lead rather than a prime fit.",Set-aside eligibility may limit prime feasibility,Check set-aside,No obvious vehicle restriction,Unknown — check Butler contract vehicles,Requires small-business set-aside eligibility.,Prime uncertain,Check whether Butler can qualify directly or should team with an eligible prime.,small business set aside,https://sam.gov/workspace/contract/opp/1d41c508364d4559aef317c9b6bede28/view,"{'rel': 'self', 'href': 'https://api.sam.gov/prod/opportunities/v2/search?noticeid=1d41c508364d4559aef317c9b6bede28&limit=1'}","Questions regarding this solicitation should be emailed to the buyer listed in block 5 of the solicitation document which can be found under the Additional Information link.
If the Additional Information link does not work, please go to https://www.dibbs.bsm.dla.mil/Solicitations/ and type the solicitation number in the Global Search box.
",DibbsBSM@dla.mil,Primary NAICS 336413,Partial Refresh — Capacity Reached,High
Accepted,C,-2,RFP / Solicitation,"16--FITTING,HOSE END",DEPT OF DEFENSE.DEFENSE LOGISTICS AGENCY.DLA MARITIME.DLA MARITIME COLUMBUS.DLA LAND AND MARITIME,,Solicitation,1843c241df66488098c787c834b9ad79,SPE7M426T364W,2026-09-08,11,336413,16,,,Not stated,,"Relevant Butler intelligence or subcontract lead, but prime feasibility is limited. Scope reads as hardware supply/manufacturing with no clear design, redesign, or engineering work (matched: supply-class PSC 16), so it is tracked as a subcontract/competitive-intelligence lead rather than a prime fit.",None identified,Possible subcontract lead,No obvious vehicle restriction,Not Applicable,No special eligibility found in SAM.gov fields.,Prime feasible,Monitor as a direct pursuit unless attachments indicate otherwise.,None detected,https://sam.gov/workspace/contract/opp/1843c241df66488098c787c834b9ad79/view,"{'rel': 'self', 'href': 'https://api.sam.gov/prod/opportunities/v2/search?noticeid=1843c241df66488098c787c834b9ad79&limit=1'}","Questions regarding this solicitation should be emailed to the buyer listed in block 5 of the solicitation document which can be found under the Additional Information link.
If the Additional Information link does not work, please go to https://www.dibbs.bsm.dla.mil/Solicitations/ and type the solicitation number in the Global Search box.
",DibbsBSM@dla.mil,Primary NAICS 336413,Partial Refresh — Capacity Reached,High
Accepted,C,3,Sources Sought / RFI,Sources Sought: T-38 Side Brace Trunnion Assembly (PN: 202607928-10),DEPT OF DEFENSE.DEPT OF THE AIR FORCE.AIR FORCE MATERIEL COMMAND.AIR FORCE SUSTAINMENT CENTER.FA8203 AFSC PZAAB,,Sources Sought,ced0e9f09d634fa6bc02b4f6e352facf,SS_T38SideBraceTrunnion,2026-09-08,11,336413,1620,,UNITED STATES,Not stated,,"Relevant Butler intelligence or subcontract lead, but prime feasibility is limited. Matched: air force. Scope reads as hardware supply/manufacturing with no clear design, redesign, or engineering work (matched: supply-class PSC 1620), so it is tracked as a subcontract/competitive-intelligence lead rather than a prime fit.",None identified,Possible subcontract lead,No obvious vehicle restriction,Not Applicable,No special eligibility found in SAM.gov fields.,Prime feasible,Monitor as a direct pursuit unless attachments indicate otherwise.,None detected,https://sam.gov/workspace/contract/opp/ced0e9f09d634fa6bc02b4f6e352facf/view,"{'rel': 'self', 'href': 'https://api.sam.gov/prod/opportunities/v2/search?noticeid=ced0e9f09d634fa6bc02b4f6e352facf&limit=1'}",Amber Marshall,amber.marshall.4@us.af.mil,Primary NAICS 336413,Partial Refresh — Capacity Reached,High
Accepted,C,8,RFP / Solicitation,"NSN:1650016709240, BOOT,AIRCRAFT COMPO,WSDC: 12F STRATOLIFTER, KC-135",DEPT OF DEFENSE.DEFENSE LOGISTICS AGENCY.DLA AVIATION.DLA AV RICHMOND.DLA AVIATION,,Solicitation,3eff86c666f941cc9852e563f383d435,SPE4A526R0249,2026-09-08,11,336413,1650,,"Richmond, Virginia, UNITED STATES",Not stated,,"Relevant Butler intelligence or subcontract lead, but prime feasibility is limited. Matched: aircraft, dla aviation. Scope reads as hardware supply/manufacturing with no clear design, redesign, or engineering work (matched: nsn, supply-class PSC 1650), so it is tracked as a subcontract/competitive-intelligence lead rather than a prime fit.",None identified,Possible subcontract lead,No obvious vehicle restriction,Not Applicable,No special eligibility found in SAM.gov fields.,Prime feasible,Monitor as a direct pursuit unless attachments indicate otherwise.,None detected,https://sam.gov/workspace/contract/opp/3eff86c666f941cc9852e563f383d435/view,"{'rel': 'self', 'href': 'https://api.sam.gov/prod/opportunities/v2/search?noticeid=3eff86c666f941cc9852e563f383d435&limit=1'}",Cheryl BroadieDSN695-5488,Cheryl.Broadie@dla.mil,Primary NAICS 336413,Partial Refresh — Capacity Reached,High
Accepted,C,3,RFP / Solicitation,"ACTUATOR,ELECTRO-ME","DEPT OF DEFENSE.DEFENSE LOGISTICS AGENCY.DLA AVIATION.DLA AVIATION PHILADELPHIA.DLA AVIATION AT PHILADELPHIA, PA",,Solicitation,5525c91faabb499f94c648d7d4a68aa2,SPRPA126QRC48,2026-09-08,11,336413,1680,,,Not stated,,"Relevant Butler intelligence or subcontract lead, but prime feasibility is limited. Matched: dla aviation. Scope reads as hardware supply/manufacturing with no clear design, redesign, or engineering work (matched: supply-class PSC 1680), so it is tracked as a subcontract/competitive-intelligence lead rather than a prime fit.",None identified,Possible subcontract lead,No obvious vehicle restriction,Not Applicable,No special eligibility found in SAM.gov fields.,Prime feasible,Monitor as a direct pursuit unless attachments indicate otherwise.,None detected,https://sam.gov/workspace/contract/opp/5525c91faabb499f94c648d7d4a68aa2/view,"{'rel': 'self', 'href': 'https://api.sam.gov/prod/opportunities/v2/search?noticeid=5525c91faabb499f94c648d7d4a68aa2&limit=1'}",Telephone: 2678009539,NICHOLAS.SMARRO@DLA.MIL,Primary NAICS 336413,Partial Refresh — Capacity Reached,High
Accepted,C,-2,RFP / Solicitation,"20--COVER,BLADE",DEPT OF DEFENSE.DEFENSE LOGISTICS AGENCY.DLA MARITIME.DLA MARITIME COLUMBUS.DLA LAND AND MARITIME,,Solicitation,00ec60772c8147de9b9996f8b8883962,SPE7M026Q1253,2026-09-08,11,336415,20,,,Not stated,,"Relevant Butler intelligence or subcontract lead, but prime feasibility is limited. Scope reads as hardware supply/manufacturing with no clear design, redesign, or engineering work (matched: supply-class PSC 20), so it is tracked as a subcontract/competitive-intelligence lead rather than a prime fit.",None identified,Possible subcontract lead,No obvious vehicle restriction,Not Applicable,No special eligibility found in SAM.gov fields.,Prime feasible,Monitor as a direct pursuit unless attachments indicate otherwise.,None detected,https://sam.gov/workspace/contract/opp/00ec60772c8147de9b9996f8b8883962/view,"{'rel': 'self', 'href': 'https://api.sam.gov/prod/opportunities/v2/search?noticeid=00ec60772c8147de9b9996f8b8883962&limit=1'}","Questions regarding this solicitation should be emailed to the buyer listed in block 5 of the solicitation document which can be found under the Additional Information link.
If the Additional Information link does not work, please go to https://www.dibbs.bsm.dla.mil/Solicitations/ and type the solicitation number in the Global Search box.
",DibbsBSM@dla.mil,Primary NAICS 336415,Partial Refresh — Capacity Reached,High
Accepted,C,-2,RFP / Solicitation,"20--SNUBBER,SPLIT",DEPT OF DEFENSE.DEFENSE LOGISTICS AGENCY.DLA MARITIME.DLA MARITIME COLUMBUS.DLA LAND AND MARITIME,,Solicitation,0ccc2c9db8ec412da596d14571979a08,SPE7M426T365H,2026-09-08,11,336415,20,,,Not stated,,"Relevant Butler intelligence or subcontract lead, but prime feasibility is limited. Scope reads as hardware supply/manufacturing with no clear design, redesign, or engineering work (matched: supply-class PSC 20), so it is tracked as a subcontract/competitive-intelligence lead rather than a prime fit.",None identified,Possible subcontract lead,No obvious vehicle restriction,Not Applicable,No special eligibility found in SAM.gov fields.,Prime feasible,Monitor as a direct pursuit unless attachments indicate otherwise.,None detected,https://sam.gov/workspace/contract/opp/0ccc2c9db8ec412da596d14571979a08/view,"{'rel': 'self', 'href': 'https://api.sam.gov/prod/opportunities/v2/search?noticeid=0ccc2c9db8ec412da596d14571979a08&limit=1'}","Questions regarding this solicitation should be emailed to the buyer listed in block 5 of the solicitation document which can be found under the Additional Information link.
If the Additional Information link does not work, please go to https://www.dibbs.bsm.dla.mil/Solicitations/ and type the solicitation number in the Global Search box.
",DibbsBSM@dla.mil,Primary NAICS 336415,Partial Refresh — Capacity Reached,High
Accepted,C,-5,RFP / Solicitation,"30--ARM,SLIDE VALVE,RUD",DEPT OF DEFENSE.DEFENSE LOGISTICS AGENCY.DLA LAND.DLA LAND COLUMBUS.DLA LAND AND MARITIME,,Solicitation,60d36c49adc24d59823e1313f9ca65ef,SPE7L126U0623,2026-09-08,11,336419,30,Small Business Set Aside - Total,,Not stated,,"Relevant Butler intelligence or subcontract lead, but prime feasibility is limited. Scope reads as hardware supply/manufacturing with no clear design, redesign, or engineering work (matched: supply-class PSC 30), so it is tracked as a subcontract/competitive-intelligence lead rather than a prime fit.",Set-aside eligibility may limit prime feasibility,Check set-aside,No obvious vehicle restriction,Unknown — check Butler contract vehicles,Requires small-business set-aside eligibility.,Prime uncertain,Check whether Butler can qualify directly or should team with an eligible prime.,small business set aside,https://sam.gov/workspace/contract/opp/60d36c49adc24d59823e1313f9ca65ef/view,"{'rel': 'self', 'href': 'https://api.sam.gov/prod/opportunities/v2/search?noticeid=60d36c49adc24d59823e1313f9ca65ef&limit=1'}","Questions regarding this solicitation should be emailed to the buyer listed in block 5 of the solicitation document which can be found under the Additional Information link.
If the Additional Information link does not work, please go to https://www.dibbs.bsm.dla.mil/Solicitations/ and type the solicitation number in the Global Search box.
",DibbsBSM@dla.mil,Primary NAICS 336419,Partial Refresh — Capacity Reached,High
Accepted,C,8,RFP / Solicitation,F100 Metallic Aircraft Seal Spares Buy,DEPT OF DEFENSE.DEPT OF THE AIR FORCE.AIR FORCE MATERIEL COMMAND.AIR FORCE SUSTAINMENT CENTER.FA8121  AFSC PZAAA,,Solicitation,63de78c690754d889aee45a30b007cac,FA812126QB001,2026-09-07,10,336412,2840,,,Not stated,,"Relevant Butler intelligence or subcontract lead, but prime feasibility is limited. Matched: aircraft, air force. Scope reads as hardware supply/manufacturing with no clear design, redesign, or engineering work (matched: spares, supply-class PSC 2840), so it is tracked as a subcontract/competitive-intelligence lead rather than a prime fit.",None identified,Possible subcontract lead,No obvious vehicle restriction,Not Applicable,No special eligibility found in SAM.gov fields.,Prime feasible,Monitor as a direct pursuit unless attachments indicate otherwise.,None detected,https://sam.gov/workspace/contract/opp/63de78c690754d889aee45a30b007cac/view,"{'rel': 'self', 'href': 'https://api.sam.gov/prod/opportunities/v2/search?noticeid=63de78c690754d889aee45a30b007cac&limit=1'}",BRODY CORBETT,brody.corbett@us.af.mil,Primary NAICS 336412,Partial Refresh — Capacity Reached,High
Accepted,C,3,RFP / Solicitation,"PUMP, FUEL, JET ENGIN; NSN 2915-01-597-1095PR","DEPT OF DEFENSE.DEFENSE LOGISTICS AGENCY.DLA AVIATION.DLA AVIATION OKLAHOMA CITY.DLA AVIATION AT OKLAHOMA CITY, OK",,Solicitation,e4ad641b3b6e450095e7220ab29a2822,SPRTA126Q0410,2026-09-07,10,336412,2915,,,Not stated,,"Relevant Butler intelligence or subcontract lead, but prime feasibility is limited. Matched: dla aviation. Scope reads as hardware supply/manufacturing with no clear design, redesign, or engineering work (matched: nsn, supply-class PSC 2915), so it is tracked as a subcontract/competitive-intelligence lead rather than a prime fit.",None identified,Possible subcontract lead,No obvious vehicle restriction,Not Applicable,No special eligibility found in SAM.gov fields.,Prime feasible,Monitor as a direct pursuit unless attachments indicate otherwise.,None detected,https://sam.gov/workspace/contract/opp/e4ad641b3b6e450095e7220ab29a2822/view,"{'rel': 'self', 'href': 'https://api.sam.gov/prod/opportunities/v2/search?noticeid=e4ad641b3b6e450095e7220ab29a2822&limit=1'}",Asaycia Clayton,asaycia.clayton.1@us.af.mil,Primary NAICS 336412,Partial Refresh — Capacity Reached,High
Accepted,C,0,RFP / Solicitation,15--LH STA 379 INBD STRAP,"DEPT OF DEFENSE.DEFENSE LOGISTICS AGENCY.DLA AVIATION.DLA AV RICHMOND.DLA AVIATION - JACKSONVILLE, FL",,Solicitation,34f60c03beec4482b6120418cf6cbe4a,SPEFA326Q0062,2026-09-07,10,336413,15,Small Business Set Aside - Total,,Not stated,,"Relevant Butler intelligence or subcontract lead, but prime feasibility is limited. Matched: dla aviation. Scope reads as hardware supply/manufacturing with no clear design, redesign, or engineering work (matched: supply-class PSC 15), so it is tracked as a subcontract/competitive-intelligence lead rather than a prime fit.",Set-aside eligibility may limit prime feasibility,Check set-aside,No obvious vehicle restriction,Unknown — check Butler contract vehicles,Requires small-business set-aside eligibility.,Prime uncertain,Check whether Butler can qualify directly or should team with an eligible prime.,small business set aside,https://sam.gov/workspace/contract/opp/34f60c03beec4482b6120418cf6cbe4a/view,"{'rel': 'self', 'href': 'https://api.sam.gov/prod/opportunities/v2/search?noticeid=34f60c03beec4482b6120418cf6cbe4a&limit=1'}","Questions regarding this solicitation should be emailed to the buyer listed in block 5 of the solicitation document which can be found under the Additional Information link.
If the Additional Information link does not work, please go to https://www.dibbs.bsm.dla.mil/Solicitations/ and type the solicitation number in the Global Search box.
",DibbsBSM@dla.mil,Primary NAICS 336413,Partial Refresh — Capacity Reached,High
Accepted,C,0,RFP / Solicitation,15--LH STA 379 INBD SPLICE,"DEPT OF DEFENSE.DEFENSE LOGISTICS AGENCY.DLA AVIATION.DLA AV RICHMOND.DLA AVIATION - JACKSONVILLE, FL",,Solicitation,12c37c2c0aee46c4bb521ff649fd26e0,SPEFA326Q0061,2026-09-07,10,336413,15,Small Business Set Aside - Total,,Not stated,,"Relevant Butler intelligence or subcontract lead, but prime feasibility is limited. Matched: dla aviation. Scope reads as hardware supply/manufacturing with no clear design, redesign, or engineering work (matched: supply-class PSC 15), so it is tracked as a subcontract/competitive-intelligence lead rather than a prime fit.",Set-aside eligibility may limit prime feasibility,Check set-aside,No obvious vehicle restriction,Unknown — check Butler contract vehicles,Requires small-business set-aside eligibility.,Prime uncertain,Check whether Butler can qualify directly or should team with an eligible prime.,small business set aside,https://sam.gov/workspace/contract/opp/12c37c2c0aee46c4bb521ff649fd26e0/view,"{'rel': 'self', 'href': 'https://api.sam.gov/prod/opportunities/v2/search?noticeid=12c37c2c0aee46c4bb521ff649fd26e0&limit=1'}","Questions regarding this solicitation should be emailed to the buyer listed in block 5 of the solicitation document which can be found under the Additional Information link.
If the Additional Information link does not work, please go to https://www.dibbs.bsm.dla.mil/Solicitations/ and type the solicitation number in the Global Search box.
",DibbsBSM@dla.mil,Primary NAICS 336413,Partial Refresh — Capacity Reached,High
Accepted,C,5,RFP / Solicitation,"LIGHT ASSY, LANDING for Coast Guard Aircraft HC-27","HOMELAND SECURITY, DEPARTMENT OF.US COAST GUARD.AVIATION LOGISTICS CENTER (ALC)(00038)",,Solicitation,e5addeae728e422f8ee086cdd317412d,70Z03826QW0000097,2026-09-07,10,336413,6620,,,Not stated,,"Relevant Butler intelligence or subcontract lead, but prime feasibility is limited. Matched: aircraft. Attachment text was included in the screen. Scope reads as hardware supply/manufacturing with no clear design, redesign, or engineering work (matched: supply-class PSC 6620), so it is tracked as a subcontract/competitive-intelligence lead rather than a prime fit.",None identified,Possible subcontract lead,No obvious vehicle restriction,Not Applicable,No special eligibility found in SAM.gov fields.,Prime feasible,Monitor as a direct pursuit unless attachments indicate otherwise.,None detected,https://sam.gov/workspace/contract/opp/e5addeae728e422f8ee086cdd317412d/view,"https://sam.gov/api/prod/opps/v3/opportunities/resources/files/02b686e3a7bc46b6a1c581aec832f816/download
https://sam.gov/api/prod/opps/v3/opportunities/resources/files/86c23d2ddf9a4de6b93b6f2ed34dfb9b/download
{'rel': 'self', 'href': 'https://api.sam.gov/prod/opportunities/v2/search?noticeid=e5addeae728e422f8ee086cdd317412d&limit=1'}",Debra Heath,debra.w.heath@uscg.mil,Primary NAICS 336413,Partial Refresh — Capacity Reached,High — attachment text read
Accepted,C,8,RFP / Solicitation,"NSN: 1680016550336, INNER WING INTERCHA,WSDC: Z9N,AIRCRAFT F18 GROWLER",DEPT OF DEFENSE.DEFENSE LOGISTICS AGENCY.DLA AVIATION.DLA AV RICHMOND.DLA AVIATION,,Solicitation,b5b6fbcc5b2740a0931f16267d92a889,SPE4A526R0291,2026-09-07,10,336413,1680,,"Richmond, Virginia, UNITED STATES",Not stated,,"Relevant Butler intelligence or subcontract lead, but prime feasibility is limited. Matched: aircraft, dla aviation. Scope reads as hardware supply/manufacturing with no clear design, redesign, or engineering work (matched: nsn, supply-class PSC 1680), so it is tracked as a subcontract/competitive-intelligence lead rather than a prime fit.",None identified,Possible subcontract lead,No obvious vehicle restriction,Not Applicable,No special eligibility found in SAM.gov fields.,Prime feasible,Monitor as a direct pursuit unless attachments indicate otherwise.,None detected,https://sam.gov/workspace/contract/opp/b5b6fbcc5b2740a0931f16267d92a889/view,"{'rel': 'self', 'href': 'https://api.sam.gov/prod/opportunities/v2/search?noticeid=b5b6fbcc5b2740a0931f16267d92a889&limit=1'}",Cheryl BroadieDSN695-5488,Cheryl.Broadie@dla.mil,Primary NAICS 336413,Partial Refresh — Capacity Reached,High
Accepted,C,0,RFP / Solicitation,133AW REAL/RUSB CDS Bundles,DEPT OF DEFENSE.DEPT OF THE ARMY.NATIONAL GUARD BUREAU.JFHQ USPFO MN.USPFO MN PROCUREMENT.W7NG USPFO ACTIVITY MNANG 133,,Solicitation,95394e1d36ef48da9c7222556565846b,W50S7E202601,2026-09-07,10,336413,1670,Small Business Set Aside - Total,"Saint Paul, Minnesota, UNITED STATES",Not stated,,"Relevant Butler intelligence or subcontract lead, but prime feasibility is limited. Matched: army. Attachment text was included in the screen. Scope reads as hardware supply/manufacturing with no clear design, redesign, or engineering work (matched: supply-class PSC 1670), so it is tracked as a subcontract/competitive-intelligence lead rather than a prime fit.",Set-aside eligibility may limit prime feasibility,Check set-aside,No obvious vehicle restriction,Unknown — check Butler contract vehicles,Requires small-business set-aside eligibility.,Prime uncertain,Check whether Butler can qualify directly or should team with an eligible prime.,small business set aside,https://sam.gov/workspace/contract/opp/95394e1d36ef48da9c7222556565846b/view,"https://sam.gov/api/prod/opps/v3/opportunities/resources/files/19576e95bd7347619c03a92d86be6b98/download
https://sam.gov/api/prod/opps/v3/opportunities/resources/files/a98ab61ad4da4eb7bf77a855f992b0eb/download
https://sam.gov/api/prod/opps/v3/opportunities/resources/files/bbe0190902e641f89e258b0b765f4ee6/download
{'rel': 'self', 'href': 'https://api.sam.gov/prod/opportunities/v2/search?noticeid=95394e1d36ef48da9c7222556565846b&limit=1'}",SMSgt Jason M. Mosher,jason.mosher@us.af.mil,Primary NAICS 336413,Partial Refresh — Capacity Reached,High — attachment text read
Accepted,C,5,RFP / Solicitation,"SCOOP, AIRCRAFT","DEPT OF DEFENSE.DEFENSE LOGISTICS AGENCY.DLA AVIATION.DLA AVIATION OKLAHOMA CITY.DLA AVIATION AT OKLAHOMA CITY, OK",,Solicitation,2d09729fa9fd4eb8b0cfe1cbd743c754,SPRTA1-26-R-0388,2026-09-07,10,336413,1680,Small Business Set Aside - Total,,Not stated,,"Relevant Butler intelligence or subcontract lead, but prime feasibility is limited. Matched: aircraft, dla aviation. Scope reads as hardware supply/manufacturing with no clear design, redesign, or engineering work (matched: supply-class PSC 1680), so it is tracked as a subcontract/competitive-intelligence lead rather than a prime fit.",Set-aside eligibility may limit prime feasibility,Check set-aside,No obvious vehicle restriction,Unknown — check Butler contract vehicles,Requires small-business set-aside eligibility.,Prime uncertain,Check whether Butler can qualify directly or should team with an eligible prime.,small business set aside,https://sam.gov/workspace/contract/opp/2d09729fa9fd4eb8b0cfe1cbd743c754/view,"{'rel': 'self', 'href': 'https://api.sam.gov/prod/opportunities/v2/search?noticeid=2d09729fa9fd4eb8b0cfe1cbd743c754&limit=1'}",Andre Hallmon,andre.hallmon@us.af.mil,Primary NAICS 336413,Partial Refresh — Capacity Reached,High
Accepted,C,0,RFP / Solicitation,"14--DETENT ASSEMBLY,GUIDED",DEPT OF DEFENSE.DEFENSE LOGISTICS AGENCY.DLA AVIATION.DLA AV RICHMOND.DLA AVIATION,,Solicitation,f9ac8c8e9a9e4a2689634bdb6bd49e6f,SPE4A626Q1347,2026-09-07,10,336419,14,Small Business Set Aside - Total,,Not stated,,"Relevant Butler intelligence or subcontract lead, but prime feasibility is limited. Matched: dla aviation. Scope reads as hardware supply/manufacturing with no clear design, redesign, or engineering work (matched: supply-class PSC 14), so it is tracked as a subcontract/competitive-intelligence lead rather than a prime fit.",Set-aside eligibility may limit prime feasibility,Check set-aside,No obvious vehicle restriction,Unknown — check Butler contract vehicles,Requires small-business set-aside eligibility.,Prime uncertain,Check whether Butler can qualify directly or should team with an eligible prime.,small business set aside,https://sam.gov/workspace/contract/opp/f9ac8c8e9a9e4a2689634bdb6bd49e6f/view,"{'rel': 'self', 'href': 'https://api.sam.gov/prod/opportunities/v2/search?noticeid=f9ac8c8e9a9e4a2689634bdb6bd49e6f&limit=1'}","Questions regarding this solicitation should be emailed to the buyer listed in block 5 of the solicitation document which can be found under the Additional Information link.
If the Additional Information link does not work, please go to https://www.dibbs.bsm.dla.mil/Solicitations/ and type the solicitation number in the Global Search box.
",DibbsBSM@dla.mil,Primary NAICS 336419,Partial Refresh — Capacity Reached,High
Accepted,B,8,RFP / Solicitation,"Repair of NIIN 011589678; NOMEN: BLADE,ROTARY RUDDER",DEPT OF DEFENSE.DEPT OF THE NAVY.NAVSUP.NAVSUP WEAPON SYSTEMS SUPPORT.NAVSUP WSS PHILADELPHIA.NAVSUP WEAPON SYSTEMS SUPPORT,,Solicitation,c2010dec1a6944f4ba45c8e3055744ac,N0038326QF166,2026-09-06,9,336413,1615,,UNITED STATES,Not stated,,"Possible Butler fit through broader defense engineering, logistics, testing, or program support. Matched: uas, navy, navsup. Attachment text was included in the screen.",None identified,Add to tracker,No obvious vehicle restriction,Not Applicable,No special eligibility found in SAM.gov fields.,Prime feasible,Monitor as a direct pursuit unless attachments indicate otherwise.,None detected,https://sam.gov/workspace/contract/opp/c2010dec1a6944f4ba45c8e3055744ac/view,"https://sam.gov/api/prod/opps/v3/opportunities/resources/files/d98d2f5c0b054b0dae0d2b9654e7c699/download
{'rel': 'self', 'href': 'https://api.sam.gov/prod/opportunities/v2/search?noticeid=c2010dec1a6944f4ba45c8e3055744ac&limit=1'}",Anna Kiessling,anna.m.kiessling.civ@us.navy.mil,Primary NAICS 336413,Partial Refresh — Capacity Reached,High — attachment text read
Accepted,C,0,RFP / Solicitation,15--LH STA 379 OUTBD STRAP,"DEPT OF DEFENSE.DEFENSE LOGISTICS AGENCY.DLA AVIATION.DLA AV RICHMOND.DLA AVIATION - JACKSONVILLE, FL",,Solicitation,9a389d287909464dbd81b4810610b84a,SPEFA326Q0059,2026-09-06,9,336413,15,Small Business Set Aside - Total,,Not stated,,"Relevant Butler intelligence or subcontract lead, but prime feasibility is limited. Matched: dla aviation. Scope reads as hardware supply/manufacturing with no clear design, redesign, or engineering work (matched: supply-class PSC 15), so it is tracked as a subcontract/competitive-intelligence lead rather than a prime fit.",Set-aside eligibility may limit prime feasibility,Check set-aside,No obvious vehicle restriction,Unknown — check Butler contract vehicles,Requires small-business set-aside eligibility.,Prime uncertain,Check whether Butler can qualify directly or should team with an eligible prime.,small business set aside,https://sam.gov/workspace/contract/opp/9a389d287909464dbd81b4810610b84a/view,"{'rel': 'self', 'href': 'https://api.sam.gov/prod/opportunities/v2/search?noticeid=9a389d287909464dbd81b4810610b84a&limit=1'}","Questions regarding this solicitation should be emailed to the buyer listed in block 5 of the solicitation document which can be found under the Additional Information link.
If the Additional Information link does not work, please go to https://www.dibbs.bsm.dla.mil/Solicitations/ and type the solicitation number in the Global Search box.
",DibbsBSM@dla.mil,Primary NAICS 336413,Partial Refresh — Capacity Reached,High
Accepted,C,3,RFP / Solicitation,"F-100 Control, Exhaust Noz","DEPT OF DEFENSE.DEFENSE LOGISTICS AGENCY.DLA AVIATION.DLA AVIATION OKLAHOMA CITY.DLA AVIATION AT OKLAHOMA CITY, OK",,Solicitation,e35dbca590564a9fb021aa75e3960d80,SPRTA126R1214,2026-09-05,8,336412,2995,No Set aside used,UNITED STATES,Not stated,,"Relevant Butler intelligence or subcontract lead, but prime feasibility is limited. Matched: dla aviation. Attachment text was included in the screen. Scope reads as hardware supply/manufacturing with no clear design, redesign, or engineering work (matched: supply-class PSC 2995), so it is tracked as a subcontract/competitive-intelligence lead rather than a prime fit.",None identified,Possible subcontract lead,No obvious vehicle restriction,Not Applicable,No special eligibility found in SAM.gov fields.,Prime feasible,Monitor as a direct pursuit unless attachments indicate otherwise.,None detected,https://sam.gov/workspace/contract/opp/e35dbca590564a9fb021aa75e3960d80/view,"https://sam.gov/api/prod/opps/v3/opportunities/resources/files/d0f82699930e413c960e96c5267ce9de/download
{'rel': 'self', 'href': 'https://api.sam.gov/prod/opportunities/v2/search?noticeid=e35dbca590564a9fb021aa75e3960d80&limit=1'}",Jeremy Bryant,Jeremy.bryant@us.af.mil,Primary NAICS 336412,Partial Refresh — Capacity Reached,High — attachment text read
Accepted,C,8,RFP / Solicitation,"F-100 Bearing, Ball, Annula","DEPT OF DEFENSE.DEFENSE LOGISTICS AGENCY.DLA AVIATION.DLA AVIATION OKLAHOMA CITY.DLA AVIATION AT OKLAHOMA CITY, OK",,Solicitation,60148d00702549c8aa119ae59336cff9,SPRTA126Q2103,2026-09-05,8,336412,3110,No Set aside used,UNITED STATES,Not stated,,"Relevant Butler intelligence or subcontract lead, but prime feasibility is limited. Matched: uas, dla aviation. Attachment text was included in the screen. Scope reads as hardware supply/manufacturing with no clear design, redesign, or engineering work (matched: supply-class PSC 3110), so it is tracked as a subcontract/competitive-intelligence lead rather than a prime fit.",None identified,Possible subcontract lead,No obvious vehicle restriction,Not Applicable,No special eligibility found in SAM.gov fields.,Prime feasible,Monitor as a direct pursuit unless attachments indicate otherwise.,None detected,https://sam.gov/workspace/contract/opp/60148d00702549c8aa119ae59336cff9/view,"https://sam.gov/api/prod/opps/v3/opportunities/resources/files/72d4f9136017498c99ad356e4797c848/download
{'rel': 'self', 'href': 'https://api.sam.gov/prod/opportunities/v2/search?noticeid=60148d00702549c8aa119ae59336cff9&limit=1'}",Jeremy Bryant,Jeremy.bryant@us.af.mil,Primary NAICS 336412,Partial Refresh — Capacity Reached,High — attachment text read
Accepted,C,3,RFP / Solicitation,"T-56 Amplifier, Electroni","DEPT OF DEFENSE.DEFENSE LOGISTICS AGENCY.DLA AVIATION.DLA AVIATION OKLAHOMA CITY.DLA AVIATION AT OKLAHOMA CITY, OK",,Solicitation,02fc1dd17c974410970676b8277e97b4,SPRTA126Q1494,2026-09-05,8,336412,5996,No Set aside used,UNITED STATES,Not stated,,"Relevant Butler intelligence or subcontract lead, but prime feasibility is limited. Matched: dla aviation. Attachment text was included in the screen. Scope reads as hardware supply/manufacturing with no clear design, redesign, or engineering work (matched: supply-class PSC 5996), so it is tracked as a subcontract/competitive-intelligence lead rather than a prime fit.",None identified,Possible subcontract lead,No obvious vehicle restriction,Not Applicable,No special eligibility found in SAM.gov fields.,Prime feasible,Monitor as a direct pursuit unless attachments indicate otherwise.,None detected,https://sam.gov/workspace/contract/opp/02fc1dd17c974410970676b8277e97b4/view,"https://sam.gov/api/prod/opps/v3/opportunities/resources/files/9a4b751733e940ae96826c2559f9aa1f/download
{'rel': 'self', 'href': 'https://api.sam.gov/prod/opportunities/v2/search?noticeid=02fc1dd17c974410970676b8277e97b4&limit=1'}",Jeremy Bryant,Jeremy.bryant@us.af.mil,Primary NAICS 336412,Partial Refresh — Capacity Reached,High — attachment text read
Accepted,C,3,RFP / Solicitation,"Regulator, Oxygen, De","DEPT OF DEFENSE.DEFENSE LOGISTICS AGENCY.DLA AVIATION.DLA AVIATION OKLAHOMA CITY.DLA AVIATION AT OKLAHOMA CITY, OK",,Solicitation,aa56dc9bde2c413681db4a3ab671e0ad,SPRTA1-26-R-0405,2026-09-05,8,336413,1660,No Set aside used,,Not stated,,"Relevant Butler intelligence or subcontract lead, but prime feasibility is limited. Matched: dla aviation. Scope reads as hardware supply/manufacturing with no clear design, redesign, or engineering work (matched: supply-class PSC 1660), so it is tracked as a subcontract/competitive-intelligence lead rather than a prime fit.",None identified,Possible subcontract lead,No obvious vehicle restriction,Not Applicable,No special eligibility found in SAM.gov fields.,Prime feasible,Monitor as a direct pursuit unless attachments indicate otherwise.,None detected,https://sam.gov/workspace/contract/opp/aa56dc9bde2c413681db4a3ab671e0ad/view,"{'rel': 'self', 'href': 'https://api.sam.gov/prod/opportunities/v2/search?noticeid=aa56dc9bde2c413681db4a3ab671e0ad&limit=1'}",Chrissy Turnage,christine.turnage@us.af.mil,Primary NAICS 336413,Partial Refresh — Capacity Reached,High
Accepted,C,3,Special Notice,"INDUSTRY DAY: NGSRI - AID (Alternate Interceptor Demonstration), Portfolio Acquisition Executive (PAE) Fires, Portfolio Management Executive (PME) Defensive Fires",DEPT OF DEFENSE.DEPT OF THE ARMY.AMC.ACC.ACC-CTRS.ACC RSA.W6QK ACC-RSA,,Special Notice,cc40481387414702b547671bbd988648,W31P4Q-NGSRI-AID-26-0001,2026-09-05,8,336414,1410,No Set aside used,UNITED STATES,Not stated,,"Relevant Butler intelligence or subcontract lead, but prime feasibility is limited. Matched: army. Attachment text was included in the screen. Scope reads as hardware supply/manufacturing with no clear design, redesign, or engineering work (matched: supply-class PSC 1410), so it is tracked as a subcontract/competitive-intelligence lead rather than a prime fit.",None identified,Possible subcontract lead,No obvious vehicle restriction,Not Applicable,No special eligibility found in SAM.gov fields.,Prime feasible,Monitor as a direct pursuit unless attachments indicate otherwise.,None detected,https://sam.gov/workspace/contract/opp/cc40481387414702b547671bbd988648/view,"https://sam.gov/api/prod/opps/v3/opportunities/resources/files/bf18b484bc5e4f60967a81f1e142e6bf/download
{'rel': 'self', 'href': 'https://api.sam.gov/prod/opportunities/v2/search?noticeid=cc40481387414702b547671bbd988648&limit=1'}",Jazmine Robinson,jazmine.n.robinson.ctr@army.mil,Primary NAICS 336414,Partial Refresh — Capacity Reached,High — attachment text read
Accepted,B,8,Special Notice,"Portfolio Acquisition Executive - Marine Corps (PAE-MC) Ground Combat Vehicle Testing, Research, and Development",DEPT OF DEFENSE.DEPT OF THE NAVY.USMC.MARCOR SYSCOM.COMMANDER,,Special Notice,a94ab5aff39b4a72bc8022861cbe3040,M67854-26-I-0202,2026-09-04,7,541330,R425,No Set aside used,"Quantico, Virginia, UNITED STATES",Not stated,,"Possible Butler fit through broader defense engineering, logistics, testing, or program support. Matched: testing, navy. Attachment text was included in the screen.",None identified,Add to tracker,No obvious vehicle restriction,Not Applicable,No special eligibility found in SAM.gov fields.,Prime feasible,Monitor as a direct pursuit unless attachments indicate otherwise.,None detected,https://sam.gov/workspace/contract/opp/a94ab5aff39b4a72bc8022861cbe3040/view,"https://sam.gov/api/prod/opps/v3/opportunities/resources/files/0c57d1282bbe4d758464f4a3cedc8a40/download
https://sam.gov/api/prod/opps/v3/opportunities/resources/files/3af9df564b3b46eda39618a584940824/download
https://sam.gov/api/prod/opps/v3/opportunities/resources/files/3b2df9df16224a9d9c038d62424a0ebe/download
https://sam.gov/api/prod/opps/v3/opportunities/resources/files/744aa7c8fe4943c89b3b4bc642cd5dd9/download
https://sam.gov/api/prod/opps/v3/opportunities/resources/files/c54e38fc3f6f41b1ac37e6440eee2a25/download
{'rel': 'self', 'href': 'https://api.sam.gov/prod/opportunities/v2/search?noticeid=a94ab5aff39b4a72bc8022861cbe3040&limit=1'}",Kathleen W. Keys,kathleen.keys@usmc.mil,Primary NAICS 541330,Partial Refresh — Capacity Reached,High — attachment text read
Accepted,C,3,Special Notice,Space Campus - DRAFT Synopsis,DEPT OF DEFENSE.DEPT OF THE ARMY.US ARMY CORPS OF ENGINEERS.ENGINEER DIVISION SOUTHWESTERN.W076 ENDIST MIDDLE EAS(PROVIS),,Special Notice,371185dc62bb4006937b4e69fa4576b4,W912ER26RQDA4,2026-09-04,7,541330,C219,No Set aside used,"Winchester, Virginia, UNITED STATES",Not stated,,"Relevant Butler intelligence or subcontract lead, but prime feasibility is limited. Matched: army. Attachment text was included in the screen. Scope reads as hardware supply/manufacturing with no clear design, redesign, or engineering work (matched: nsn), so it is tracked as a subcontract/competitive-intelligence lead rather than a prime fit.",None identified,Possible subcontract lead,No obvious vehicle restriction,Not Applicable,No special eligibility found in SAM.gov fields.,Prime feasible,Monitor as a direct pursuit unless attachments indicate otherwise.,None detected,https://sam.gov/workspace/contract/opp/371185dc62bb4006937b4e69fa4576b4/view,"https://sam.gov/api/prod/opps/v3/opportunities/resources/files/584aa4146df648f0933a7e44bad5f341/download
https://sam.gov/api/prod/opps/v3/opportunities/resources/files/c2d13787848943409d5cc3fbd362d423/download
{'rel': 'self', 'href': 'https://api.sam.gov/prod/opportunities/v2/search?noticeid=371185dc62bb4006937b4e69fa4576b4&limit=1'}",Tracy Gusukuma,tracy.m.gusukuma@usace.army.mil,Primary NAICS 541330,Partial Refresh — Capacity Reached,High — attachment text read
Accepted,C,0,RFP / Solicitation,Drone,DEPT OF DEFENSE.DEPT OF THE ARMY.AMC.ACC.MISSION INSTALLATION CONTRACTING COMMAND.419TH CSB.W6QM MICC-FT DRUM,,Solicitation,97d5c977e3d34cbda2f1cb4d928671b8,W911S226U4322,2026-09-04,7,336411,1550,Small Business Set Aside - Total,,Not stated,,"Relevant Butler intelligence or subcontract lead, but prime feasibility is limited. Matched: army. Scope reads as hardware supply/manufacturing with no clear design, redesign, or engineering work (matched: supply-class PSC 1550), so it is tracked as a subcontract/competitive-intelligence lead rather than a prime fit.",Set-aside eligibility may limit prime feasibility,Check set-aside,No obvious vehicle restriction,Unknown — check Butler contract vehicles,Requires small-business set-aside eligibility.,Prime uncertain,Check whether Butler can qualify directly or should team with an eligible prime.,small business set aside,https://sam.gov/workspace/contract/opp/97d5c977e3d34cbda2f1cb4d928671b8/view,"{'rel': 'self', 'href': 'https://api.sam.gov/prod/opportunities/v2/search?noticeid=97d5c977e3d34cbda2f1cb4d928671b8&limit=1'}",Ricky Amon,ricky.r.amon.mil@army.mil,Primary NAICS 336411,Partial Refresh — Capacity Reached,High
Accepted,C,0,RFP / Solicitation,"16--DUCT ASSEMBLY,AIR C",DEPT OF DEFENSE.DEFENSE LOGISTICS AGENCY.DLA AVIATION.DLA AV RICHMOND.DLA AVIATION,,Solicitation,dd4687ae753f4733b7fb36fdf7c0a494,SPE4A726T700U,2026-09-04,7,336411,16,SBA Certified Women-Owned Small Business (WOSB) Program Set-Aside (FAR 19.15),,Not stated,,"Relevant Butler intelligence or subcontract lead, but prime feasibility is limited. Matched: dla aviation. Scope reads as hardware supply/manufacturing with no clear design, redesign, or engineering work (matched: supply-class PSC 16), so it is tracked as a subcontract/competitive-intelligence lead rather than a prime fit.",Set-aside eligibility may limit prime feasibility,Check set-aside,No obvious vehicle restriction,Unknown — check Butler contract vehicles,Requires small-business set-aside eligibility.,Prime uncertain,Check whether Butler can qualify directly or should team with an eligible prime.,wosb,https://sam.gov/workspace/contract/opp/dd4687ae753f4733b7fb36fdf7c0a494/view,"{'rel': 'self', 'href': 'https://api.sam.gov/prod/opportunities/v2/search?noticeid=dd4687ae753f4733b7fb36fdf7c0a494&limit=1'}","Questions regarding this solicitation should be emailed to the buyer listed in block 5 of the solicitation document which can be found under the Additional Information link.
If the Additional Information link does not work, please go to https://www.dibbs.bsm.dla.mil/Solicitations/ and type the solicitation number in the Global Search box.
",DibbsBSM@dla.mil,Primary NAICS 336411,Partial Refresh — Capacity Reached,High
Accepted,C,-5,RFP / Solicitation,53--GASKET,DEPT OF DEFENSE.DEFENSE LOGISTICS AGENCY.DLA MARITIME.DLA MARITIME COLUMBUS.DLA LAND AND MARITIME,,Solicitation,2f1c6ed85a714b8c9d886f17cf92085e,SPE7M426Q1002,2026-09-04,7,336411,53,Small Business Set Aside - Total,,Not stated,,"Relevant Butler intelligence or subcontract lead, but prime feasibility is limited. Scope reads as hardware supply/manufacturing with no clear design, redesign, or engineering work (matched: supply-class PSC 53), so it is tracked as a subcontract/competitive-intelligence lead rather than a prime fit.",Set-aside eligibility may limit prime feasibility,Check set-aside,No obvious vehicle restriction,Unknown — check Butler contract vehicles,Requires small-business set-aside eligibility.,Prime uncertain,Check whether Butler can qualify directly or should team with an eligible prime.,small business set aside,https://sam.gov/workspace/contract/opp/2f1c6ed85a714b8c9d886f17cf92085e/view,"{'rel': 'self', 'href': 'https://api.sam.gov/prod/opportunities/v2/search?noticeid=2f1c6ed85a714b8c9d886f17cf92085e&limit=1'}","Questions regarding this solicitation should be emailed to the buyer listed in block 5 of the solicitation document which can be found under the Additional Information link.
If the Additional Information link does not work, please go to https://www.dibbs.bsm.dla.mil/Solicitations/ and type the solicitation number in the Global Search box.
",DibbsBSM@dla.mil,Primary NAICS 336411,Partial Refresh — Capacity Reached,High
Accepted,C,5,RFP / Solicitation,PAO UAS purchase,DEPT OF DEFENSE.DEPT OF THE ARMY.AMC.ACC.MISSION INSTALLATION CONTRACTING COMMAND.419TH CSB.W6QM MICC-FT STEWART,,Solicitation,145e2c3638724591b036730235518f78,27_08,2026-09-04,7,336411,1550,Small Business Set Aside - Total,"Fort Stewart, Georgia, UNITED STATES",Not stated,,"Relevant Butler intelligence or subcontract lead, but prime feasibility is limited. Matched: uas, army. Attachment text was included in the screen. Scope reads as hardware supply/manufacturing with no clear design, redesign, or engineering work (matched: nsn, supply-class PSC 1550), so it is tracked as a subcontract/competitive-intelligence lead rather than a prime fit.",Set-aside eligibility may limit prime feasibility,Check set-aside,No obvious vehicle restriction,Unknown — check Butler contract vehicles,Requires small-business set-aside eligibility.,Prime uncertain,Check whether Butler can qualify directly or should team with an eligible prime.,small business set aside,https://sam.gov/workspace/contract/opp/145e2c3638724591b036730235518f78/view,"https://sam.gov/api/prod/opps/v3/opportunities/resources/files/0cc3b28ca23044f88fdb98a23ffcac16/download
https://sam.gov/api/prod/opps/v3/opportunities/resources/files/b26fb13f900e43beacb83eb61b986ece/download
https://sam.gov/api/prod/opps/v3/opportunities/resources/files/bf789f3d598e427f95c80b2a5de3328b/download
https://sam.gov/api/prod/opps/v3/opportunities/resources/files/ed32554fd2454207bf02cd156208f35f/download
{'rel': 'self', 'href': 'https://api.sam.gov/prod/opportunities/v2/search?noticeid=145e2c3638724591b036730235518f78&limit=1'}",Shaana Ito,shaana.k.ito.civ@army.mil,Primary NAICS 336411,Partial Refresh — Capacity Reached,High — attachment text read
Accepted,C,-5,RFP / Solicitation,"48--BODY,VALVE",DEPT OF DEFENSE.DEFENSE LOGISTICS AGENCY.DLA MARITIME.DLA MARITIME COLUMBUS.DLA LAND AND MARITIME,,Solicitation,4cd5d72f5c274b338632f72acd3758f7,SPE7MC26T223R,2026-09-04,7,336411,48,Small Business Set Aside - Total,,Not stated,,"Relevant Butler intelligence or subcontract lead, but prime feasibility is limited. Scope reads as hardware supply/manufacturing with no clear design, redesign, or engineering work (matched: supply-class PSC 48), so it is tracked as a subcontract/competitive-intelligence lead rather than a prime fit.",Set-aside eligibility may limit prime feasibility,Check set-aside,No obvious vehicle restriction,Unknown — check Butler contract vehicles,Requires small-business set-aside eligibility.,Prime uncertain,Check whether Butler can qualify directly or should team with an eligible prime.,small business set aside,https://sam.gov/workspace/contract/opp/4cd5d72f5c274b338632f72acd3758f7/view,"{'rel': 'self', 'href': 'https://api.sam.gov/prod/opportunities/v2/search?noticeid=4cd5d72f5c274b338632f72acd3758f7&limit=1'}","Questions regarding this solicitation should be emailed to the buyer listed in block 5 of the solicitation document which can be found under the Additional Information link.
If the Additional Information link does not work, please go to https://www.dibbs.bsm.dla.mil/Solicitations/ and type the solicitation number in the Global Search box.
",DibbsBSM@dla.mil,Primary NAICS 336411,Partial Refresh — Capacity Reached,High
Accepted,C,-2,Special Notice,Procurement of Various Items,"HOMELAND SECURITY, DEPARTMENT OF.US COAST GUARD.AVIATION LOGISTICS CENTER (ALC)(00038)",,Special Notice,cdc369ec44e04a32a1562a30d1f3ddb8,70Z03826QJ0000273,2026-09-04,7,336413,1560,No Set aside used,,Not stated,,"Relevant Butler intelligence or subcontract lead, but prime feasibility is limited. Attachment text was included in the screen. Scope reads as hardware supply/manufacturing with no clear design, redesign, or engineering work (matched: procurement of, supply-class PSC 1560), so it is tracked as a subcontract/competitive-intelligence lead rather than a prime fit.",None identified,Possible subcontract lead,No obvious vehicle restriction,Not Applicable,No special eligibility found in SAM.gov fields.,Prime feasible,Monitor as a direct pursuit unless attachments indicate otherwise.,None detected,https://sam.gov/workspace/contract/opp/cdc369ec44e04a32a1562a30d1f3ddb8/view,"https://sam.gov/api/prod/opps/v3/opportunities/resources/files/25f03abb308546e19c8c253bec23b79b/download
https://sam.gov/api/prod/opps/v3/opportunities/resources/files/d84cf1c380144002b2d0cee108114d6f/download
{'rel': 'self', 'href': 'https://api.sam.gov/prod/opportunities/v2/search?noticeid=cdc369ec44e04a32a1562a30d1f3ddb8&limit=1'}",Tiffany Cherry,tiffany.r.cherry2@uscg.mil,Primary NAICS 336413,Partial Refresh — Capacity Reached,High — attachment text read
Accepted,C,3,Sources Sought / RFI,"CONTROL BOX, ELECTRICAL_End_Item_B-1B_NSN_1660011433525_PN_783421-1-1","DEPT OF DEFENSE.DEFENSE LOGISTICS AGENCY.DLA AVIATION.DLA AVIATION OKLAHOMA CITY.DLA AVIATION AT OKLAHOMA CITY, OK",,Sources Sought,b94756fe31594d2f8d80f20798e31d0c,FD20302700217,2026-09-04,7,336413,1660,No Set aside used,UNITED STATES,Not stated,,"Relevant Butler intelligence or subcontract lead, but prime feasibility is limited. Matched: dla aviation. Attachment text was included in the screen. Scope reads as hardware supply/manufacturing with no clear design, redesign, or engineering work (matched: nsn, supply-class PSC 1660), so it is tracked as a subcontract/competitive-intelligence lead rather than a prime fit.",None identified,Possible subcontract lead,No obvious vehicle restriction,Not Applicable,No special eligibility found in SAM.gov fields.,Prime feasible,Monitor as a direct pursuit unless attachments indicate otherwise.,None detected,https://sam.gov/workspace/contract/opp/b94756fe31594d2f8d80f20798e31d0c/view,"https://sam.gov/api/prod/opps/v3/opportunities/resources/files/559e6efdebf44d3480d2468017e96cef/download
{'rel': 'self', 'href': 'https://api.sam.gov/prod/opportunities/v2/search?noticeid=b94756fe31594d2f8d80f20798e31d0c&limit=1'}",422 SCMS,422.scms.afmc.rfi@us.af.mil,Primary NAICS 336413,Partial Refresh — Capacity Reached,High — attachment text read
Accepted,C,3,Sources Sought / RFI,Cabinet Interface Circuit Card Assembly _End_Item_GRN-29 ILS-M (ILS 2100)_NSN_5998015223084_PN_012096-0001,"DEPT OF DEFENSE.DEFENSE LOGISTICS AGENCY.DLA AVIATION.DLA AVIATION OKLAHOMA CITY.DLA AVIATION AT OKLAHOMA CITY, OK",,Sources Sought,54ca2589b7304c33a00b92f5c016701f,FD20302602653,2026-09-04,7,336413,5998,No Set aside used,UNITED STATES,Not stated,,"Relevant Butler intelligence or subcontract lead, but prime feasibility is limited. Matched: dla aviation. Attachment text was included in the screen. Scope reads as hardware supply/manufacturing with no clear design, redesign, or engineering work (matched: nsn, supply-class PSC 5998), so it is tracked as a subcontract/competitive-intelligence lead rather than a prime fit.",None identified,Possible subcontract lead,No obvious vehicle restriction,Not Applicable,No special eligibility found in SAM.gov fields.,Prime feasible,Monitor as a direct pursuit unless attachments indicate otherwise.,None detected,https://sam.gov/workspace/contract/opp/54ca2589b7304c33a00b92f5c016701f/view,"https://sam.gov/api/prod/opps/v3/opportunities/resources/files/24626af0e8b3489fa36c02d042ff7378/download
{'rel': 'self', 'href': 'https://api.sam.gov/prod/opportunities/v2/search?noticeid=54ca2589b7304c33a00b92f5c016701f&limit=1'}",424 SCMS,424.scms.afmc.rfi.responses@us.af.mil,Primary NAICS 336413,Partial Refresh — Capacity Reached,High — attachment text read
Accepted,C,8,Sources Sought / RFI,"Turbine, Aircraft Co_End_Item_F-16_NSN_1660014608886_PN_2204330-4-2","DEPT OF DEFENSE.DEFENSE LOGISTICS AGENCY.DLA AVIATION.DLA AVIATION OKLAHOMA CITY.DLA AVIATION AT OKLAHOMA CITY, OK",,Sources Sought,1369c81d753441de90ad9d09a8f43c68,FD20302700251,2026-09-04,7,336413,1660,No Set aside used,UNITED STATES,Not stated,,"Relevant Butler intelligence or subcontract lead, but prime feasibility is limited. Matched: aircraft, dla aviation. Attachment text was included in the screen. Scope reads as hardware supply/manufacturing with no clear design, redesign, or engineering work (matched: nsn, supply-class PSC 1660), so it is tracked as a subcontract/competitive-intelligence lead rather than a prime fit.",None identified,Possible subcontract lead,No obvious vehicle restriction,Not Applicable,No special eligibility found in SAM.gov fields.,Prime feasible,Monitor as a direct pursuit unless attachments indicate otherwise.,None detected,https://sam.gov/workspace/contract/opp/1369c81d753441de90ad9d09a8f43c68/view,"https://sam.gov/api/prod/opps/v3/opportunities/resources/files/5f1d9717ae8944528ca525b45f62a38e/download
{'rel': 'self', 'href': 'https://api.sam.gov/prod/opportunities/v2/search?noticeid=1369c81d753441de90ad9d09a8f43c68&limit=1'}",423 Workflow,423scms.guea.workflow@us.af.mil,Primary NAICS 336413,Partial Refresh — Capacity Reached,High — attachment text read
Accepted,C,3,RFP / Solicitation,"16--GLAND,LOWER END",DEPT OF DEFENSE.DEFENSE LOGISTICS AGENCY.DLA AVIATION.DLA AV RICHMOND.DLA AVIATION,,Solicitation,f878df8a3dec490aa3ea6e48301af1fb,SPE4A726T699L,2026-09-04,7,336413,16,,,Not stated,,"Relevant Butler intelligence or subcontract lead, but prime feasibility is limited. Matched: dla aviation. Scope reads as hardware supply/manufacturing with no clear design, redesign, or engineering work (matched: supply-class PSC 16), so it is tracked as a subcontract/competitive-intelligence lead rather than a prime fit.",None identified,Possible subcontract lead,No obvious vehicle restriction,Not Applicable,No special eligibility found in SAM.gov fields.,Prime feasible,Monitor as a direct pursuit unless attachments indicate otherwise.,None detected,https://sam.gov/workspace/contract/opp/f878df8a3dec490aa3ea6e48301af1fb/view,"{'rel': 'self', 'href': 'https://api.sam.gov/prod/opportunities/v2/search?noticeid=f878df8a3dec490aa3ea6e48301af1fb&limit=1'}","Questions regarding this solicitation should be emailed to the buyer listed in block 5 of the solicitation document which can be found under the Additional Information link.
If the Additional Information link does not work, please go to https://www.dibbs.bsm.dla.mil/Solicitations/ and type the solicitation number in the Global Search box.
",DibbsBSM@dla.mil,Primary NAICS 336413,Partial Refresh — Capacity Reached,High
Accepted,C,0,RFP / Solicitation,"16--PARTS KIT,LINEAR AC",DEPT OF DEFENSE.DEFENSE LOGISTICS AGENCY.DLA AVIATION.DLA AV RICHMOND.DLA AVIATION,,Solicitation,f125832a9f7248caa2f894222340444b,SPE4A726T700F,2026-09-04,7,336413,16,Small Business Set Aside - Total,,Not stated,,"Relevant Butler intelligence or subcontract lead, but prime feasibility is limited. Matched: dla aviation. Scope reads as hardware supply/manufacturing with no clear design, redesign, or engineering work (matched: supply-class PSC 16), so it is tracked as a subcontract/competitive-intelligence lead rather than a prime fit.",Set-aside eligibility may limit prime feasibility,Check set-aside,No obvious vehicle restriction,Unknown — check Butler contract vehicles,Requires small-business set-aside eligibility.,Prime uncertain,Check whether Butler can qualify directly or should team with an eligible prime.,small business set aside,https://sam.gov/workspace/contract/opp/f125832a9f7248caa2f894222340444b/view,"{'rel': 'self', 'href': 'https://api.sam.gov/prod/opportunities/v2/search?noticeid=f125832a9f7248caa2f894222340444b&limit=1'}","Questions regarding this solicitation should be emailed to the buyer listed in block 5 of the solicitation document which can be found under the Additional Information link.
If the Additional Information link does not work, please go to https://www.dibbs.bsm.dla.mil/Solicitations/ and type the solicitation number in the Global Search box.
",DibbsBSM@dla.mil,Primary NAICS 336413,Partial Refresh — Capacity Reached,High
Accepted,C,0,RFP / Solicitation,"15--FIREWALL,FUSELAGE",DEPT OF DEFENSE.DEFENSE LOGISTICS AGENCY.DLA AVIATION.DLA AV RICHMOND.DLA AVIATION,,Solicitation,c4ea77f64c534551a088375f46811f99,SPE4A726T701C,2026-09-04,7,336413,15,Small Business Set Aside - Total,,Not stated,,"Relevant Butler intelligence or subcontract lead, but prime feasibility is limited. Matched: dla aviation. Scope reads as hardware supply/manufacturing with no clear design, redesign, or engineering work (matched: supply-class PSC 15), so it is tracked as a subcontract/competitive-intelligence lead rather than a prime fit.",Set-aside eligibility may limit prime feasibility,Check set-aside,No obvious vehicle restriction,Unknown — check Butler contract vehicles,Requires small-business set-aside eligibility.,Prime uncertain,Check whether Butler can qualify directly or should team with an eligible prime.,small business set aside,https://sam.gov/workspace/contract/opp/c4ea77f64c534551a088375f46811f99/view,"{'rel': 'self', 'href': 'https://api.sam.gov/prod/opportunities/v2/search?noticeid=c4ea77f64c534551a088375f46811f99&limit=1'}","Questions regarding this solicitation should be emailed to the buyer listed in block 5 of the solicitation document which can be found under the Additional Information link.
If the Additional Information link does not work, please go to https://www.dibbs.bsm.dla.mil/Solicitations/ and type the solicitation number in the Global Search box.
",DibbsBSM@dla.mil,Primary NAICS 336413,Partial Refresh — Capacity Reached,High
Accepted,C,3,RFP / Solicitation,"15--SEAL,RUDDER BALANCE",DEPT OF DEFENSE.DEFENSE LOGISTICS AGENCY.DLA AVIATION.DLA AV RICHMOND.DLA AVIATION,,Solicitation,b9cdac94ce7240648ca73e18aacdf083,SPE4A726T702S,2026-09-04,7,336413,15,,,Not stated,,"Relevant Butler intelligence or subcontract lead, but prime feasibility is limited. Matched: dla aviation. Scope reads as hardware supply/manufacturing with no clear design, redesign, or engineering work (matched: supply-class PSC 15), so it is tracked as a subcontract/competitive-intelligence lead rather than a prime fit.",None identified,Possible subcontract lead,No obvious vehicle restriction,Not Applicable,No special eligibility found in SAM.gov fields.,Prime feasible,Monitor as a direct pursuit unless attachments indicate otherwise.,None detected,https://sam.gov/workspace/contract/opp/b9cdac94ce7240648ca73e18aacdf083/view,"{'rel': 'self', 'href': 'https://api.sam.gov/prod/opportunities/v2/search?noticeid=b9cdac94ce7240648ca73e18aacdf083&limit=1'}","Questions regarding this solicitation should be emailed to the buyer listed in block 5 of the solicitation document which can be found under the Additional Information link.
If the Additional Information link does not work, please go to https://www.dibbs.bsm.dla.mil/Solicitations/ and type the solicitation number in the Global Search box.
",DibbsBSM@dla.mil,Primary NAICS 336413,Partial Refresh — Capacity Reached,High
Accepted,C,0,RFP / Solicitation,"16--PANEL,CRADLE",DEPT OF DEFENSE.DEFENSE LOGISTICS AGENCY.DLA AVIATION.DLA AV RICHMOND.DLA AVIATION,,Solicitation,abd0d58860ca4b3fb5d71e8a5ad048d4,SPE4A726T701D,2026-09-04,7,336413,16,Small Business Set Aside - Total,,Not stated,,"Relevant Butler intelligence or subcontract lead, but prime feasibility is limited. Matched: dla aviation. Scope reads as hardware supply/manufacturing with no clear design, redesign, or engineering work (matched: supply-class PSC 16), so it is tracked as a subcontract/competitive-intelligence lead rather than a prime fit.",Set-aside eligibility may limit prime feasibility,Check set-aside,No obvious vehicle restriction,Unknown — check Butler contract vehicles,Requires small-business set-aside eligibility.,Prime uncertain,Check whether Butler can qualify directly or should team with an eligible prime.,small business set aside,https://sam.gov/workspace/contract/opp/abd0d58860ca4b3fb5d71e8a5ad048d4/view,"{'rel': 'self', 'href': 'https://api.sam.gov/prod/opportunities/v2/search?noticeid=abd0d58860ca4b3fb5d71e8a5ad048d4&limit=1'}","Questions regarding this solicitation should be emailed to the buyer listed in block 5 of the solicitation document which can be found under the Additional Information link.
If the Additional Information link does not work, please go to https://www.dibbs.bsm.dla.mil/Solicitations/ and type the solicitation number in the Global Search box.
",DibbsBSM@dla.mil,Primary NAICS 336413,Partial Refresh — Capacity Reached,High
Accepted,C,3,RFP / Solicitation,"15--DUCT ASSEMBLY,BLEED",DEPT OF DEFENSE.DEFENSE LOGISTICS AGENCY.DLA AVIATION.DLA AV RICHMOND.DLA AVIATION,,Solicitation,a6d988e70c5840efb83e64579e6def6d,SPE4A626T24EJ,2026-09-04,7,336413,15,,,Not stated,,"Relevant Butler intelligence or subcontract lead, but prime feasibility is limited. Matched: dla aviation. Scope reads as hardware supply/manufacturing with no clear design, redesign, or engineering work (matched: supply-class PSC 15), so it is tracked as a subcontract/competitive-intelligence lead rather than a prime fit.",None identified,Possible subcontract lead,No obvious vehicle restriction,Not Applicable,No special eligibility found in SAM.gov fields.,Prime feasible,Monitor as a direct pursuit unless attachments indicate otherwise.,None detected,https://sam.gov/workspace/contract/opp/a6d988e70c5840efb83e64579e6def6d/view,"{'rel': 'self', 'href': 'https://api.sam.gov/prod/opportunities/v2/search?noticeid=a6d988e70c5840efb83e64579e6def6d&limit=1'}","Questions regarding this solicitation should be emailed to the buyer listed in block 5 of the solicitation document which can be found under the Additional Information link.
If the Additional Information link does not work, please go to https://www.dibbs.bsm.dla.mil/Solicitations/ and type the solicitation number in the Global Search box.
",DibbsBSM@dla.mil,Primary NAICS 336413,Partial Refresh — Capacity Reached,High
Accepted,C,3,RFP / Solicitation,"15--STRAP,BULKHEAD,RAMP",DEPT OF DEFENSE.DEFENSE LOGISTICS AGENCY.DLA AVIATION.DLA AV RICHMOND.DLA AVIATION,,Solicitation,978f6086b1c2419c8f6c51f1a3657ff6,SPE4A726T702T,2026-09-04,7,336413,15,,,Not stated,,"Relevant Butler intelligence or subcontract lead, but prime feasibility is limited. Matched: dla aviation. Scope reads as hardware supply/manufacturing with no clear design, redesign, or engineering work (matched: supply-class PSC 15), so it is tracked as a subcontract/competitive-intelligence lead rather than a prime fit.",None identified,Possible subcontract lead,No obvious vehicle restriction,Not Applicable,No special eligibility found in SAM.gov fields.,Prime feasible,Monitor as a direct pursuit unless attachments indicate otherwise.,None detected,https://sam.gov/workspace/contract/opp/978f6086b1c2419c8f6c51f1a3657ff6/view,"{'rel': 'self', 'href': 'https://api.sam.gov/prod/opportunities/v2/search?noticeid=978f6086b1c2419c8f6c51f1a3657ff6&limit=1'}","Questions regarding this solicitation should be emailed to the buyer listed in block 5 of the solicitation document which can be found under the Additional Information link.
If the Additional Information link does not work, please go to https://www.dibbs.bsm.dla.mil/Solicitations/ and type the solicitation number in the Global Search box.
",DibbsBSM@dla.mil,Primary NAICS 336413,Partial Refresh — Capacity Reached,High
Accepted,C,3,RFP / Solicitation,"15--PLATE,STRUCTURAL,AIRCR",DEPT OF DEFENSE.DEFENSE LOGISTICS AGENCY.DLA AVIATION.DLA AV RICHMOND.DLA AVIATION,,Solicitation,81c7904ffb164670bfcae240017ab741,SPE4A626T24LS,2026-09-04,7,336413,15,,,Not stated,,"Relevant Butler intelligence or subcontract lead, but prime feasibility is limited. Matched: dla aviation. Scope reads as hardware supply/manufacturing with no clear design, redesign, or engineering work (matched: supply-class PSC 15), so it is tracked as a subcontract/competitive-intelligence lead rather than a prime fit.",None identified,Possible subcontract lead,No obvious vehicle restriction,Not Applicable,No special eligibility found in SAM.gov fields.,Prime feasible,Monitor as a direct pursuit unless attachments indicate otherwise.,None detected,https://sam.gov/workspace/contract/opp/81c7904ffb164670bfcae240017ab741/view,"{'rel': 'self', 'href': 'https://api.sam.gov/prod/opportunities/v2/search?noticeid=81c7904ffb164670bfcae240017ab741&limit=1'}","Questions regarding this solicitation should be emailed to the buyer listed in block 5 of the solicitation document which can be found under the Additional Information link.
If the Additional Information link does not work, please go to https://www.dibbs.bsm.dla.mil/Solicitations/ and type the solicitation number in the Global Search box.
",DibbsBSM@dla.mil,Primary NAICS 336413,Partial Refresh — Capacity Reached,High
Accepted,C,3,RFP / Solicitation,"15--FITTING,STRUCTURAL",DEPT OF DEFENSE.DEFENSE LOGISTICS AGENCY.DLA AVIATION.DLA AV RICHMOND.DLA AVIATION,,Solicitation,7f25320b55d14007bbdb0d322aa5d138,SPE4A626T24HB,2026-09-04,7,336413,15,,,Not stated,,"Relevant Butler intelligence or subcontract lead, but prime feasibility is limited. Matched: dla aviation. Scope reads as hardware supply/manufacturing with no clear design, redesign, or engineering work (matched: supply-class PSC 15), so it is tracked as a subcontract/competitive-intelligence lead rather than a prime fit.",None identified,Possible subcontract lead,No obvious vehicle restriction,Not Applicable,No special eligibility found in SAM.gov fields.,Prime feasible,Monitor as a direct pursuit unless attachments indicate otherwise.,None detected,https://sam.gov/workspace/contract/opp/7f25320b55d14007bbdb0d322aa5d138/view,"{'rel': 'self', 'href': 'https://api.sam.gov/prod/opportunities/v2/search?noticeid=7f25320b55d14007bbdb0d322aa5d138&limit=1'}","Questions regarding this solicitation should be emailed to the buyer listed in block 5 of the solicitation document which can be found under the Additional Information link.
If the Additional Information link does not work, please go to https://www.dibbs.bsm.dla.mil/Solicitations/ and type the solicitation number in the Global Search box.
",DibbsBSM@dla.mil,Primary NAICS 336413,Partial Refresh — Capacity Reached,High
Accepted,C,3,RFP / Solicitation,"16--SERVOVALVE,HYDRAULIC",DEPT OF DEFENSE.DEFENSE LOGISTICS AGENCY.DLA AVIATION.DLA AV RICHMOND.DLA AVIATION,,Solicitation,5be891ae63ff4d1987ecdf2b6efbf179,SPE4A526T395F,2026-09-04,7,336413,16,,,Not stated,,"Relevant Butler intelligence or subcontract lead, but prime feasibility is limited. Matched: dla aviation. Scope reads as hardware supply/manufacturing with no clear design, redesign, or engineering work (matched: supply-class PSC 16), so it is tracked as a subcontract/competitive-intelligence lead rather than a prime fit.",None identified,Possible subcontract lead,No obvious vehicle restriction,Not Applicable,No special eligibility found in SAM.gov fields.,Prime feasible,Monitor as a direct pursuit unless attachments indicate otherwise.,None detected,https://sam.gov/workspace/contract/opp/5be891ae63ff4d1987ecdf2b6efbf179/view,"{'rel': 'self', 'href': 'https://api.sam.gov/prod/opportunities/v2/search?noticeid=5be891ae63ff4d1987ecdf2b6efbf179&limit=1'}","Questions regarding this solicitation should be emailed to the buyer listed in block 5 of the solicitation document which can be found under the Additional Information link.
If the Additional Information link does not work, please go to https://www.dibbs.bsm.dla.mil/Solicitations/ and type the solicitation number in the Global Search box.
",DibbsBSM@dla.mil,Primary NAICS 336413,Partial Refresh — Capacity Reached,High
Accepted,C,0,RFP / Solicitation,"15--SUPPORT,STRUCTURAL",DEPT OF DEFENSE.DEFENSE LOGISTICS AGENCY.DLA AVIATION.DLA AV RICHMOND.DLA AVIATION,,Solicitation,3813350b9d71431a8d102b95a9dd8727,SPE4A726T700D,2026-09-04,7,336413,15,Small Business Set Aside - Total,,Not stated,,"Relevant Butler intelligence or subcontract lead, but prime feasibility is limited. Matched: dla aviation. Scope reads as hardware supply/manufacturing with no clear design, redesign, or engineering work (matched: supply-class PSC 15), so it is tracked as a subcontract/competitive-intelligence lead rather than a prime fit.",Set-aside eligibility may limit prime feasibility,Check set-aside,No obvious vehicle restriction,Unknown — check Butler contract vehicles,Requires small-business set-aside eligibility.,Prime uncertain,Check whether Butler can qualify directly or should team with an eligible prime.,small business set aside,https://sam.gov/workspace/contract/opp/3813350b9d71431a8d102b95a9dd8727/view,"{'rel': 'self', 'href': 'https://api.sam.gov/prod/opportunities/v2/search?noticeid=3813350b9d71431a8d102b95a9dd8727&limit=1'}","Questions regarding this solicitation should be emailed to the buyer listed in block 5 of the solicitation document which can be found under the Additional Information link.
If the Additional Information link does not work, please go to https://www.dibbs.bsm.dla.mil/Solicitations/ and type the solicitation number in the Global Search box.
",DibbsBSM@dla.mil,Primary NAICS 336413,Partial Refresh — Capacity Reached,High
Accepted,C,3,RFP / Solicitation,"16--ACTUATOR,DRIVE SHAFT",DEPT OF DEFENSE.DEFENSE LOGISTICS AGENCY.DLA AVIATION.DLA AV RICHMOND.DLA AVIATION,,Solicitation,318cb4c3e0414e478906e140cf719542,SPE4A526T394J,2026-09-04,7,336413,16,,,Not stated,,"Relevant Butler intelligence or subcontract lead, but prime feasibility is limited. Matched: dla aviation. Scope reads as hardware supply/manufacturing with no clear design, redesign, or engineering work (matched: supply-class PSC 16), so it is tracked as a subcontract/competitive-intelligence lead rather than a prime fit.",None identified,Possible subcontract lead,No obvious vehicle restriction,Not Applicable,No special eligibility found in SAM.gov fields.,Prime feasible,Monitor as a direct pursuit unless attachments indicate otherwise.,None detected,https://sam.gov/workspace/contract/opp/318cb4c3e0414e478906e140cf719542/view,"{'rel': 'self', 'href': 'https://api.sam.gov/prod/opportunities/v2/search?noticeid=318cb4c3e0414e478906e140cf719542&limit=1'}","Questions regarding this solicitation should be emailed to the buyer listed in block 5 of the solicitation document which can be found under the Additional Information link.
If the Additional Information link does not work, please go to https://www.dibbs.bsm.dla.mil/Solicitations/ and type the solicitation number in the Global Search box.
",DibbsBSM@dla.mil,Primary NAICS 336413,Partial Refresh — Capacity Reached,High
Accepted,C,3,RFP / Solicitation,49--HOT BONDER-CONTROLL,DEPT OF DEFENSE.DEFENSE LOGISTICS AGENCY.DLA AVIATION.DLA AV RICHMOND.DLA AVIATION,,Solicitation,25a6128c4981469bbb3730c476bd753c,SPE4A026T4512,2026-09-04,7,336413,49,,,Not stated,,"Relevant Butler intelligence or subcontract lead, but prime feasibility is limited. Matched: dla aviation. Scope reads as hardware supply/manufacturing with no clear design, redesign, or engineering work (matched: supply-class PSC 49), so it is tracked as a subcontract/competitive-intelligence lead rather than a prime fit.",None identified,Possible subcontract lead,No obvious vehicle restriction,Not Applicable,No special eligibility found in SAM.gov fields.,Prime feasible,Monitor as a direct pursuit unless attachments indicate otherwise.,None detected,https://sam.gov/workspace/contract/opp/25a6128c4981469bbb3730c476bd753c/view,"{'rel': 'self', 'href': 'https://api.sam.gov/prod/opportunities/v2/search?noticeid=25a6128c4981469bbb3730c476bd753c&limit=1'}","Questions regarding this solicitation should be emailed to the buyer listed in block 5 of the solicitation document which can be found under the Additional Information link.
If the Additional Information link does not work, please go to https://www.dibbs.bsm.dla.mil/Solicitations/ and type the solicitation number in the Global Search box.
",DibbsBSM@dla.mil,Primary NAICS 336413,Partial Refresh — Capacity Reached,High
Accepted,C,3,RFP / Solicitation,16--OIL FILTER ELEMENT,DEPT OF DEFENSE.DEFENSE LOGISTICS AGENCY.DLA AVIATION.DLA AV RICHMOND.DLA AVIATION,,Solicitation,08d15b1a8a824952964fc81325dab683,SPE4A626T24NK,2026-09-04,7,336413,16,,,Not stated,,"Relevant Butler intelligence or subcontract lead, but prime feasibility is limited. Matched: dla aviation. Scope reads as hardware supply/manufacturing with no clear design, redesign, or engineering work (matched: supply-class PSC 16), so it is tracked as a subcontract/competitive-intelligence lead rather than a prime fit.",None identified,Possible subcontract lead,No obvious vehicle restriction,Not Applicable,No special eligibility found in SAM.gov fields.,Prime feasible,Monitor as a direct pursuit unless attachments indicate otherwise.,None detected,https://sam.gov/workspace/contract/opp/08d15b1a8a824952964fc81325dab683/view,"{'rel': 'self', 'href': 'https://api.sam.gov/prod/opportunities/v2/search?noticeid=08d15b1a8a824952964fc81325dab683&limit=1'}","Questions regarding this solicitation should be emailed to the buyer listed in block 5 of the solicitation document which can be found under the Additional Information link.
If the Additional Information link does not work, please go to https://www.dibbs.bsm.dla.mil/Solicitations/ and type the solicitation number in the Global Search box.
",DibbsBSM@dla.mil,Primary NAICS 336413,Partial Refresh — Capacity Reached,High
Accepted,C,-2,RFP / Solicitation,CREW HARNESS ASSEMBLY,"HOMELAND SECURITY, DEPARTMENT OF.US COAST GUARD.AVIATION LOGISTICS CENTER (ALC)(00038)",,Solicitation,f282f7c12fbc4a16a6d868c85b32d1ec,70Z03826QB0000174,2026-09-04,7,336413,1680,,UNITED STATES,Not stated,,"Relevant Butler intelligence or subcontract lead, but prime feasibility is limited. Attachment text was included in the screen. Scope reads as hardware supply/manufacturing with no clear design, redesign, or engineering work (matched: supply-class PSC 1680), so it is tracked as a subcontract/competitive-intelligence lead rather than a prime fit.",None identified,Possible subcontract lead,No obvious vehicle restriction,Not Applicable,No special eligibility found in SAM.gov fields.,Prime feasible,Monitor as a direct pursuit unless attachments indicate otherwise.,None detected,https://sam.gov/workspace/contract/opp/f282f7c12fbc4a16a6d868c85b32d1ec/view,"https://sam.gov/api/prod/opps/v3/opportunities/resources/files/7f847984a1004c5eb245bd812524a268/download
https://sam.gov/api/prod/opps/v3/opportunities/resources/files/8abb954796d04571a04e136569ea1314/download
https://sam.gov/api/prod/opps/v3/opportunities/resources/files/b57318a72533430fb09ebb76d9d08fad/download
{'rel': 'self', 'href': 'https://api.sam.gov/prod/opportunities/v2/search?noticeid=f282f7c12fbc4a16a6d868c85b32d1ec&limit=1'}",Raymond V. Marler,raymond.v.marler@uscg.mil,Primary NAICS 336413,Partial Refresh — Capacity Reached,High — attachment text read
Accepted,C,0,RFP / Solicitation,Lower Lobe MX Stand for KC-46,DEPT OF DEFENSE.DEPT OF THE AIR FORCE.AIR MOBILITY COMMAND.FA4621  22 CONS PK,,Solicitation,0ce8ccc9a91b453c83bd66448056985c,FA462126Q0050,2026-09-04,7,336413,1730,Small Business Set Aside - Total,"Wichita, Kansas, UNITED STATES",Not stated,,"Relevant Butler intelligence or subcontract lead, but prime feasibility is limited. Matched: air force. Attachment text was included in the screen. Scope reads as hardware supply/manufacturing with no clear design, redesign, or engineering work (matched: supply-class PSC 1730), so it is tracked as a subcontract/competitive-intelligence lead rather than a prime fit.",Set-aside eligibility may limit prime feasibility,Check set-aside,No obvious vehicle restriction,Unknown — check Butler contract vehicles,Requires small-business set-aside eligibility.,Prime uncertain,Check whether Butler can qualify directly or should team with an eligible prime.,small business set aside,https://sam.gov/workspace/contract/opp/0ce8ccc9a91b453c83bd66448056985c/view,"https://sam.gov/api/prod/opps/v3/opportunities/resources/files/02fa2a6529b1425284e1171c306e8300/download
https://sam.gov/api/prod/opps/v3/opportunities/resources/files/31b694c3695245e9823834588ae2cef6/download
https://sam.gov/api/prod/opps/v3/opportunities/resources/files/65f3237b90324470857cf4fc04a002ce/download
{'rel': 'self', 'href': 'https://api.sam.gov/prod/opportunities/v2/search?noticeid=0ce8ccc9a91b453c83bd66448056985c&limit=1'}",SrA Natalee Dykes,natalee.dykes@us.af.mil,Primary NAICS 336413,Partial Refresh — Capacity Reached,High — attachment text read
Accepted,C,-2,RFP / Solicitation,"16--LINK AND PINS,UNIVE",DEPT OF DEFENSE.DEFENSE LOGISTICS AGENCY.DLA MARITIME.DLA MARITIME COLUMBUS.DLA LAND AND MARITIME,,Solicitation,fab057f77c0740c0954889b1936e1dcc,SPE7M426T363W,2026-09-04,7,336413,16,,,Not stated,,"Relevant Butler intelligence or subcontract lead, but prime feasibility is limited. Scope reads as hardware supply/manufacturing with no clear design, redesign, or engineering work (matched: supply-class PSC 16), so it is tracked as a subcontract/competitive-intelligence lead rather than a prime fit.",None identified,Possible subcontract lead,No obvious vehicle restriction,Not Applicable,No special eligibility found in SAM.gov fields.,Prime feasible,Monitor as a direct pursuit unless attachments indicate otherwise.,None detected,https://sam.gov/workspace/contract/opp/fab057f77c0740c0954889b1936e1dcc/view,"{'rel': 'self', 'href': 'https://api.sam.gov/prod/opportunities/v2/search?noticeid=fab057f77c0740c0954889b1936e1dcc&limit=1'}","Questions regarding this solicitation should be emailed to the buyer listed in block 5 of the solicitation document which can be found under the Additional Information link.
If the Additional Information link does not work, please go to https://www.dibbs.bsm.dla.mil/Solicitations/ and type the solicitation number in the Global Search box.
",DibbsBSM@dla.mil,Primary NAICS 336413,Partial Refresh — Capacity Reached,High
Accepted,C,-2,RFP / Solicitation,16--SLEEVE ASSEMBLY,DEPT OF DEFENSE.DEFENSE LOGISTICS AGENCY.DLA MARITIME.DLA MARITIME COLUMBUS.DLA LAND AND MARITIME,,Solicitation,6679b40eefee49dd9a9930ef5bc3bfc5,SPE7M426T364A,2026-09-04,7,336413,16,,,Not stated,,"Relevant Butler intelligence or subcontract lead, but prime feasibility is limited. Scope reads as hardware supply/manufacturing with no clear design, redesign, or engineering work (matched: supply-class PSC 16), so it is tracked as a subcontract/competitive-intelligence lead rather than a prime fit.",None identified,Possible subcontract lead,No obvious vehicle restriction,Not Applicable,No special eligibility found in SAM.gov fields.,Prime feasible,Monitor as a direct pursuit unless attachments indicate otherwise.,None detected,https://sam.gov/workspace/contract/opp/6679b40eefee49dd9a9930ef5bc3bfc5/view,"{'rel': 'self', 'href': 'https://api.sam.gov/prod/opportunities/v2/search?noticeid=6679b40eefee49dd9a9930ef5bc3bfc5&limit=1'}","Questions regarding this solicitation should be emailed to the buyer listed in block 5 of the solicitation document which can be found under the Additional Information link.
If the Additional Information link does not work, please go to https://www.dibbs.bsm.dla.mil/Solicitations/ and type the solicitation number in the Global Search box.
",DibbsBSM@dla.mil,Primary NAICS 336413,Partial Refresh — Capacity Reached,High
Accepted,C,-2,RFP / Solicitation,"16--CONTROL BOX,ELECTRICAL",DEPT OF DEFENSE.DEFENSE LOGISTICS AGENCY.DLA MARITIME.DLA MARITIME COLUMBUS.DLA LAND AND MARITIME,,Solicitation,16aa9e6a88d5425697940bfb5825d130,SPE7M426T363B,2026-09-04,7,336413,16,,,Not stated,,"Relevant Butler intelligence or subcontract lead, but prime feasibility is limited. Scope reads as hardware supply/manufacturing with no clear design, redesign, or engineering work (matched: supply-class PSC 16), so it is tracked as a subcontract/competitive-intelligence lead rather than a prime fit.",None identified,Possible subcontract lead,No obvious vehicle restriction,Not Applicable,No special eligibility found in SAM.gov fields.,Prime feasible,Monitor as a direct pursuit unless attachments indicate otherwise.,None detected,https://sam.gov/workspace/contract/opp/16aa9e6a88d5425697940bfb5825d130/view,"{'rel': 'self', 'href': 'https://api.sam.gov/prod/opportunities/v2/search?noticeid=16aa9e6a88d5425697940bfb5825d130&limit=1'}","Questions regarding this solicitation should be emailed to the buyer listed in block 5 of the solicitation document which can be found under the Additional Information link.
If the Additional Information link does not work, please go to https://www.dibbs.bsm.dla.mil/Solicitations/ and type the solicitation number in the Global Search box.
",DibbsBSM@dla.mil,Primary NAICS 336413,Partial Refresh — Capacity Reached,High
Accepted,C,-5,RFP / Solicitation,"30--PULLEY,GROOVE",DEPT OF DEFENSE.DEFENSE LOGISTICS AGENCY.DLA LAND.DLA LAND COLUMBUS.DLA LAND AND MARITIME,,Solicitation,0293214a9bc54f1784132db04b824c4a,SPE7L526T5165,2026-09-04,7,336413,30,Small Business Set Aside - Total,,Not stated,,"Relevant Butler intelligence or subcontract lead, but prime feasibility is limited. Scope reads as hardware supply/manufacturing with no clear design, redesign, or engineering work (matched: supply-class PSC 30), so it is tracked as a subcontract/competitive-intelligence lead rather than a prime fit.",Set-aside eligibility may limit prime feasibility,Check set-aside,No obvious vehicle restriction,Unknown — check Butler contract vehicles,Requires small-business set-aside eligibility.,Prime uncertain,Check whether Butler can qualify directly or should team with an eligible prime.,small business set aside,https://sam.gov/workspace/contract/opp/0293214a9bc54f1784132db04b824c4a/view,"{'rel': 'self', 'href': 'https://api.sam.gov/prod/opportunities/v2/search?noticeid=0293214a9bc54f1784132db04b824c4a&limit=1'}","Questions regarding this solicitation should be emailed to the buyer listed in block 5 of the solicitation document which can be found under the Additional Information link.
If the Additional Information link does not work, please go to https://www.dibbs.bsm.dla.mil/Solicitations/ and type the solicitation number in the Global Search box.
",DibbsBSM@dla.mil,Primary NAICS 336413,Partial Refresh — Capacity Reached,High
Accepted,C,-2,RFP / Solicitation,"Duct Assembly, Air C","HOMELAND SECURITY, DEPARTMENT OF.US COAST GUARD.AVIATION LOGISTICS CENTER (ALC)(00038)",,Special Notice,bdb6a23fea004b2fa21ec261db1c5d5e,70Z03826QJ0000206,2026-09-04,7,336413,1660,No Set aside used,,Not stated,,"Relevant Butler intelligence or subcontract lead, but prime feasibility is limited. Attachment text was included in the screen. Scope reads as hardware supply/manufacturing with no clear design, redesign, or engineering work (matched: supply-class PSC 1660), so it is tracked as a subcontract/competitive-intelligence lead rather than a prime fit.",None identified,Possible subcontract lead,No obvious vehicle restriction,Not Applicable,No special eligibility found in SAM.gov fields.,Prime feasible,Monitor as a direct pursuit unless attachments indicate otherwise.,None detected,https://sam.gov/workspace/contract/opp/bdb6a23fea004b2fa21ec261db1c5d5e/view,"https://sam.gov/api/prod/opps/v3/opportunities/resources/files/31feef0b8b9a486a960836669ce8bc54/download
https://sam.gov/api/prod/opps/v3/opportunities/resources/files/a5cb5085e54a4349bff97066413da8f1/download
{'rel': 'self', 'href': 'https://api.sam.gov/prod/opportunities/v2/search?noticeid=bdb6a23fea004b2fa21ec261db1c5d5e&limit=1'}",Cindy Harmes,Cindy.K.Harmes@uscg.mil,Primary NAICS 336413,Partial Refresh — Capacity Reached,High — attachment text read
Accepted,C,0,RFP / Solicitation,"14--FRAME,UPPER",DEPT OF DEFENSE.DEFENSE LOGISTICS AGENCY.DLA AVIATION.DLA AV RICHMOND.DLA AVIATION,,Solicitation,98b1940a94834ddea75dfeabd292a47d,SPE4A626T24LE,2026-09-04,7,336415,14,Small Business Set Aside - Total,,Not stated,,"Relevant Butler intelligence or subcontract lead, but prime feasibility is limited. Matched: dla aviation. Scope reads as hardware supply/manufacturing with no clear design, redesign, or engineering work (matched: supply-class PSC 14), so it is tracked as a subcontract/competitive-intelligence lead rather than a prime fit.",Set-aside eligibility may limit prime feasibility,Check set-aside,No obvious vehicle restriction,Unknown — check Butler contract vehicles,Requires small-business set-aside eligibility.,Prime uncertain,Check whether Butler can qualify directly or should team with an eligible prime.,small business set aside,https://sam.gov/workspace/contract/opp/98b1940a94834ddea75dfeabd292a47d/view,"{'rel': 'self', 'href': 'https://api.sam.gov/prod/opportunities/v2/search?noticeid=98b1940a94834ddea75dfeabd292a47d&limit=1'}","Questions regarding this solicitation should be emailed to the buyer listed in block 5 of the solicitation document which can be found under the Additional Information link.
If the Additional Information link does not work, please go to https://www.dibbs.bsm.dla.mil/Solicitations/ and type the solicitation number in the Global Search box.
",DibbsBSM@dla.mil,Primary NAICS 336415,Partial Refresh — Capacity Reached,High
Accepted,C,5,Special Notice,4610--Water Testing Services,"VETERANS AFFAIRS, DEPARTMENT OF.VETERANS AFFAIRS, DEPARTMENT OF.241-NETWORK CONTRACT OFFICE 01 (36C241)",,Special Notice,8bae42eb9edb4670a85a2dc7d3ad0300,36C24126Q0789,2026-09-04,7,541380,4610,,,Not stated,,"Relevant Butler intelligence or subcontract lead, but prime feasibility is limited. Matched: testing. Attachment text was included in the screen. Scope reads as hardware supply/manufacturing with no clear design, redesign, or engineering work (matched: supply-class PSC 4610), so it is tracked as a subcontract/competitive-intelligence lead rather than a prime fit.",None identified,Possible subcontract lead,No obvious vehicle restriction,Not Applicable,No special eligibility found in SAM.gov fields.,Prime feasible,Monitor as a direct pursuit unless attachments indicate otherwise.,None detected,https://sam.gov/workspace/contract/opp/8bae42eb9edb4670a85a2dc7d3ad0300/view,"https://sam.gov/api/prod/opps/v3/opportunities/resources/files/7fdcbd5b99b64cf08ece49ee12698cdf/download
{'rel': 'self', 'href': 'https://api.sam.gov/prod/opportunities/v2/search?noticeid=8bae42eb9edb4670a85a2dc7d3ad0300&limit=1'}",Pamela L. Parham,pamela.parham3@va.gov,Primary NAICS 541380,Partial Refresh — Capacity Reached,High — attachment text read
Accepted,C,4,RFP / Solicitation,H266 Portland VAHCS Hood Certifications and Testing Services,"VETERANS AFFAIRS, DEPARTMENT OF.VETERANS AFFAIRS, DEPARTMENT OF.260-NETWORK CONTRACT OFFICE 20 (36C260)",,Solicitation,639ef322959f4c9ea35d7348dbb6ab07,36C26026Q0991,2026-09-04,7,541380,H266,Service-Disabled Veteran-Owned Small Business (SDVOSB) Set-Aside (FAR 19.14),"Portland, Oregon, UNITED STATES",Not stated,,"Relevant Butler intelligence or subcontract lead, but prime feasibility is limited. Matched: testing, certification, mbe. Attachment text was included in the screen.",Set-aside eligibility may limit prime feasibility,Check set-aside,No obvious vehicle restriction,Unknown — check Butler contract vehicles,Requires small-business set-aside eligibility.,Prime uncertain,Check whether Butler can qualify directly or should team with an eligible prime.,sdvosb; veteran-owned,https://sam.gov/workspace/contract/opp/639ef322959f4c9ea35d7348dbb6ab07/view,"https://sam.gov/api/prod/opps/v3/opportunities/resources/files/637eb8c9db744059bb8431e0b3cb452b/download
https://sam.gov/api/prod/opps/v3/opportunities/resources/files/a345c571cb8a4e8f8abbedcc6261a722/download
https://sam.gov/api/prod/opps/v3/opportunities/resources/files/b5f873d8856c4ed7a37fb91036ea962e/download
{'rel': 'self', 'href': 'https://api.sam.gov/prod/opportunities/v2/search?noticeid=639ef322959f4c9ea35d7348dbb6ab07&limit=1'}",Danielle Carrico,danielle.carrico@va.gov,Primary NAICS 541380,Partial Refresh — Capacity Reached,High — attachment text read
Accepted,C,-7,Low-Feasibility / J&A,Notice of Intent to Sole Source – George Washington University,"HEALTH AND HUMAN SERVICES, DEPARTMENT OF.NATIONAL INSTITUTES OF HEALTH.NATIONAL INSTITUTES OF HEALTH - CC",,Special Notice,20b3e39f10414061bdd292b8bec2611d,26-008606,2026-09-03,6,541715,6515,No Set aside used,"Maryland, UNITED STATES",Not stated,,"Relevant Butler intelligence or subcontract lead, but prime feasibility is limited. Scope reads as hardware supply/manufacturing with no clear design, redesign, or engineering work (matched: supply-class PSC 6515), so it is tracked as a subcontract/competitive-intelligence lead rather than a prime fit.",Sole-source/OEM/brand-name restriction detected,Check incumbent,No obvious vehicle restriction,Not Applicable,No special eligibility found in SAM.gov fields.,Prime unlikely,Monitor as a direct pursuit unless attachments indicate otherwise.,sole source; intent to sole source,https://sam.gov/workspace/contract/opp/20b3e39f10414061bdd292b8bec2611d/view,"{'rel': 'self', 'href': 'https://api.sam.gov/prod/opportunities/v2/search?noticeid=20b3e39f10414061bdd292b8bec2611d&limit=1'}",Kristin Nagashima,kristin.nagashima@nih.gov,Primary NAICS 541715,Partial Refresh — Capacity Reached,High
Accepted,C,8,RFP / Solicitation,AstroMax UAS,DEPT OF DEFENSE.DEPT OF THE ARMY.AMC.ACC.MISSION INSTALLATION CONTRACTING COMMAND.419TH CSB.W6QM MICC-FT DRUM,,Solicitation,66e541bd982444198c8b01c1de2ac17d,W911S226U4324,2026-09-03,6,336411,1550,,,Not stated,,"Relevant Butler intelligence or subcontract lead, but prime feasibility is limited. Matched: uas, army. Scope reads as hardware supply/manufacturing with no clear design, redesign, or engineering work (matched: supply-class PSC 1550), so it is tracked as a subcontract/competitive-intelligence lead rather than a prime fit.",None identified,Possible subcontract lead,No obvious vehicle restriction,Not Applicable,No special eligibility found in SAM.gov fields.,Prime feasible,Monitor as a direct pursuit unless attachments indicate otherwise.,None detected,https://sam.gov/workspace/contract/opp/66e541bd982444198c8b01c1de2ac17d/view,"{'rel': 'self', 'href': 'https://api.sam.gov/prod/opportunities/v2/search?noticeid=66e541bd982444198c8b01c1de2ac17d&limit=1'}",Teri Street,teri.j.street.civ@army.mil,Primary NAICS 336411,Partial Refresh — Capacity Reached,High
Accepted,C,-2,Sources Sought / RFI,NSN for OEM Pratt & Whitney (Cages 52661/77445) for addition to sole source long term contract,DEPT OF DEFENSE.DEFENSE LOGISTICS AGENCY.DLA AVIATION.DLA AV RICHMOND.DLA AVIATION,,Sources Sought,8ea43d661ce0406a95df3bd7d7c3db31,SPE4AX24D9000EXPADD,2026-09-03,6,336412,2840,,"0, Oklahoma, UNITED STATES",Not stated,,"Relevant Butler intelligence or subcontract lead, but prime feasibility is limited. Matched: dla aviation. Attachment text was included in the screen. Scope reads as hardware supply/manufacturing with no clear design, redesign, or engineering work (matched: nsn, supply-class PSC 2840), so it is tracked as a subcontract/competitive-intelligence lead rather than a prime fit.",Sole-source/OEM/brand-name restriction detected,Check incumbent,No obvious vehicle restriction,Not Applicable,No special eligibility found in SAM.gov fields.,Prime unlikely,Monitor as a direct pursuit unless attachments indicate otherwise.,sole source,https://sam.gov/workspace/contract/opp/8ea43d661ce0406a95df3bd7d7c3db31/view,"https://sam.gov/api/prod/opps/v3/opportunities/resources/files/d0a18d33e3f64b41bb1dae3034d60d98/download
{'rel': 'self', 'href': 'https://api.sam.gov/prod/opportunities/v2/search?noticeid=8ea43d661ce0406a95df3bd7d7c3db31&limit=1'}",Jennifer Snyder,jennifer.snyder@dla.mil,Primary NAICS 336412,Partial Refresh — Capacity Reached,High — attachment text read
Accepted,C,3,RFP / Solicitation,"29--PUMP,SUBMERGED,AIRC",DEPT OF DEFENSE.DEFENSE LOGISTICS AGENCY.DLA AVIATION.DLA AV RICHMOND.DLA AVIATION,,Solicitation,de4cab7a56dd427fa8e8b55b502f93e4,SPE4A726T694E,2026-09-03,6,336412,29,,,Not stated,,"Relevant Butler intelligence or subcontract lead, but prime feasibility is limited. Matched: dla aviation. Scope reads as hardware supply/manufacturing with no clear design, redesign, or engineering work (matched: supply-class PSC 29), so it is tracked as a subcontract/competitive-intelligence lead rather than a prime fit.",None identified,Possible subcontract lead,No obvious vehicle restriction,Not Applicable,No special eligibility found in SAM.gov fields.,Prime feasible,Monitor as a direct pursuit unless attachments indicate otherwise.,None detected,https://sam.gov/workspace/contract/opp/de4cab7a56dd427fa8e8b55b502f93e4/view,"{'rel': 'self', 'href': 'https://api.sam.gov/prod/opportunities/v2/search?noticeid=de4cab7a56dd427fa8e8b55b502f93e4&limit=1'}","Questions regarding this solicitation should be emailed to the buyer listed in block 5 of the solicitation document which can be found under the Additional Information link.
If the Additional Information link does not work, please go to https://www.dibbs.bsm.dla.mil/Solicitations/ and type the solicitation number in the Global Search box.
",DibbsBSM@dla.mil,Primary NAICS 336412,Partial Refresh — Capacity Reached,High
Accepted,C,3,RFP / Solicitation,"48--BODY,VALVE",DEPT OF DEFENSE.DEFENSE LOGISTICS AGENCY.DLA AVIATION.DLA AV RICHMOND.DLA AVIATION,,Solicitation,a0dee24be9574b5c896cd76184e06ee2,SPE4A526T392F,2026-09-03,6,336412,48,,,Not stated,,"Relevant Butler intelligence or subcontract lead, but prime feasibility is limited. Matched: dla aviation. Scope reads as hardware supply/manufacturing with no clear design, redesign, or engineering work (matched: supply-class PSC 48), so it is tracked as a subcontract/competitive-intelligence lead rather than a prime fit.",None identified,Possible subcontract lead,No obvious vehicle restriction,Not Applicable,No special eligibility found in SAM.gov fields.,Prime feasible,Monitor as a direct pursuit unless attachments indicate otherwise.,None detected,https://sam.gov/workspace/contract/opp/a0dee24be9574b5c896cd76184e06ee2/view,"{'rel': 'self', 'href': 'https://api.sam.gov/prod/opportunities/v2/search?noticeid=a0dee24be9574b5c896cd76184e06ee2&limit=1'}","Questions regarding this solicitation should be emailed to the buyer listed in block 5 of the solicitation document which can be found under the Additional Information link.
If the Additional Information link does not work, please go to https://www.dibbs.bsm.dla.mil/Solicitations/ and type the solicitation number in the Global Search box.
",DibbsBSM@dla.mil,Primary NAICS 336412,Partial Refresh — Capacity Reached,High
Accepted,C,3,RFP / Solicitation,29--VALVE AND SLEEVE ASSEM,DEPT OF DEFENSE.DEFENSE LOGISTICS AGENCY.DLA AVIATION.DLA AV RICHMOND.DLA AVIATION,,Solicitation,63e5f90cc0144a8cb4a95f709420146d,SPE4A526T393T,2026-09-03,6,336412,29,,,Not stated,,"Relevant Butler intelligence or subcontract lead, but prime feasibility is limited. Matched: dla aviation. Scope reads as hardware supply/manufacturing with no clear design, redesign, or engineering work (matched: supply-class PSC 29), so it is tracked as a subcontract/competitive-intelligence lead rather than a prime fit.",None identified,Possible subcontract lead,No obvious vehicle restriction,Not Applicable,No special eligibility found in SAM.gov fields.,Prime feasible,Monitor as a direct pursuit unless attachments indicate otherwise.,None detected,https://sam.gov/workspace/contract/opp/63e5f90cc0144a8cb4a95f709420146d/view,"{'rel': 'self', 'href': 'https://api.sam.gov/prod/opportunities/v2/search?noticeid=63e5f90cc0144a8cb4a95f709420146d&limit=1'}","Questions regarding this solicitation should be emailed to the buyer listed in block 5 of the solicitation document which can be found under the Additional Information link.
If the Additional Information link does not work, please go to https://www.dibbs.bsm.dla.mil/Solicitations/ and type the solicitation number in the Global Search box.
",DibbsBSM@dla.mil,Primary NAICS 336412,Partial Refresh — Capacity Reached,High
Accepted,C,0,RFP / Solicitation,28--TURBINE WHEEL ASSEMBLY,DEPT OF DEFENSE.DEFENSE LOGISTICS AGENCY.DLA AVIATION.DLA AV RICHMOND.DLA AVIATION,,Solicitation,5e443a55055e4b3391904c3a963ba16c,SPE4A626T23LH,2026-09-03,6,336412,28,Small Business Set Aside - Total,,Not stated,,"Relevant Butler intelligence or subcontract lead, but prime feasibility is limited. Matched: dla aviation. Scope reads as hardware supply/manufacturing with no clear design, redesign, or engineering work (matched: supply-class PSC 28), so it is tracked as a subcontract/competitive-intelligence lead rather than a prime fit.",Set-aside eligibility may limit prime feasibility,Check set-aside,No obvious vehicle restriction,Unknown — check Butler contract vehicles,Requires small-business set-aside eligibility.,Prime uncertain,Check whether Butler can qualify directly or should team with an eligible prime.,small business set aside,https://sam.gov/workspace/contract/opp/5e443a55055e4b3391904c3a963ba16c/view,"{'rel': 'self', 'href': 'https://api.sam.gov/prod/opportunities/v2/search?noticeid=5e443a55055e4b3391904c3a963ba16c&limit=1'}","Questions regarding this solicitation should be emailed to the buyer listed in block 5 of the solicitation document which can be found under the Additional Information link.
If the Additional Information link does not work, please go to https://www.dibbs.bsm.dla.mil/Solicitations/ and type the solicitation number in the Global Search box.
",DibbsBSM@dla.mil,Primary NAICS 336412,Partial Refresh — Capacity Reached,High
Accepted,C,0,RFP / Solicitation,"53--SCREW ASSEMBLY,PANE",DEPT OF DEFENSE.DEFENSE LOGISTICS AGENCY.DLA AVIATION.DLA AV RICHMOND.DLA AVIATION,,Solicitation,396a637055e2410fa81bc63a8c88581c,SPE4A626T22XN,2026-09-03,6,336412,53,SBA Certified Women-Owned Small Business (WOSB) Program Set-Aside (FAR 19.15),,Not stated,,"Relevant Butler intelligence or subcontract lead, but prime feasibility is limited. Matched: dla aviation. Scope reads as hardware supply/manufacturing with no clear design, redesign, or engineering work (matched: supply-class PSC 53), so it is tracked as a subcontract/competitive-intelligence lead rather than a prime fit.",Set-aside eligibility may limit prime feasibility,Check set-aside,No obvious vehicle restriction,Unknown — check Butler contract vehicles,Requires small-business set-aside eligibility.,Prime uncertain,Check whether Butler can qualify directly or should team with an eligible prime.,wosb,https://sam.gov/workspace/contract/opp/396a637055e2410fa81bc63a8c88581c/view,"{'rel': 'self', 'href': 'https://api.sam.gov/prod/opportunities/v2/search?noticeid=396a637055e2410fa81bc63a8c88581c&limit=1'}","Questions regarding this solicitation should be emailed to the buyer listed in block 5 of the solicitation document which can be found under the Additional Information link.
If the Additional Information link does not work, please go to https://www.dibbs.bsm.dla.mil/Solicitations/ and type the solicitation number in the Global Search box.
",DibbsBSM@dla.mil,Primary NAICS 336412,Partial Refresh — Capacity Reached,High
Accepted,C,-2,RFP / Solicitation,Purchase of Various Skin Assemblies and Shrouds,"HOMELAND SECURITY, DEPARTMENT OF.US COAST GUARD.AVIATION LOGISTICS CENTER (ALC)(00038)",,Solicitation,c5aa7c6bcafb457e9b03fdea0659f1dc,70Z03826QH0000104,2026-09-03,6,336413,1560,No Set aside used,,Not stated,,"Relevant Butler intelligence or subcontract lead, but prime feasibility is limited. Attachment text was included in the screen. Scope reads as hardware supply/manufacturing with no clear design, redesign, or engineering work (matched: purchase of, supply-class PSC 1560), so it is tracked as a subcontract/competitive-intelligence lead rather than a prime fit.",None identified,Possible subcontract lead,No obvious vehicle restriction,Not Applicable,No special eligibility found in SAM.gov fields.,Prime feasible,Monitor as a direct pursuit unless attachments indicate otherwise.,None detected,https://sam.gov/workspace/contract/opp/c5aa7c6bcafb457e9b03fdea0659f1dc/view,"https://sam.gov/api/prod/opps/v3/opportunities/resources/files/433a2f042f834d84af06a2829685897c/download
https://sam.gov/api/prod/opps/v3/opportunities/resources/files/5f194022e7bd4d70b9a7e9d03cec4e50/download
{'rel': 'self', 'href': 'https://api.sam.gov/prod/opportunities/v2/search?noticeid=c5aa7c6bcafb457e9b03fdea0659f1dc&limit=1'}","WATTS, ANGELA",ANGELA.L.WATTS@USCG.MIL,Primary NAICS 336413,Partial Refresh — Capacity Reached,High — attachment text read
Accepted,C,-5,RFP / Solicitation,Brand Name Victim Rescue Unit Plus (VRU+),EXECUTIVE OFFICE OF THE PRESIDENT.EXECUTIVE OFFICE OF THE PRESIDENT.EOP - OFFICE OF ADMINISTRATION,,Solicitation,127c01236c994b08bf458b163d524e45,11316026Q0028OAS,2026-09-03,6,336413,4240,Small Business Set Aside - Total,"77416, District of Columbia, UNITED STATES",Not stated,,"Relevant Butler intelligence or subcontract lead, but prime feasibility is limited. Attachment text was included in the screen. Scope reads as hardware supply/manufacturing with no clear design, redesign, or engineering work (matched: supply-class PSC 4240), so it is tracked as a subcontract/competitive-intelligence lead rather than a prime fit.",Set-aside eligibility may limit prime feasibility,Check set-aside,No obvious vehicle restriction,Unknown — check Butler contract vehicles,Requires small-business set-aside eligibility.,Prime uncertain,Check whether Butler can qualify directly or should team with an eligible prime.,small business set aside,https://sam.gov/workspace/contract/opp/127c01236c994b08bf458b163d524e45/view,"https://sam.gov/api/prod/opps/v3/opportunities/resources/files/0b4647a30f23492ea7215138e10d5d17/download
https://sam.gov/api/prod/opps/v3/opportunities/resources/files/0df67555133d4d2ca58ae615d5c74301/download
https://sam.gov/api/prod/opps/v3/opportunities/resources/files/660ea02ca82f4d7c89cdd37fdda928b7/download
https://sam.gov/api/prod/opps/v3/opportunities/resources/files/86abddcccbd948d0b877f0963a779f52/download
https://sam.gov/api/prod/opps/v3/opportunities/resources/files/da96d2848c6541fc8172a037272cba04/download
{'rel': 'self', 'href': 'https://api.sam.gov/prod/opportunities/v2/search?noticeid=127c01236c994b08bf458b163d524e45&limit=1'}",Jeanniene Warner,Jeanniene.C.Warner@oa.eop.gov,Primary NAICS 336413,Partial Refresh — Capacity Reached,High — attachment text read
Accepted,C,-2,RFP / Solicitation,MH-65 Center Beam Assembly,"HOMELAND SECURITY, DEPARTMENT OF.US COAST GUARD.AVIATION LOGISTICS CENTER (ALC)(00038)",,Solicitation,f6235eb1d00a479d981e5b135fd8f87f,70Z03826QB0000208,2026-09-03,6,336413,1560,No Set aside used,,Not stated,,"Relevant Butler intelligence or subcontract lead, but prime feasibility is limited. Attachment text was included in the screen. Scope reads as hardware supply/manufacturing with no clear design, redesign, or engineering work (matched: supply-class PSC 1560), so it is tracked as a subcontract/competitive-intelligence lead rather than a prime fit.",None identified,Possible subcontract lead,No obvious vehicle restriction,Not Applicable,No special eligibility found in SAM.gov fields.,Prime feasible,Monitor as a direct pursuit unless attachments indicate otherwise.,None detected,https://sam.gov/workspace/contract/opp/f6235eb1d00a479d981e5b135fd8f87f/view,"https://sam.gov/api/prod/opps/v3/opportunities/resources/files/2785264acd644df09391fa6ed45ec72d/download
https://sam.gov/api/prod/opps/v3/opportunities/resources/files/5fc9bcb035674b36bbf177cf67f54d20/download
https://sam.gov/api/prod/opps/v3/opportunities/resources/files/8fad5257ff944ad6af390871b9610300/download
{'rel': 'self', 'href': 'https://api.sam.gov/prod/opportunities/v2/search?noticeid=f6235eb1d00a479d981e5b135fd8f87f&limit=1'}",Selmary Melendez,Selmary.MelendezGonzalez3@uscg.mil,Primary NAICS 336413,Partial Refresh — Capacity Reached,High — attachment text read
Accepted,C,-2,RFP / Solicitation,"PROCUREMENT OF BUMPER,RESCUE FOR USE ON MH-65","HOMELAND SECURITY, DEPARTMENT OF.US COAST GUARD.AVIATION LOGISTICS CENTER (ALC)(00038)",,Solicitation,d748076caf734d4b9d66decff6e0fa4b,70Z03826QB0000214,2026-09-03,6,336413,1680,,,Not stated,,"Relevant Butler intelligence or subcontract lead, but prime feasibility is limited. Attachment text was included in the screen. Scope reads as hardware supply/manufacturing with no clear design, redesign, or engineering work (matched: procurement of, supply-class PSC 1680), so it is tracked as a subcontract/competitive-intelligence lead rather than a prime fit.",None identified,Possible subcontract lead,No obvious vehicle restriction,Not Applicable,No special eligibility found in SAM.gov fields.,Prime feasible,Monitor as a direct pursuit unless attachments indicate otherwise.,None detected,https://sam.gov/workspace/contract/opp/d748076caf734d4b9d66decff6e0fa4b/view,"https://sam.gov/api/prod/opps/v3/opportunities/resources/files/0bd0f5009bae4a4ba9f0abaeb0956c33/download
https://sam.gov/api/prod/opps/v3/opportunities/resources/files/70b4556489664b93809199d937152bba/download
https://sam.gov/api/prod/opps/v3/opportunities/resources/files/d5b0873b2b6b481191a2dccd6a914230/download
{'rel': 'self', 'href': 'https://api.sam.gov/prod/opportunities/v2/search?noticeid=d748076caf734d4b9d66decff6e0fa4b&limit=1'}",Alex-Marie Midgett,Alex-Marie.B.Midgett@uscg.mil,Primary NAICS 336413,Partial Refresh — Capacity Reached,High — attachment text read
Accepted,C,-2,RFP / Solicitation,PROCUREMENT OF PACKING WITH RETAIN FOR USE ON MH-65,"HOMELAND SECURITY, DEPARTMENT OF.US COAST GUARD.AVIATION LOGISTICS CENTER (ALC)(00038)",,Solicitation,81c7cf7af30343f694f36280661c4209,70Z03826QB0000215,2026-09-03,6,336413,5330,No Set aside used,,Not stated,,"Relevant Butler intelligence or subcontract lead, but prime feasibility is limited. Attachment text was included in the screen. Scope reads as hardware supply/manufacturing with no clear design, redesign, or engineering work (matched: procurement of, supply-class PSC 5330), so it is tracked as a subcontract/competitive-intelligence lead rather than a prime fit.",None identified,Possible subcontract lead,No obvious vehicle restriction,Not Applicable,No special eligibility found in SAM.gov fields.,Prime feasible,Monitor as a direct pursuit unless attachments indicate otherwise.,None detected,https://sam.gov/workspace/contract/opp/81c7cf7af30343f694f36280661c4209/view,"https://sam.gov/api/prod/opps/v3/opportunities/resources/files/799af00718b942d78724557845b71266/download
https://sam.gov/api/prod/opps/v3/opportunities/resources/files/ac4d5c22c25c4db1a768746f1bc577c1/download
{'rel': 'self', 'href': 'https://api.sam.gov/prod/opportunities/v2/search?noticeid=81c7cf7af30343f694f36280661c4209&limit=1'}",Alex-Marie Midgett,Alex-Marie.B.Midgett@uscg.mil,Primary NAICS 336413,Partial Refresh — Capacity Reached,High — attachment text read
Accepted,C,-2,RFP / Solicitation,MH-65 ASSEMBLY FLANGE,"HOMELAND SECURITY, DEPARTMENT OF.US COAST GUARD.AVIATION LOGISTICS CENTER (ALC)(00038)",,Solicitation,6c573ff6c9a044c8b4a47ec5d250864a,70Z03826QB0000207,2026-09-03,6,336413,6115,No Set aside used,,Not stated,,"Relevant Butler intelligence or subcontract lead, but prime feasibility is limited. Attachment text was included in the screen. Scope reads as hardware supply/manufacturing with no clear design, redesign, or engineering work (matched: nsn, supply-class PSC 6115), so it is tracked as a subcontract/competitive-intelligence lead rather than a prime fit.",None identified,Possible subcontract lead,No obvious vehicle restriction,Not Applicable,No special eligibility found in SAM.gov fields.,Prime feasible,Monitor as a direct pursuit unless attachments indicate otherwise.,None detected,https://sam.gov/workspace/contract/opp/6c573ff6c9a044c8b4a47ec5d250864a/view,"https://sam.gov/api/prod/opps/v3/opportunities/resources/files/c61d48166ab24667a472d62601fc18ef/download
https://sam.gov/api/prod/opps/v3/opportunities/resources/files/fdde966b92574aa2ab0c866e76bb6e39/download
{'rel': 'self', 'href': 'https://api.sam.gov/prod/opportunities/v2/search?noticeid=6c573ff6c9a044c8b4a47ec5d250864a&limit=1'}",Selmary Melendez,Selmary.MelendezGonzalez3@uscg.mil,Primary NAICS 336413,Partial Refresh — Capacity Reached,High — attachment text read
Accepted,C,-2,Special Notice,Various Items,"HOMELAND SECURITY, DEPARTMENT OF.US COAST GUARD.AVIATION LOGISTICS CENTER (ALC)(00038)",,Special Notice,4e39af6368194e9e9beb667006835c78,70Z03826QJ0000166,2026-09-03,6,336413,1680,,,Not stated,,"Relevant Butler intelligence or subcontract lead, but prime feasibility is limited. Attachment text was included in the screen. Scope reads as hardware supply/manufacturing with no clear design, redesign, or engineering work (matched: supply-class PSC 1680), so it is tracked as a subcontract/competitive-intelligence lead rather than a prime fit.",None identified,Possible subcontract lead,No obvious vehicle restriction,Not Applicable,No special eligibility found in SAM.gov fields.,Prime feasible,Monitor as a direct pursuit unless attachments indicate otherwise.,None detected,https://sam.gov/workspace/contract/opp/4e39af6368194e9e9beb667006835c78/view,"https://sam.gov/api/prod/opps/v3/opportunities/resources/files/4df5b04c8339438ea3ebe438504160f8/download
https://sam.gov/api/prod/opps/v3/opportunities/resources/files/874bad2b2e964aa9b8d616ef71230bf7/download
{'rel': 'self', 'href': 'https://api.sam.gov/prod/opportunities/v2/search?noticeid=4e39af6368194e9e9beb667006835c78&limit=1'}",Julie Lininger,julie.g.lininger@uscg.mil,Primary NAICS 336413,Partial Refresh — Capacity Reached,High — attachment text read
Accepted,C,-5,RFP / Solicitation,"17--LOCK ASSY,BLADE",DEPT OF DEFENSE.DEFENSE LOGISTICS AGENCY.TROOP SUPPORT CONSTRUCTION & EQUIPMENT.DLA TROOP SUPPORT,,Solicitation,42aaf2ea35014dc39bf4e50586729405,SPE8EF26Q0191,2026-09-03,6,336413,17,Small Business Set Aside - Total,,Not stated,,"Relevant Butler intelligence or subcontract lead, but prime feasibility is limited. Scope reads as hardware supply/manufacturing with no clear design, redesign, or engineering work (matched: supply-class PSC 17), so it is tracked as a subcontract/competitive-intelligence lead rather than a prime fit.",Set-aside eligibility may limit prime feasibility,Check set-aside,No obvious vehicle restriction,Unknown — check Butler contract vehicles,Requires small-business set-aside eligibility.,Prime uncertain,Check whether Butler can qualify directly or should team with an eligible prime.,small business set aside,https://sam.gov/workspace/contract/opp/42aaf2ea35014dc39bf4e50586729405/view,"{'rel': 'self', 'href': 'https://api.sam.gov/prod/opportunities/v2/search?noticeid=42aaf2ea35014dc39bf4e50586729405&limit=1'}","Questions regarding this solicitation should be emailed to the buyer listed in block 5 of the solicitation document which can be found under the Additional Information link.
If the Additional Information link does not work, please go to https://www.dibbs.bsm.dla.mil/Solicitations/ and type the solicitation number in the Global Search box.
",DibbsBSM@dla.mil,Primary NAICS 336413,Partial Refresh — Capacity Reached,High
Accepted,C,-2,RFP / Solicitation,PROCUREMENT OF POTENTIOMETER FOR USE ON MH-65,"HOMELAND SECURITY, DEPARTMENT OF.US COAST GUARD.AVIATION LOGISTICS CENTER (ALC)(00038)",,Solicitation,373020499e1540cdbb1427073a916202,70Z03826QB0000216,2026-09-03,6,336413,1560,,,Not stated,,"Relevant Butler intelligence or subcontract lead, but prime feasibility is limited. Attachment text was included in the screen. Scope reads as hardware supply/manufacturing with no clear design, redesign, or engineering work (matched: procurement of, supply-class PSC 1560), so it is tracked as a subcontract/competitive-intelligence lead rather than a prime fit.",None identified,Possible subcontract lead,No obvious vehicle restriction,Not Applicable,No special eligibility found in SAM.gov fields.,Prime feasible,Monitor as a direct pursuit unless attachments indicate otherwise.,None detected,https://sam.gov/workspace/contract/opp/373020499e1540cdbb1427073a916202/view,"https://sam.gov/api/prod/opps/v3/opportunities/resources/files/7232d6113cf24fdb9c972d496fda5a41/download
https://sam.gov/api/prod/opps/v3/opportunities/resources/files/8200f7419e334832b05d1df16f00c702/download
{'rel': 'self', 'href': 'https://api.sam.gov/prod/opportunities/v2/search?noticeid=373020499e1540cdbb1427073a916202&limit=1'}",Alex-Marie Midgett,Alex-Marie.B.Midgett@uscg.mil,Primary NAICS 336413,Partial Refresh — Capacity Reached,High — attachment text read
Accepted,C,0,RFP / Solicitation,"15--TUBE ASSEMBLY,AIR COND",DEPT OF DEFENSE.DEFENSE LOGISTICS AGENCY.DLA AVIATION.DLA AV RICHMOND.DLA AVIATION,,Solicitation,ff3e2494f4e444ea8ef6d16561ea9532,SPE4A726T695Z,2026-09-03,6,336413,15,Small Business Set Aside - Total,,Not stated,,"Relevant Butler intelligence or subcontract lead, but prime feasibility is limited. Matched: dla aviation. Scope reads as hardware supply/manufacturing with no clear design, redesign, or engineering work (matched: supply-class PSC 15), so it is tracked as a subcontract/competitive-intelligence lead rather than a prime fit.",Set-aside eligibility may limit prime feasibility,Check set-aside,No obvious vehicle restriction,Unknown — check Butler contract vehicles,Requires small-business set-aside eligibility.,Prime uncertain,Check whether Butler can qualify directly or should team with an eligible prime.,small business set aside,https://sam.gov/workspace/contract/opp/ff3e2494f4e444ea8ef6d16561ea9532/view,"{'rel': 'self', 'href': 'https://api.sam.gov/prod/opportunities/v2/search?noticeid=ff3e2494f4e444ea8ef6d16561ea9532&limit=1'}","Questions regarding this solicitation should be emailed to the buyer listed in block 5 of the solicitation document which can be found under the Additional Information link.
If the Additional Information link does not work, please go to https://www.dibbs.bsm.dla.mil/Solicitations/ and type the solicitation number in the Global Search box.
",DibbsBSM@dla.mil,Primary NAICS 336413,Partial Refresh — Capacity Reached,High
Accepted,C,3,RFP / Solicitation,"16--NRP,RF CABLE ASSY C",DEPT OF DEFENSE.DEFENSE LOGISTICS AGENCY.DLA AVIATION.DLA AV RICHMOND.DLA AVIATION,,Solicitation,f3e992ef40c54e99ad0662e4f380805c,SPE4A526T393N,2026-09-03,6,336413,16,,,Not stated,,"Relevant Butler intelligence or subcontract lead, but prime feasibility is limited. Matched: dla aviation. Scope reads as hardware supply/manufacturing with no clear design, redesign, or engineering work (matched: supply-class PSC 16), so it is tracked as a subcontract/competitive-intelligence lead rather than a prime fit.",None identified,Possible subcontract lead,No obvious vehicle restriction,Not Applicable,No special eligibility found in SAM.gov fields.,Prime feasible,Monitor as a direct pursuit unless attachments indicate otherwise.,None detected,https://sam.gov/workspace/contract/opp/f3e992ef40c54e99ad0662e4f380805c/view,"{'rel': 'self', 'href': 'https://api.sam.gov/prod/opportunities/v2/search?noticeid=f3e992ef40c54e99ad0662e4f380805c&limit=1'}","Questions regarding this solicitation should be emailed to the buyer listed in block 5 of the solicitation document which can be found under the Additional Information link.
If the Additional Information link does not work, please go to https://www.dibbs.bsm.dla.mil/Solicitations/ and type the solicitation number in the Global Search box.
",DibbsBSM@dla.mil,Primary NAICS 336413,Partial Refresh — Capacity Reached,High
Accepted,C,3,RFP / Solicitation,"16--PARTS KIT,VALVE OVERHA",DEPT OF DEFENSE.DEFENSE LOGISTICS AGENCY.DLA AVIATION.DLA AV RICHMOND.DLA AVIATION,,Solicitation,f27f640135ca46869743a43996407acb,SPE4A726T697G,2026-09-03,6,336413,16,,,Not stated,,"Relevant Butler intelligence or subcontract lead, but prime feasibility is limited. Matched: dla aviation. Scope reads as hardware supply/manufacturing with no clear design, redesign, or engineering work (matched: supply-class PSC 16), so it is tracked as a subcontract/competitive-intelligence lead rather than a prime fit.",None identified,Possible subcontract lead,No obvious vehicle restriction,Not Applicable,No special eligibility found in SAM.gov fields.,Prime feasible,Monitor as a direct pursuit unless attachments indicate otherwise.,None detected,https://sam.gov/workspace/contract/opp/f27f640135ca46869743a43996407acb/view,"{'rel': 'self', 'href': 'https://api.sam.gov/prod/opportunities/v2/search?noticeid=f27f640135ca46869743a43996407acb&limit=1'}","Questions regarding this solicitation should be emailed to the buyer listed in block 5 of the solicitation document which can be found under the Additional Information link.
If the Additional Information link does not work, please go to https://www.dibbs.bsm.dla.mil/Solicitations/ and type the solicitation number in the Global Search box.
",DibbsBSM@dla.mil,Primary NAICS 336413,Partial Refresh — Capacity Reached,High
Accepted,C,3,RFP / Solicitation,"16--GRIP ASSEMBLY,CONTR",DEPT OF DEFENSE.DEFENSE LOGISTICS AGENCY.DLA AVIATION.DLA AV RICHMOND.DLA AVIATION,,Solicitation,ef6e2be561374007a0022827e5285c55,SPE4A726T694W,2026-09-03,6,336413,16,,,Not stated,,"Relevant Butler intelligence or subcontract lead, but prime feasibility is limited. Matched: dla aviation. Scope reads as hardware supply/manufacturing with no clear design, redesign, or engineering work (matched: supply-class PSC 16), so it is tracked as a subcontract/competitive-intelligence lead rather than a prime fit.",None identified,Possible subcontract lead,No obvious vehicle restriction,Not Applicable,No special eligibility found in SAM.gov fields.,Prime feasible,Monitor as a direct pursuit unless attachments indicate otherwise.,None detected,https://sam.gov/workspace/contract/opp/ef6e2be561374007a0022827e5285c55/view,"{'rel': 'self', 'href': 'https://api.sam.gov/prod/opportunities/v2/search?noticeid=ef6e2be561374007a0022827e5285c55&limit=1'}","Questions regarding this solicitation should be emailed to the buyer listed in block 5 of the solicitation document which can be found under the Additional Information link.
If the Additional Information link does not work, please go to https://www.dibbs.bsm.dla.mil/Solicitations/ and type the solicitation number in the Global Search box.
",DibbsBSM@dla.mil,Primary NAICS 336413,Partial Refresh — Capacity Reached,High
Accepted,C,3,RFP / Solicitation,"16--SKID TUBE ASSEMBLY,",DEPT OF DEFENSE.DEFENSE LOGISTICS AGENCY.DLA AVIATION.DLA AV RICHMOND.DLA AVIATION,,Solicitation,e6478b181d6345c0a19e215ebd7f4d6d,SPE4A526T393C,2026-09-03,6,336413,16,,,Not stated,,"Relevant Butler intelligence or subcontract lead, but prime feasibility is limited. Matched: dla aviation. Scope reads as hardware supply/manufacturing with no clear design, redesign, or engineering work (matched: supply-class PSC 16), so it is tracked as a subcontract/competitive-intelligence lead rather than a prime fit.",None identified,Possible subcontract lead,No obvious vehicle restriction,Not Applicable,No special eligibility found in SAM.gov fields.,Prime feasible,Monitor as a direct pursuit unless attachments indicate otherwise.,None detected,https://sam.gov/workspace/contract/opp/e6478b181d6345c0a19e215ebd7f4d6d/view,"{'rel': 'self', 'href': 'https://api.sam.gov/prod/opportunities/v2/search?noticeid=e6478b181d6345c0a19e215ebd7f4d6d&limit=1'}","Questions regarding this solicitation should be emailed to the buyer listed in block 5 of the solicitation document which can be found under the Additional Information link.
If the Additional Information link does not work, please go to https://www.dibbs.bsm.dla.mil/Solicitations/ and type the solicitation number in the Global Search box.
",DibbsBSM@dla.mil,Primary NAICS 336413,Partial Refresh — Capacity Reached,High
Accepted,C,3,RFP / Solicitation,"16--SLIDE,DIRECTIONAL CONT",DEPT OF DEFENSE.DEFENSE LOGISTICS AGENCY.DLA AVIATION.DLA AV RICHMOND.DLA AVIATION,,Solicitation,de4301e41be54b71aedb1c3a954a5daa,SPE4A526T391X,2026-09-03,6,336413,16,,,Not stated,,"Relevant Butler intelligence or subcontract lead, but prime feasibility is limited. Matched: dla aviation. Scope reads as hardware supply/manufacturing with no clear design, redesign, or engineering work (matched: supply-class PSC 16), so it is tracked as a subcontract/competitive-intelligence lead rather than a prime fit.",None identified,Possible subcontract lead,No obvious vehicle restriction,Not Applicable,No special eligibility found in SAM.gov fields.,Prime feasible,Monitor as a direct pursuit unless attachments indicate otherwise.,None detected,https://sam.gov/workspace/contract/opp/de4301e41be54b71aedb1c3a954a5daa/view,"{'rel': 'self', 'href': 'https://api.sam.gov/prod/opportunities/v2/search?noticeid=de4301e41be54b71aedb1c3a954a5daa&limit=1'}","Questions regarding this solicitation should be emailed to the buyer listed in block 5 of the solicitation document which can be found under the Additional Information link.
If the Additional Information link does not work, please go to https://www.dibbs.bsm.dla.mil/Solicitations/ and type the solicitation number in the Global Search box.
",DibbsBSM@dla.mil,Primary NAICS 336413,Partial Refresh — Capacity Reached,High
Accepted,C,3,RFP / Solicitation,"15--SUPPORT,STRUCTURAL COM",DEPT OF DEFENSE.DEFENSE LOGISTICS AGENCY.DLA AVIATION.DLA AV RICHMOND.DLA AVIATION,,Solicitation,b6a61c3510994534a0bb3bcaf6d07586,SPE4A526T391E,2026-09-03,6,336413,15,,,Not stated,,"Relevant Butler intelligence or subcontract lead, but prime feasibility is limited. Matched: dla aviation. Scope reads as hardware supply/manufacturing with no clear design, redesign, or engineering work (matched: supply-class PSC 15), so it is tracked as a subcontract/competitive-intelligence lead rather than a prime fit.",None identified,Possible subcontract lead,No obvious vehicle restriction,Not Applicable,No special eligibility found in SAM.gov fields.,Prime feasible,Monitor as a direct pursuit unless attachments indicate otherwise.,None detected,https://sam.gov/workspace/contract/opp/b6a61c3510994534a0bb3bcaf6d07586/view,"{'rel': 'self', 'href': 'https://api.sam.gov/prod/opportunities/v2/search?noticeid=b6a61c3510994534a0bb3bcaf6d07586&limit=1'}","Questions regarding this solicitation should be emailed to the buyer listed in block 5 of the solicitation document which can be found under the Additional Information link.
If the Additional Information link does not work, please go to https://www.dibbs.bsm.dla.mil/Solicitations/ and type the solicitation number in the Global Search box.
",DibbsBSM@dla.mil,Primary NAICS 336413,Partial Refresh — Capacity Reached,High
Accepted,C,3,RFP / Solicitation,"15--COVER,CANOPY FRAME",DEPT OF DEFENSE.DEFENSE LOGISTICS AGENCY.DLA AVIATION.DLA AV RICHMOND.DLA AVIATION,,Solicitation,b3ad6dd75109425294e96cc61a464bae,SPE4A726T697R,2026-09-03,6,336413,15,,,Not stated,,"Relevant Butler intelligence or subcontract lead, but prime feasibility is limited. Matched: dla aviation. Scope reads as hardware supply/manufacturing with no clear design, redesign, or engineering work (matched: supply-class PSC 15), so it is tracked as a subcontract/competitive-intelligence lead rather than a prime fit.",None identified,Possible subcontract lead,No obvious vehicle restriction,Not Applicable,No special eligibility found in SAM.gov fields.,Prime feasible,Monitor as a direct pursuit unless attachments indicate otherwise.,None detected,https://sam.gov/workspace/contract/opp/b3ad6dd75109425294e96cc61a464bae/view,"{'rel': 'self', 'href': 'https://api.sam.gov/prod/opportunities/v2/search?noticeid=b3ad6dd75109425294e96cc61a464bae&limit=1'}","Questions regarding this solicitation should be emailed to the buyer listed in block 5 of the solicitation document which can be found under the Additional Information link.
If the Additional Information link does not work, please go to https://www.dibbs.bsm.dla.mil/Solicitations/ and type the solicitation number in the Global Search box.
",DibbsBSM@dla.mil,Primary NAICS 336413,Partial Refresh — Capacity Reached,High
Accepted,C,0,RFP / Solicitation,"15--TRAILING EDGE,AIRCR",DEPT OF DEFENSE.DEFENSE LOGISTICS AGENCY.DLA AVIATION.DLA AV RICHMOND.DLA AVIATION,,Solicitation,9f5f1377779c4738b18d4c50981c5f79,SPE4A726T694N,2026-09-03,6,336413,15,Small Business Set Aside - Total,,Not stated,,"Relevant Butler intelligence or subcontract lead, but prime feasibility is limited. Matched: dla aviation. Scope reads as hardware supply/manufacturing with no clear design, redesign, or engineering work (matched: supply-class PSC 15), so it is tracked as a subcontract/competitive-intelligence lead rather than a prime fit.",Set-aside eligibility may limit prime feasibility,Check set-aside,No obvious vehicle restriction,Unknown — check Butler contract vehicles,Requires small-business set-aside eligibility.,Prime uncertain,Check whether Butler can qualify directly or should team with an eligible prime.,small business set aside,https://sam.gov/workspace/contract/opp/9f5f1377779c4738b18d4c50981c5f79/view,"{'rel': 'self', 'href': 'https://api.sam.gov/prod/opportunities/v2/search?noticeid=9f5f1377779c4738b18d4c50981c5f79&limit=1'}","Questions regarding this solicitation should be emailed to the buyer listed in block 5 of the solicitation document which can be found under the Additional Information link.
If the Additional Information link does not work, please go to https://www.dibbs.bsm.dla.mil/Solicitations/ and type the solicitation number in the Global Search box.
",DibbsBSM@dla.mil,Primary NAICS 336413,Partial Refresh — Capacity Reached,High
Accepted,C,3,RFP / Solicitation,"16--GRIP ASSEMBLY,CONTROLL",DEPT OF DEFENSE.DEFENSE LOGISTICS AGENCY.DLA AVIATION.DLA AV RICHMOND.DLA AVIATION,,Solicitation,9992d4b76487403ea546ab84bac3e8c1,SPE4A726T696Y,2026-09-03,6,336413,16,,,Not stated,,"Relevant Butler intelligence or subcontract lead, but prime feasibility is limited. Matched: dla aviation. Scope reads as hardware supply/manufacturing with no clear design, redesign, or engineering work (matched: supply-class PSC 16), so it is tracked as a subcontract/competitive-intelligence lead rather than a prime fit.",None identified,Possible subcontract lead,No obvious vehicle restriction,Not Applicable,No special eligibility found in SAM.gov fields.,Prime feasible,Monitor as a direct pursuit unless attachments indicate otherwise.,None detected,https://sam.gov/workspace/contract/opp/9992d4b76487403ea546ab84bac3e8c1/view,"{'rel': 'self', 'href': 'https://api.sam.gov/prod/opportunities/v2/search?noticeid=9992d4b76487403ea546ab84bac3e8c1&limit=1'}","Questions regarding this solicitation should be emailed to the buyer listed in block 5 of the solicitation document which can be found under the Additional Information link.
If the Additional Information link does not work, please go to https://www.dibbs.bsm.dla.mil/Solicitations/ and type the solicitation number in the Global Search box.
",DibbsBSM@dla.mil,Primary NAICS 336413,Partial Refresh — Capacity Reached,High
Accepted,C,0,RFP / Solicitation,KC135 Engine Covers,DEPT OF DEFENSE.DEPT OF THE ARMY.NATIONAL GUARD BUREAU.JFHQ USPFO IL.USPFO IL PROCUREMENT.W7M6 USPFO ACTIVITY ILANG 126,,Solicitation,93ff75ed4e7f43059a7a32593fc26d44,W50S7S26Q0026,2026-09-03,6,336413,1680,Small Business Set Aside - Total,"0, Illinois, UNITED STATES",Not stated,,"Relevant Butler intelligence or subcontract lead, but prime feasibility is limited. Matched: army. Attachment text was included in the screen. Scope reads as hardware supply/manufacturing with no clear design, redesign, or engineering work (matched: supply-class PSC 1680), so it is tracked as a subcontract/competitive-intelligence lead rather than a prime fit.",Set-aside eligibility may limit prime feasibility,Check set-aside,No obvious vehicle restriction,Unknown — check Butler contract vehicles,Requires small-business set-aside eligibility.,Prime uncertain,Check whether Butler can qualify directly or should team with an eligible prime.,small business set aside,https://sam.gov/workspace/contract/opp/93ff75ed4e7f43059a7a32593fc26d44/view,"https://sam.gov/api/prod/opps/v3/opportunities/resources/files/191129f7e01349429c29b09566fc98eb/download
{'rel': 'self', 'href': 'https://api.sam.gov/prod/opportunities/v2/search?noticeid=93ff75ed4e7f43059a7a32593fc26d44&limit=1'}",Capt Christopher Fisher,christopher.fisher.7@us.af.mil,Primary NAICS 336413,Partial Refresh — Capacity Reached,High — attachment text read
Accepted,C,0,RFP / Solicitation,"16--MANIFOLD ASSEMBLY,P",DEPT OF DEFENSE.DEFENSE LOGISTICS AGENCY.DLA AVIATION.DLA AV RICHMOND.DLA AVIATION,,Solicitation,93fcbcc8d09e4744898bdf623a4f9256,SPE4A726T694G,2026-09-03,6,336413,16,Small Business Set Aside - Total,,Not stated,,"Relevant Butler intelligence or subcontract lead, but prime feasibility is limited. Matched: dla aviation. Scope reads as hardware supply/manufacturing with no clear design, redesign, or engineering work (matched: supply-class PSC 16), so it is tracked as a subcontract/competitive-intelligence lead rather than a prime fit.",Set-aside eligibility may limit prime feasibility,Check set-aside,No obvious vehicle restriction,Unknown — check Butler contract vehicles,Requires small-business set-aside eligibility.,Prime uncertain,Check whether Butler can qualify directly or should team with an eligible prime.,small business set aside,https://sam.gov/workspace/contract/opp/93fcbcc8d09e4744898bdf623a4f9256/view,"{'rel': 'self', 'href': 'https://api.sam.gov/prod/opportunities/v2/search?noticeid=93fcbcc8d09e4744898bdf623a4f9256&limit=1'}","Questions regarding this solicitation should be emailed to the buyer listed in block 5 of the solicitation document which can be found under the Additional Information link.
If the Additional Information link does not work, please go to https://www.dibbs.bsm.dla.mil/Solicitations/ and type the solicitation number in the Global Search box.
",DibbsBSM@dla.mil,Primary NAICS 336413,Partial Refresh — Capacity Reached,High
Accepted,C,-2,RFP / Solicitation,Procurement of Advanced Boresight Equipment Model 310A and Adapter Set,"HOMELAND SECURITY, DEPARTMENT OF.US COAST GUARD.AVIATION LOGISTICS CENTER (ALC)(00038)",,Solicitation,8d7359655fb24e2c9e22c4af815ae47d,70Z03826QJ0000299,2026-09-03,6,336413,4920,,"Elizabeth City, North Carolina, UNITED STATES",Not stated,,"Relevant Butler intelligence or subcontract lead, but prime feasibility is limited. Attachment text was included in the screen. Scope reads as hardware supply/manufacturing with no clear design, redesign, or engineering work (matched: procurement of, supply-class PSC 4920), so it is tracked as a subcontract/competitive-intelligence lead rather than a prime fit.",None identified,Possible subcontract lead,No obvious vehicle restriction,Not Applicable,No special eligibility found in SAM.gov fields.,Prime feasible,Monitor as a direct pursuit unless attachments indicate otherwise.,None detected,https://sam.gov/workspace/contract/opp/8d7359655fb24e2c9e22c4af815ae47d/view,"https://sam.gov/api/prod/opps/v3/opportunities/resources/files/41577fa6d65b4a459e632870aef04755/download
https://sam.gov/api/prod/opps/v3/opportunities/resources/files/b23873e0092143359687c1d1c260e779/download
https://sam.gov/api/prod/opps/v3/opportunities/resources/files/efa7cd150941444b810b43ee62e82921/download
{'rel': 'self', 'href': 'https://api.sam.gov/prod/opportunities/v2/search?noticeid=8d7359655fb24e2c9e22c4af815ae47d&limit=1'}",Cayce Copley,cayce.a.copley2@uscg.mil,Primary NAICS 336413,Partial Refresh — Capacity Reached,High — attachment text read
Accepted,C,8,RFP / Solicitation,"15--FRAME,AIRCRAFT",DEPT OF DEFENSE.DEFENSE LOGISTICS AGENCY.DLA AVIATION.DLA AV RICHMOND.DLA AVIATION,,Solicitation,6fd2e61073ac4fdcab6586ec4629cff9,SPE4A726T694U,2026-09-03,6,336413,15,,,Not stated,,"Relevant Butler intelligence or subcontract lead, but prime feasibility is limited. Matched: aircraft, dla aviation. Scope reads as hardware supply/manufacturing with no clear design, redesign, or engineering work (matched: supply-class PSC 15), so it is tracked as a subcontract/competitive-intelligence lead rather than a prime fit.",None identified,Possible subcontract lead,No obvious vehicle restriction,Not Applicable,No special eligibility found in SAM.gov fields.,Prime feasible,Monitor as a direct pursuit unless attachments indicate otherwise.,None detected,https://sam.gov/workspace/contract/opp/6fd2e61073ac4fdcab6586ec4629cff9/view,"{'rel': 'self', 'href': 'https://api.sam.gov/prod/opportunities/v2/search?noticeid=6fd2e61073ac4fdcab6586ec4629cff9&limit=1'}","Questions regarding this solicitation should be emailed to the buyer listed in block 5 of the solicitation document which can be found under the Additional Information link.
If the Additional Information link does not work, please go to https://www.dibbs.bsm.dla.mil/Solicitations/ and type the solicitation number in the Global Search box.
",DibbsBSM@dla.mil,Primary NAICS 336413,Partial Refresh — Capacity Reached,High
Accepted,C,3,RFP / Solicitation,"16--SKID TUBE ASSEMBLY,",DEPT OF DEFENSE.DEFENSE LOGISTICS AGENCY.DLA AVIATION.DLA AV RICHMOND.DLA AVIATION,,Solicitation,6e02a01f6684488d9efd83311a2fe6aa,SPE4A526T393U,2026-09-03,6,336413,16,,,Not stated,,"Relevant Butler intelligence or subcontract lead, but prime feasibility is limited. Matched: dla aviation. Scope reads as hardware supply/manufacturing with no clear design, redesign, or engineering work (matched: supply-class PSC 16), so it is tracked as a subcontract/competitive-intelligence lead rather than a prime fit.",None identified,Possible subcontract lead,No obvious vehicle restriction,Not Applicable,No special eligibility found in SAM.gov fields.,Prime feasible,Monitor as a direct pursuit unless attachments indicate otherwise.,None detected,https://sam.gov/workspace/contract/opp/6e02a01f6684488d9efd83311a2fe6aa/view,"{'rel': 'self', 'href': 'https://api.sam.gov/prod/opportunities/v2/search?noticeid=6e02a01f6684488d9efd83311a2fe6aa&limit=1'}","Questions regarding this solicitation should be emailed to the buyer listed in block 5 of the solicitation document which can be found under the Additional Information link.
If the Additional Information link does not work, please go to https://www.dibbs.bsm.dla.mil/Solicitations/ and type the solicitation number in the Global Search box.
",DibbsBSM@dla.mil,Primary NAICS 336413,Partial Refresh — Capacity Reached,High
Accepted,C,0,RFP / Solicitation,"16--CYLINDER ASSEMBLY,ACTU",DEPT OF DEFENSE.DEFENSE LOGISTICS AGENCY.DLA AVIATION.DLA AV RICHMOND.DLA AVIATION,,Solicitation,5e200c4667da4842accf5636927cf7a9,SPE4A726T696V,2026-09-03,6,336413,16,Service-Disabled Veteran-Owned Small Business (SDVOSB) Set-Aside (FAR 19.14),,Not stated,,"Relevant Butler intelligence or subcontract lead, but prime feasibility is limited. Matched: dla aviation. Scope reads as hardware supply/manufacturing with no clear design, redesign, or engineering work (matched: supply-class PSC 16), so it is tracked as a subcontract/competitive-intelligence lead rather than a prime fit.",Set-aside eligibility may limit prime feasibility,Check set-aside,No obvious vehicle restriction,Unknown — check Butler contract vehicles,Requires small-business set-aside eligibility.,Prime uncertain,Check whether Butler can qualify directly or should team with an eligible prime.,sdvosb; veteran-owned,https://sam.gov/workspace/contract/opp/5e200c4667da4842accf5636927cf7a9/view,"{'rel': 'self', 'href': 'https://api.sam.gov/prod/opportunities/v2/search?noticeid=5e200c4667da4842accf5636927cf7a9&limit=1'}","Questions regarding this solicitation should be emailed to the buyer listed in block 5 of the solicitation document which can be found under the Additional Information link.
If the Additional Information link does not work, please go to https://www.dibbs.bsm.dla.mil/Solicitations/ and type the solicitation number in the Global Search box.
",DibbsBSM@dla.mil,Primary NAICS 336413,Partial Refresh — Capacity Reached,High
Accepted,C,5,RFP / Solicitation,"16--PEDESTAL,AIRCRAFT CONT",DEPT OF DEFENSE.DEFENSE LOGISTICS AGENCY.DLA AVIATION.DLA AV RICHMOND.DLA AVIATION,,Solicitation,5cae1ff20ddc45a38a23e4af33bef8ba,SPE4A726T698L,2026-09-03,6,336413,16,SBA Certified Women-Owned Small Business (WOSB) Program Set-Aside (FAR 19.15),,Not stated,,"Relevant Butler intelligence or subcontract lead, but prime feasibility is limited. Matched: aircraft, dla aviation. Scope reads as hardware supply/manufacturing with no clear design, redesign, or engineering work (matched: supply-class PSC 16), so it is tracked as a subcontract/competitive-intelligence lead rather than a prime fit.",Set-aside eligibility may limit prime feasibility,Check set-aside,No obvious vehicle restriction,Unknown — check Butler contract vehicles,Requires small-business set-aside eligibility.,Prime uncertain,Check whether Butler can qualify directly or should team with an eligible prime.,wosb,https://sam.gov/workspace/contract/opp/5cae1ff20ddc45a38a23e4af33bef8ba/view,"{'rel': 'self', 'href': 'https://api.sam.gov/prod/opportunities/v2/search?noticeid=5cae1ff20ddc45a38a23e4af33bef8ba&limit=1'}","Questions regarding this solicitation should be emailed to the buyer listed in block 5 of the solicitation document which can be found under the Additional Information link.
If the Additional Information link does not work, please go to https://www.dibbs.bsm.dla.mil/Solicitations/ and type the solicitation number in the Global Search box.
",DibbsBSM@dla.mil,Primary NAICS 336413,Partial Refresh — Capacity Reached,High
Accepted,C,3,RFP / Solicitation,"15--SEAL,CLAMPING",DEPT OF DEFENSE.DEFENSE LOGISTICS AGENCY.DLA AVIATION.DLA AV RICHMOND.DLA AVIATION,,Solicitation,4f3396bde8ca46528fba3316a7edadd1,SPE4A626T23HN,2026-09-03,6,336413,15,,,Not stated,,"Relevant Butler intelligence or subcontract lead, but prime feasibility is limited. Matched: dla aviation. Scope reads as hardware supply/manufacturing with no clear design, redesign, or engineering work (matched: supply-class PSC 15), so it is tracked as a subcontract/competitive-intelligence lead rather than a prime fit.",None identified,Possible subcontract lead,No obvious vehicle restriction,Not Applicable,No special eligibility found in SAM.gov fields.,Prime feasible,Monitor as a direct pursuit unless attachments indicate otherwise.,None detected,https://sam.gov/workspace/contract/opp/4f3396bde8ca46528fba3316a7edadd1/view,"{'rel': 'self', 'href': 'https://api.sam.gov/prod/opportunities/v2/search?noticeid=4f3396bde8ca46528fba3316a7edadd1&limit=1'}","Questions regarding this solicitation should be emailed to the buyer listed in block 5 of the solicitation document which can be found under the Additional Information link.
If the Additional Information link does not work, please go to https://www.dibbs.bsm.dla.mil/Solicitations/ and type the solicitation number in the Global Search box.
",DibbsBSM@dla.mil,Primary NAICS 336413,Partial Refresh — Capacity Reached,High
Accepted,C,-2,RFP / Solicitation,"16--STINGER,ARM",DEPT OF DEFENSE.DEFENSE LOGISTICS AGENCY.DLA MARITIME.DLA MARITIME COLUMBUS.DLA LAND AND MARITIME,,Solicitation,3b8f2403626c4ac484fdbf9008790157,SPE7M226Q0776,2026-09-03,6,336413,16,,,Not stated,,"Relevant Butler intelligence or subcontract lead, but prime feasibility is limited. Scope reads as hardware supply/manufacturing with no clear design, redesign, or engineering work (matched: supply-class PSC 16), so it is tracked as a subcontract/competitive-intelligence lead rather than a prime fit.",None identified,Possible subcontract lead,No obvious vehicle restriction,Not Applicable,No special eligibility found in SAM.gov fields.,Prime feasible,Monitor as a direct pursuit unless attachments indicate otherwise.,None detected,https://sam.gov/workspace/contract/opp/3b8f2403626c4ac484fdbf9008790157/view,"{'rel': 'self', 'href': 'https://api.sam.gov/prod/opportunities/v2/search?noticeid=3b8f2403626c4ac484fdbf9008790157&limit=1'}","Questions regarding this solicitation should be emailed to the buyer listed in block 5 of the solicitation document which can be found under the Additional Information link.
If the Additional Information link does not work, please go to https://www.dibbs.bsm.dla.mil/Solicitations/ and type the solicitation number in the Global Search box.
",DibbsBSM@dla.mil,Primary NAICS 336413,Partial Refresh — Capacity Reached,High
Accepted,C,3,RFP / Solicitation,"49--ADAPTER SET,ROTARY WIN",DEPT OF DEFENSE.DEFENSE LOGISTICS AGENCY.DLA AVIATION.DLA AV RICHMOND.DLA AVIATION,,Solicitation,3a30fe0f6d01481ca5eee5f9a0e7ddce,SPE4A526T391Y,2026-09-03,6,336413,49,,,Not stated,,"Relevant Butler intelligence or subcontract lead, but prime feasibility is limited. Matched: dla aviation. Scope reads as hardware supply/manufacturing with no clear design, redesign, or engineering work (matched: supply-class PSC 49), so it is tracked as a subcontract/competitive-intelligence lead rather than a prime fit.",None identified,Possible subcontract lead,No obvious vehicle restriction,Not Applicable,No special eligibility found in SAM.gov fields.,Prime feasible,Monitor as a direct pursuit unless attachments indicate otherwise.,None detected,https://sam.gov/workspace/contract/opp/3a30fe0f6d01481ca5eee5f9a0e7ddce/view,"{'rel': 'self', 'href': 'https://api.sam.gov/prod/opportunities/v2/search?noticeid=3a30fe0f6d01481ca5eee5f9a0e7ddce&limit=1'}","Questions regarding this solicitation should be emailed to the buyer listed in block 5 of the solicitation document which can be found under the Additional Information link.
If the Additional Information link does not work, please go to https://www.dibbs.bsm.dla.mil/Solicitations/ and type the solicitation number in the Global Search box.
",DibbsBSM@dla.mil,Primary NAICS 336413,Partial Refresh — Capacity Reached,High
Accepted,C,3,RFP / Solicitation,"15--PANEL,STRUCTURAL,AIRCR",DEPT OF DEFENSE.DEFENSE LOGISTICS AGENCY.DLA AVIATION.DLA AV RICHMOND.DLA AVIATION,,Solicitation,3125142ccac24707a531d8541285610c,SPE4A726T697L,2026-09-03,6,336413,15,,,Not stated,,"Relevant Butler intelligence or subcontract lead, but prime feasibility is limited. Matched: dla aviation. Scope reads as hardware supply/manufacturing with no clear design, redesign, or engineering work (matched: supply-class PSC 15), so it is tracked as a subcontract/competitive-intelligence lead rather than a prime fit.",None identified,Possible subcontract lead,No obvious vehicle restriction,Not Applicable,No special eligibility found in SAM.gov fields.,Prime feasible,Monitor as a direct pursuit unless attachments indicate otherwise.,None detected,https://sam.gov/workspace/contract/opp/3125142ccac24707a531d8541285610c/view,"{'rel': 'self', 'href': 'https://api.sam.gov/prod/opportunities/v2/search?noticeid=3125142ccac24707a531d8541285610c&limit=1'}","Questions regarding this solicitation should be emailed to the buyer listed in block 5 of the solicitation document which can be found under the Additional Information link.
If the Additional Information link does not work, please go to https://www.dibbs.bsm.dla.mil/Solicitations/ and type the solicitation number in the Global Search box.
",DibbsBSM@dla.mil,Primary NAICS 336413,Partial Refresh — Capacity Reached,High
Accepted,C,3,RFP / Solicitation,"16--COVER,HYDRAULIC,PUMP-M",DEPT OF DEFENSE.DEFENSE LOGISTICS AGENCY.DLA AVIATION.DLA AV RICHMOND.DLA AVIATION,,Solicitation,2f7078c29af14cc9a8afe66d0369de5e,SPE4A726T698V,2026-09-03,6,336413,16,,,Not stated,,"Relevant Butler intelligence or subcontract lead, but prime feasibility is limited. Matched: dla aviation. Scope reads as hardware supply/manufacturing with no clear design, redesign, or engineering work (matched: supply-class PSC 16), so it is tracked as a subcontract/competitive-intelligence lead rather than a prime fit.",None identified,Possible subcontract lead,No obvious vehicle restriction,Not Applicable,No special eligibility found in SAM.gov fields.,Prime feasible,Monitor as a direct pursuit unless attachments indicate otherwise.,None detected,https://sam.gov/workspace/contract/opp/2f7078c29af14cc9a8afe66d0369de5e/view,"{'rel': 'self', 'href': 'https://api.sam.gov/prod/opportunities/v2/search?noticeid=2f7078c29af14cc9a8afe66d0369de5e&limit=1'}","Questions regarding this solicitation should be emailed to the buyer listed in block 5 of the solicitation document which can be found under the Additional Information link.
If the Additional Information link does not work, please go to https://www.dibbs.bsm.dla.mil/Solicitations/ and type the solicitation number in the Global Search box.
",DibbsBSM@dla.mil,Primary NAICS 336413,Partial Refresh — Capacity Reached,High
Accepted,C,8,RFP / Solicitation,"16--MAST POLE,AIRCRAFT,",DEPT OF DEFENSE.DEFENSE LOGISTICS AGENCY.DLA AVIATION.DLA AV RICHMOND.DLA AVIATION,,Solicitation,23d1eab571b44918a13a236710c4c68d,SPE4A526T389Y,2026-09-03,6,336413,16,,,Not stated,,"Relevant Butler intelligence or subcontract lead, but prime feasibility is limited. Matched: aircraft, dla aviation. Scope reads as hardware supply/manufacturing with no clear design, redesign, or engineering work (matched: supply-class PSC 16), so it is tracked as a subcontract/competitive-intelligence lead rather than a prime fit.",None identified,Possible subcontract lead,No obvious vehicle restriction,Not Applicable,No special eligibility found in SAM.gov fields.,Prime feasible,Monitor as a direct pursuit unless attachments indicate otherwise.,None detected,https://sam.gov/workspace/contract/opp/23d1eab571b44918a13a236710c4c68d/view,"{'rel': 'self', 'href': 'https://api.sam.gov/prod/opportunities/v2/search?noticeid=23d1eab571b44918a13a236710c4c68d&limit=1'}","Questions regarding this solicitation should be emailed to the buyer listed in block 5 of the solicitation document which can be found under the Additional Information link.
If the Additional Information link does not work, please go to https://www.dibbs.bsm.dla.mil/Solicitations/ and type the solicitation number in the Global Search box.
",DibbsBSM@dla.mil,Primary NAICS 336413,Partial Refresh — Capacity Reached,High
Accepted,C,3,RFP / Solicitation,"15--PANEL,STRUCTURAL,AI",DEPT OF DEFENSE.DEFENSE LOGISTICS AGENCY.DLA AVIATION.DLA AV RICHMOND.DLA AVIATION,,Solicitation,13497bdf0d084886a4ec7e5d3b3179fc,SPE4A526T393L,2026-09-03,6,336413,15,,,Not stated,,"Relevant Butler intelligence or subcontract lead, but prime feasibility is limited. Matched: dla aviation. Scope reads as hardware supply/manufacturing with no clear design, redesign, or engineering work (matched: supply-class PSC 15), so it is tracked as a subcontract/competitive-intelligence lead rather than a prime fit.",None identified,Possible subcontract lead,No obvious vehicle restriction,Not Applicable,No special eligibility found in SAM.gov fields.,Prime feasible,Monitor as a direct pursuit unless attachments indicate otherwise.,None detected,https://sam.gov/workspace/contract/opp/13497bdf0d084886a4ec7e5d3b3179fc/view,"{'rel': 'self', 'href': 'https://api.sam.gov/prod/opportunities/v2/search?noticeid=13497bdf0d084886a4ec7e5d3b3179fc&limit=1'}","Questions regarding this solicitation should be emailed to the buyer listed in block 5 of the solicitation document which can be found under the Additional Information link.
If the Additional Information link does not work, please go to https://www.dibbs.bsm.dla.mil/Solicitations/ and type the solicitation number in the Global Search box.
",DibbsBSM@dla.mil,Primary NAICS 336413,Partial Refresh — Capacity Reached,High
Accepted,C,0,RFP / Solicitation,"53--MOUNT,RESILIENT,WEA",DEPT OF DEFENSE.DEFENSE LOGISTICS AGENCY.DLA AVIATION.DLA AV RICHMOND.DLA AVIATION,,Solicitation,08ef68dfbfc643aa8e88bc5c68a21c3f,SPE4A526T389Q,2026-09-03,6,336413,53,Small Business Set Aside - Total,,Not stated,,"Relevant Butler intelligence or subcontract lead, but prime feasibility is limited. Matched: dla aviation. Scope reads as hardware supply/manufacturing with no clear design, redesign, or engineering work (matched: supply-class PSC 53), so it is tracked as a subcontract/competitive-intelligence lead rather than a prime fit.",Set-aside eligibility may limit prime feasibility,Check set-aside,No obvious vehicle restriction,Unknown — check Butler contract vehicles,Requires small-business set-aside eligibility.,Prime uncertain,Check whether Butler can qualify directly or should team with an eligible prime.,small business set aside,https://sam.gov/workspace/contract/opp/08ef68dfbfc643aa8e88bc5c68a21c3f/view,"{'rel': 'self', 'href': 'https://api.sam.gov/prod/opportunities/v2/search?noticeid=08ef68dfbfc643aa8e88bc5c68a21c3f&limit=1'}","Questions regarding this solicitation should be emailed to the buyer listed in block 5 of the solicitation document which can be found under the Additional Information link.
If the Additional Information link does not work, please go to https://www.dibbs.bsm.dla.mil/Solicitations/ and type the solicitation number in the Global Search box.
",DibbsBSM@dla.mil,Primary NAICS 336413,Partial Refresh — Capacity Reached,High
Accepted,C,-5,RFP / Solicitation,"16--GRIP ASSEMBLY,CONTR",DEPT OF DEFENSE.DEFENSE LOGISTICS AGENCY.DLA LAND.DLA LAND COLUMBUS.DLA LAND AND MARITIME,,Solicitation,a1c84aa3e5e1417a8854bcaa470b71e5,SPE7L326Q1299,2026-09-03,6,336413,16,Small Business Set Aside - Total,,Not stated,,"Relevant Butler intelligence or subcontract lead, but prime feasibility is limited. Scope reads as hardware supply/manufacturing with no clear design, redesign, or engineering work (matched: supply-class PSC 16), so it is tracked as a subcontract/competitive-intelligence lead rather than a prime fit.",Set-aside eligibility may limit prime feasibility,Check set-aside,No obvious vehicle restriction,Unknown — check Butler contract vehicles,Requires small-business set-aside eligibility.,Prime uncertain,Check whether Butler can qualify directly or should team with an eligible prime.,small business set aside,https://sam.gov/workspace/contract/opp/a1c84aa3e5e1417a8854bcaa470b71e5/view,"{'rel': 'self', 'href': 'https://api.sam.gov/prod/opportunities/v2/search?noticeid=a1c84aa3e5e1417a8854bcaa470b71e5&limit=1'}","Questions regarding this solicitation should be emailed to the buyer listed in block 5 of the solicitation document which can be found under the Additional Information link.
If the Additional Information link does not work, please go to https://www.dibbs.bsm.dla.mil/Solicitations/ and type the solicitation number in the Global Search box.
",DibbsBSM@dla.mil,Primary NAICS 336413,Partial Refresh — Capacity Reached,High
Accepted,C,2,RFP / Solicitation,"17--EXTENSION,AIRCRAFT TOW",DEPT OF DEFENSE.DEFENSE LOGISTICS AGENCY.TROOP SUPPORT CONSTRUCTION & EQUIPMENT.DLA TROOP SUPPORT,,Solicitation,1f067f11d5704b99abe46ab48331261a,SPE8EF26T1675,2026-09-03,6,336413,17,Small Business Set Aside - Total,,Not stated,,"Relevant Butler intelligence or subcontract lead, but prime feasibility is limited. Matched: aircraft. Scope reads as hardware supply/manufacturing with no clear design, redesign, or engineering work (matched: supply-class PSC 17), so it is tracked as a subcontract/competitive-intelligence lead rather than a prime fit.",Set-aside eligibility may limit prime feasibility,Check set-aside,No obvious vehicle restriction,Unknown — check Butler contract vehicles,Requires small-business set-aside eligibility.,Prime uncertain,Check whether Butler can qualify directly or should team with an eligible prime.,small business set aside,https://sam.gov/workspace/contract/opp/1f067f11d5704b99abe46ab48331261a/view,"{'rel': 'self', 'href': 'https://api.sam.gov/prod/opportunities/v2/search?noticeid=1f067f11d5704b99abe46ab48331261a&limit=1'}","Questions regarding this solicitation should be emailed to the buyer listed in block 5 of the solicitation document which can be found under the Additional Information link.
If the Additional Information link does not work, please go to https://www.dibbs.bsm.dla.mil/Solicitations/ and type the solicitation number in the Global Search box.
",DibbsBSM@dla.mil,Primary NAICS 336413,Partial Refresh — Capacity Reached,High
Accepted,C,3,RFP / Solicitation,17--SHUTTLE ASSEMBLY,"DEPT OF DEFENSE.DEFENSE LOGISTICS AGENCY.DLA AVIATION.DLA AVIATION PHILADELPHIA.DLA AVIATION AT PHILADELPHIA, PA",,Solicitation,1a8daaeaa64248018243b02bcebb611b,SPRPA126RYC85,2026-09-03,6,336413,1720,,,Not stated,,"Relevant Butler intelligence or subcontract lead, but prime feasibility is limited. Matched: dla aviation. Scope reads as hardware supply/manufacturing with no clear design, redesign, or engineering work (matched: supply-class PSC 1720), so it is tracked as a subcontract/competitive-intelligence lead rather than a prime fit.",None identified,Possible subcontract lead,No obvious vehicle restriction,Not Applicable,No special eligibility found in SAM.gov fields.,Prime feasible,Monitor as a direct pursuit unless attachments indicate otherwise.,None detected,https://sam.gov/workspace/contract/opp/1a8daaeaa64248018243b02bcebb611b/view,"{'rel': 'self', 'href': 'https://api.sam.gov/prod/opportunities/v2/search?noticeid=1a8daaeaa64248018243b02bcebb611b&limit=1'}",Telephone: 2157374024,THOMAS.KUHNLE@DLA.MIL,Primary NAICS 336413,Partial Refresh — Capacity Reached,High
Accepted,C,5,RFP / Solicitation,"14--COVER,GUIDED MISSILE G",DEPT OF DEFENSE.DEFENSE LOGISTICS AGENCY.DLA AVIATION.DLA AV RICHMOND.DLA AVIATION,,Solicitation,26571bedbbd94f719c639291b41cbe45,SPE4A726T696M,2026-09-03,6,336419,14,SBA Certified Women-Owned Small Business (WOSB) Program Set-Aside (FAR 19.15),,Not stated,,"Relevant Butler intelligence or subcontract lead, but prime feasibility is limited. Matched: missile, dla aviation. Scope reads as hardware supply/manufacturing with no clear design, redesign, or engineering work (matched: supply-class PSC 14), so it is tracked as a subcontract/competitive-intelligence lead rather than a prime fit.",Set-aside eligibility may limit prime feasibility,Check set-aside,No obvious vehicle restriction,Unknown — check Butler contract vehicles,Requires small-business set-aside eligibility.,Prime uncertain,Check whether Butler can qualify directly or should team with an eligible prime.,wosb,https://sam.gov/workspace/contract/opp/26571bedbbd94f719c639291b41cbe45/view,"{'rel': 'self', 'href': 'https://api.sam.gov/prod/opportunities/v2/search?noticeid=26571bedbbd94f719c639291b41cbe45&limit=1'}","Questions regarding this solicitation should be emailed to the buyer listed in block 5 of the solicitation document which can be found under the Additional Information link.
If the Additional Information link does not work, please go to https://www.dibbs.bsm.dla.mil/Solicitations/ and type the solicitation number in the Global Search box.
",DibbsBSM@dla.mil,Primary NAICS 336419,Partial Refresh — Capacity Reached,High
Accepted,C,5,RFP / Solicitation,"Multirotor small Unmanned Aircraft Systems (sUASs), Skydio “Or Equal”",DEPT OF DEFENSE.DEPT OF THE AIR FORCE.AIR FORCE MATERIEL COMMAND.AF INSTALLATION & MISSION SUPPORT CENTER.FA8051  772 ESS PKD,,Solicitation,ef3a9a38e79d4ee2a8d21fdc58a30e11,FA805126Q4008,2026-09-02,5,336411,1550,Small Business Set Aside - Total,"65980, Texas, UNITED STATES",Not stated,,"Relevant Butler intelligence or subcontract lead, but prime feasibility is limited. Matched: aircraft, air force. Attachment text was included in the screen. Scope reads as hardware supply/manufacturing with no clear design, redesign, or engineering work (matched: supply-class PSC 1550), so it is tracked as a subcontract/competitive-intelligence lead rather than a prime fit.",Set-aside eligibility may limit prime feasibility,Check set-aside,No obvious vehicle restriction,Unknown — check Butler contract vehicles,Requires small-business set-aside eligibility.,Prime uncertain,Check whether Butler can qualify directly or should team with an eligible prime.,small business set aside,https://sam.gov/workspace/contract/opp/ef3a9a38e79d4ee2a8d21fdc58a30e11/view,"https://sam.gov/api/prod/opps/v3/opportunities/resources/files/3f07f75816db466a9f12ea8f3b7559f9/download
https://sam.gov/api/prod/opps/v3/opportunities/resources/files/6ac86052598d47a2a6e730d497044834/download
https://sam.gov/api/prod/opps/v3/opportunities/resources/files/70d83463918f4c2a843db9d8d8246881/download
https://sam.gov/api/prod/opps/v3/opportunities/resources/files/789ee97d8d5540c0bd6ac1b2cb267da0/download
https://sam.gov/api/prod/opps/v3/opportunities/resources/files/8c9e27fa4c424045b9c3d8498349932c/download
https://sam.gov/api/prod/opps/v3/opportunities/resources/files/eedf74ad9aab4ccfb4e148d24f66ab17/download
https://sam.gov/api/prod/opps/v3/opportunities/resources/files/fc13d56b09b141e9be14bd7e0ba3b84f/download
{'rel': 'self', 'href': 'https://api.sam.gov/prod/opportunities/v2/search?noticeid=ef3a9a38e79d4ee2a8d21fdc58a30e11&limit=1'}",Grace Pennington,grace.pennington@us.af.mil,Primary NAICS 336411,Partial Refresh — Capacity Reached,High — attachment text read
Accepted,C,2,Sources Sought / RFI,INL PAKISTAN: UNMANNED AIRCRAFT SYSTEMS (UAS),"STATE, DEPARTMENT OF.STATE, DEPARTMENT OF.ACQUISITIONS - INL",,Solicitation,4005cba88cdd40afbb03238dabbcc13c,191NLE26Q0118,2026-09-02,5,336411,1550,Small Business Set Aside - Total,PAKISTAN,Not stated,,"Relevant Butler intelligence or subcontract lead, but prime feasibility is limited. Matched: aircraft, uas. Attachment text was included in the screen. Scope reads as hardware supply/manufacturing with no clear design, redesign, or engineering work (matched: supply-class PSC 1550), so it is tracked as a subcontract/competitive-intelligence lead rather than a prime fit.",Set-aside eligibility may limit prime feasibility,Check set-aside,No obvious vehicle restriction,Unknown — check Butler contract vehicles,Requires small-business set-aside eligibility.,Prime uncertain,Check whether Butler can qualify directly or should team with an eligible prime.,small business set aside,https://sam.gov/workspace/contract/opp/4005cba88cdd40afbb03238dabbcc13c/view,"https://sam.gov/api/prod/opps/v3/opportunities/resources/files/151ae89ea8a94d408d3f83affc2197f6/download
https://sam.gov/api/prod/opps/v3/opportunities/resources/files/1dfe210de3d94b7b95dd5a5e4d3b2ead/download
https://sam.gov/api/prod/opps/v3/opportunities/resources/files/6ab1237452ec4ed09e1bc080f0fbe5c0/download
https://sam.gov/api/prod/opps/v3/opportunities/resources/files/7da2d1a5f1bf4edca1f8f0492bf6150e/download
https://sam.gov/api/prod/opps/v3/opportunities/resources/files/81c23f0126a242ac937d04a862a31a80/download
https://sam.gov/api/prod/opps/v3/opportunities/resources/files/cc4cdde7de2a4f09a118d3126e05295c/download
{'rel': 'self', 'href': 'https://api.sam.gov/prod/opportunities/v2/search?noticeid=4005cba88cdd40afbb03238dabbcc13c&limit=1'}",Amy Moseley,moseleyar@state.gov,Primary NAICS 336411,Partial Refresh — Capacity Reached,High — attachment text read
Accepted,C,3,RFP / Solicitation,"28--NOZZLE ASSEMBLY,TURBIN",DEPT OF DEFENSE.DEFENSE LOGISTICS AGENCY.DLA AVIATION.DLA AV RICHMOND.DLA AVIATION,,Solicitation,f3fa52eca8d34e2db309064a0800f7d1,SPE4A526Q0721,2026-09-02,5,336412,28,,,Not stated,,"Relevant Butler intelligence or subcontract lead, but prime feasibility is limited. Matched: dla aviation. Scope reads as hardware supply/manufacturing with no clear design, redesign, or engineering work (matched: supply-class PSC 28), so it is tracked as a subcontract/competitive-intelligence lead rather than a prime fit.",None identified,Possible subcontract lead,No obvious vehicle restriction,Not Applicable,No special eligibility found in SAM.gov fields.,Prime feasible,Monitor as a direct pursuit unless attachments indicate otherwise.,None detected,https://sam.gov/workspace/contract/opp/f3fa52eca8d34e2db309064a0800f7d1/view,"{'rel': 'self', 'href': 'https://api.sam.gov/prod/opportunities/v2/search?noticeid=f3fa52eca8d34e2db309064a0800f7d1&limit=1'}","Questions regarding this solicitation should be emailed to the buyer listed in block 5 of the solicitation document which can be found under the Additional Information link.
If the Additional Information link does not work, please go to https://www.dibbs.bsm.dla.mil/Solicitations/ and type the solicitation number in the Global Search box.
",DibbsBSM@dla.mil,Primary NAICS 336412,Partial Refresh — Capacity Reached,High
Accepted,C,3,RFP / Solicitation,"29--BODY AND VALVE,ACTU",DEPT OF DEFENSE.DEFENSE LOGISTICS AGENCY.DLA AVIATION.DLA AV RICHMOND.DLA AVIATION,,Solicitation,de8401f75c6d4fd1acf413ee7e8e8df2,SPE4A526T388D,2026-09-02,5,336412,29,,,Not stated,,"Relevant Butler intelligence or subcontract lead, but prime feasibility is limited. Matched: dla aviation. Scope reads as hardware supply/manufacturing with no clear design, redesign, or engineering work (matched: supply-class PSC 29), so it is tracked as a subcontract/competitive-intelligence lead rather than a prime fit.",None identified,Possible subcontract lead,No obvious vehicle restriction,Not Applicable,No special eligibility found in SAM.gov fields.,Prime feasible,Monitor as a direct pursuit unless attachments indicate otherwise.,None detected,https://sam.gov/workspace/contract/opp/de8401f75c6d4fd1acf413ee7e8e8df2/view,"{'rel': 'self', 'href': 'https://api.sam.gov/prod/opportunities/v2/search?noticeid=de8401f75c6d4fd1acf413ee7e8e8df2&limit=1'}","Questions regarding this solicitation should be emailed to the buyer listed in block 5 of the solicitation document which can be found under the Additional Information link.
If the Additional Information link does not work, please go to https://www.dibbs.bsm.dla.mil/Solicitations/ and type the solicitation number in the Global Search box.
",DibbsBSM@dla.mil,Primary NAICS 336412,Partial Refresh — Capacity Reached,High
Accepted,C,3,RFP / Solicitation,"29--VALVE,SUBASSY,POPPE",DEPT OF DEFENSE.DEFENSE LOGISTICS AGENCY.DLA AVIATION.DLA AV RICHMOND.DLA AVIATION,,Solicitation,37b96d4e217140429a1f20dc4e61960c,SPE4A726T693C,2026-09-02,5,336412,29,,,Not stated,,"Relevant Butler intelligence or subcontract lead, but prime feasibility is limited. Matched: dla aviation. Scope reads as hardware supply/manufacturing with no clear design, redesign, or engineering work (matched: supply-class PSC 29), so it is tracked as a subcontract/competitive-intelligence lead rather than a prime fit.",None identified,Possible subcontract lead,No obvious vehicle restriction,Not Applicable,No special eligibility found in SAM.gov fields.,Prime feasible,Monitor as a direct pursuit unless attachments indicate otherwise.,None detected,https://sam.gov/workspace/contract/opp/37b96d4e217140429a1f20dc4e61960c/view,"{'rel': 'self', 'href': 'https://api.sam.gov/prod/opportunities/v2/search?noticeid=37b96d4e217140429a1f20dc4e61960c&limit=1'}","Questions regarding this solicitation should be emailed to the buyer listed in block 5 of the solicitation document which can be found under the Additional Information link.
If the Additional Information link does not work, please go to https://www.dibbs.bsm.dla.mil/Solicitations/ and type the solicitation number in the Global Search box.
",DibbsBSM@dla.mil,Primary NAICS 336412,Partial Refresh — Capacity Reached,High
Accepted,C,3,RFP / Solicitation,"29--BLOCK,TERMINAL",DEPT OF DEFENSE.DEFENSE LOGISTICS AGENCY.DLA AVIATION.DLA AV RICHMOND.DLA AVIATION,,Solicitation,24ea2aaddc2f480e9989534e94e7b3ca,SPE4A726T693G,2026-09-02,5,336412,29,,,Not stated,,"Relevant Butler intelligence or subcontract lead, but prime feasibility is limited. Matched: dla aviation. Scope reads as hardware supply/manufacturing with no clear design, redesign, or engineering work (matched: supply-class PSC 29), so it is tracked as a subcontract/competitive-intelligence lead rather than a prime fit.",None identified,Possible subcontract lead,No obvious vehicle restriction,Not Applicable,No special eligibility found in SAM.gov fields.,Prime feasible,Monitor as a direct pursuit unless attachments indicate otherwise.,None detected,https://sam.gov/workspace/contract/opp/24ea2aaddc2f480e9989534e94e7b3ca/view,"{'rel': 'self', 'href': 'https://api.sam.gov/prod/opportunities/v2/search?noticeid=24ea2aaddc2f480e9989534e94e7b3ca&limit=1'}","Questions regarding this solicitation should be emailed to the buyer listed in block 5 of the solicitation document which can be found under the Additional Information link.
If the Additional Information link does not work, please go to https://www.dibbs.bsm.dla.mil/Solicitations/ and type the solicitation number in the Global Search box.
",DibbsBSM@dla.mil,Primary NAICS 336412,Partial Refresh — Capacity Reached,High
Accepted,C,3,RFP / Solicitation,"29--NEEDLE,VALVE",DEPT OF DEFENSE.DEFENSE LOGISTICS AGENCY.DLA AVIATION.DLA AV RICHMOND.DLA AVIATION,,Solicitation,02330b9547c641b88055d7a432611af3,SPE4A726T693E,2026-09-02,5,336412,29,,,Not stated,,"Relevant Butler intelligence or subcontract lead, but prime feasibility is limited. Matched: dla aviation. Scope reads as hardware supply/manufacturing with no clear design, redesign, or engineering work (matched: supply-class PSC 29), so it is tracked as a subcontract/competitive-intelligence lead rather than a prime fit.",None identified,Possible subcontract lead,No obvious vehicle restriction,Not Applicable,No special eligibility found in SAM.gov fields.,Prime feasible,Monitor as a direct pursuit unless attachments indicate otherwise.,None detected,https://sam.gov/workspace/contract/opp/02330b9547c641b88055d7a432611af3/view,"{'rel': 'self', 'href': 'https://api.sam.gov/prod/opportunities/v2/search?noticeid=02330b9547c641b88055d7a432611af3&limit=1'}","Questions regarding this solicitation should be emailed to the buyer listed in block 5 of the solicitation document which can be found under the Additional Information link.
If the Additional Information link does not work, please go to https://www.dibbs.bsm.dla.mil/Solicitations/ and type the solicitation number in the Global Search box.
",DibbsBSM@dla.mil,Primary NAICS 336412,Partial Refresh — Capacity Reached,High
Accepted,C,-5,RFP / Solicitation,Cockpit Doubler,"HOMELAND SECURITY, DEPARTMENT OF.US COAST GUARD.AVIATION LOGISTICS CENTER (ALC)(00038)",,Solicitation,60581560260b4b919ea5127faa15f987,70Z03826QJ0000357,2026-09-02,5,336413,1560,Small Business Set Aside - Total,,Not stated,,"Relevant Butler intelligence or subcontract lead, but prime feasibility is limited. Attachment text was included in the screen. Scope reads as hardware supply/manufacturing with no clear design, redesign, or engineering work (matched: supply-class PSC 1560), so it is tracked as a subcontract/competitive-intelligence lead rather than a prime fit.",Set-aside eligibility may limit prime feasibility,Check set-aside,No obvious vehicle restriction,Unknown — check Butler contract vehicles,Requires small-business set-aside eligibility.,Prime uncertain,Check whether Butler can qualify directly or should team with an eligible prime.,small business set aside,https://sam.gov/workspace/contract/opp/60581560260b4b919ea5127faa15f987/view,"https://sam.gov/api/prod/opps/v3/opportunities/resources/files/f38f571a90a14a989e1cc3d0041351ca/download
{'rel': 'self', 'href': 'https://api.sam.gov/prod/opportunities/v2/search?noticeid=60581560260b4b919ea5127faa15f987&limit=1'}",Tiffany Cherry,Tiffany.R.Cherry2@uscg.mil,Primary NAICS 336413,Partial Refresh — Capacity Reached,High — attachment text read
Accepted,C,5,RFP / Solicitation,Purchase Bolt and Bolt-Floor for HC-144 Aircraft,"HOMELAND SECURITY, DEPARTMENT OF.US COAST GUARD.AVIATION LOGISTICS CENTER (ALC)(00038)",,Solicitation,e567a74320484ae19a378798cf6b4c03,70Z03826QL0000198,2026-09-02,5,336413,5325,No Set aside used,"Elizabeth City, North Carolina, UNITED STATES",Not stated,,"Relevant Butler intelligence or subcontract lead, but prime feasibility is limited. Matched: aircraft. Attachment text was included in the screen. Scope reads as hardware supply/manufacturing with no clear design, redesign, or engineering work (matched: supply-class PSC 5325), so it is tracked as a subcontract/competitive-intelligence lead rather than a prime fit.",None identified,Possible subcontract lead,No obvious vehicle restriction,Not Applicable,No special eligibility found in SAM.gov fields.,Prime feasible,Monitor as a direct pursuit unless attachments indicate otherwise.,None detected,https://sam.gov/workspace/contract/opp/e567a74320484ae19a378798cf6b4c03/view,"https://sam.gov/api/prod/opps/v3/opportunities/resources/files/ab02facbc4744361b91fe1e100e5e4c5/download
{'rel': 'self', 'href': 'https://api.sam.gov/prod/opportunities/v2/search?noticeid=e567a74320484ae19a378798cf6b4c03&limit=1'}",Denise Davis,Denise.D.Davis@uscg.mil,Primary NAICS 336413,Partial Refresh — Capacity Reached,High — attachment text read
Accepted,C,3,RFP / Solicitation,"16--PISTON,HYDRAULIC AC",DEPT OF DEFENSE.DEFENSE LOGISTICS AGENCY.DLA AVIATION.DLA AV RICHMOND.DLA AVIATION,,Solicitation,a1e8d29a93a8417f838941e00f89c290,SPE4A626T22PU,2026-09-02,5,336413,16,,,Not stated,,"Relevant Butler intelligence or subcontract lead, but prime feasibility is limited. Matched: dla aviation. Scope reads as hardware supply/manufacturing with no clear design, redesign, or engineering work (matched: supply-class PSC 16), so it is tracked as a subcontract/competitive-intelligence lead rather than a prime fit.",None identified,Possible subcontract lead,No obvious vehicle restriction,Not Applicable,No special eligibility found in SAM.gov fields.,Prime feasible,Monitor as a direct pursuit unless attachments indicate otherwise.,None detected,https://sam.gov/workspace/contract/opp/a1e8d29a93a8417f838941e00f89c290/view,"{'rel': 'self', 'href': 'https://api.sam.gov/prod/opportunities/v2/search?noticeid=a1e8d29a93a8417f838941e00f89c290&limit=1'}","Questions regarding this solicitation should be emailed to the buyer listed in block 5 of the solicitation document which can be found under the Additional Information link.
If the Additional Information link does not work, please go to https://www.dibbs.bsm.dla.mil/Solicitations/ and type the solicitation number in the Global Search box.
",DibbsBSM@dla.mil,Primary NAICS 336413,Partial Refresh — Capacity Reached,High
Accepted,C,2,RFP / Solicitation,Purchase Storage Battery for U.S. Coast Guard HC-27J Aircraft,"HOMELAND SECURITY, DEPARTMENT OF.US COAST GUARD.AVIATION LOGISTICS CENTER (ALC)(00038)",,Solicitation,a1639ebda1944c1791ac28919c8c7596,70Z03826QW0000090,2026-09-02,5,336413,6140,Small Business Set Aside - Total,"Elizabeth City, North Carolina, UNITED STATES",Not stated,,"Relevant Butler intelligence or subcontract lead, but prime feasibility is limited. Matched: aircraft, uas. Attachment text was included in the screen. Scope reads as hardware supply/manufacturing with no clear design, redesign, or engineering work (matched: supply-class PSC 6140), so it is tracked as a subcontract/competitive-intelligence lead rather than a prime fit.",Set-aside eligibility may limit prime feasibility,Check set-aside,No obvious vehicle restriction,Unknown — check Butler contract vehicles,Requires small-business set-aside eligibility.,Prime uncertain,Check whether Butler can qualify directly or should team with an eligible prime.,small business set aside,https://sam.gov/workspace/contract/opp/a1639ebda1944c1791ac28919c8c7596/view,"https://sam.gov/api/prod/opps/v3/opportunities/resources/files/6f7ae2eb1b534921a39ba5db06ff823e/download
{'rel': 'self', 'href': 'https://api.sam.gov/prod/opportunities/v2/search?noticeid=a1639ebda1944c1791ac28919c8c7596&limit=1'}",Denise Davis,Denise.D.Davis@uscg.mil,Primary NAICS 336413,Partial Refresh — Capacity Reached,High — attachment text read
Accepted,C,3,RFP / Solicitation,"15--PARTS KIT,CONTROL S",DEPT OF DEFENSE.DEFENSE LOGISTICS AGENCY.DLA AVIATION.DLA AV RICHMOND.DLA AVIATION,,Solicitation,47926f74fa944306bdcb16a0611b6f43,SPE4A726T693W,2026-09-02,5,336413,15,,,Not stated,,"Relevant Butler intelligence or subcontract lead, but prime feasibility is limited. Matched: dla aviation. Scope reads as hardware supply/manufacturing with no clear design, redesign, or engineering work (matched: supply-class PSC 15), so it is tracked as a subcontract/competitive-intelligence lead rather than a prime fit.",None identified,Possible subcontract lead,No obvious vehicle restriction,Not Applicable,No special eligibility found in SAM.gov fields.,Prime feasible,Monitor as a direct pursuit unless attachments indicate otherwise.,None detected,https://sam.gov/workspace/contract/opp/47926f74fa944306bdcb16a0611b6f43/view,"{'rel': 'self', 'href': 'https://api.sam.gov/prod/opportunities/v2/search?noticeid=47926f74fa944306bdcb16a0611b6f43&limit=1'}","Questions regarding this solicitation should be emailed to the buyer listed in block 5 of the solicitation document which can be found under the Additional Information link.
If the Additional Information link does not work, please go to https://www.dibbs.bsm.dla.mil/Solicitations/ and type the solicitation number in the Global Search box.
",DibbsBSM@dla.mil,Primary NAICS 336413,Partial Refresh — Capacity Reached,High
Accepted,C,-2,RFP / Solicitation,PROCUREMENT OF MICROPHONE FOR USE ON MH-65,"HOMELAND SECURITY, DEPARTMENT OF.US COAST GUARD.AVIATION LOGISTICS CENTER (ALC)(00038)",,Solicitation,2a4aa891b0874e34b57bbeb711bcb372,70Z03826QB0000206,2026-09-02,5,336413,5965,,,Not stated,,"Relevant Butler intelligence or subcontract lead, but prime feasibility is limited. Attachment text was included in the screen. Scope reads as hardware supply/manufacturing with no clear design, redesign, or engineering work (matched: procurement of, supply-class PSC 5965), so it is tracked as a subcontract/competitive-intelligence lead rather than a prime fit.",None identified,Possible subcontract lead,No obvious vehicle restriction,Not Applicable,No special eligibility found in SAM.gov fields.,Prime feasible,Monitor as a direct pursuit unless attachments indicate otherwise.,None detected,https://sam.gov/workspace/contract/opp/2a4aa891b0874e34b57bbeb711bcb372/view,"https://sam.gov/api/prod/opps/v3/opportunities/resources/files/6252ed7b526d4eca9420af1abec16161/download
https://sam.gov/api/prod/opps/v3/opportunities/resources/files/c692a74d11e240bd906d833b86e9c757/download
{'rel': 'self', 'href': 'https://api.sam.gov/prod/opportunities/v2/search?noticeid=2a4aa891b0874e34b57bbeb711bcb372&limit=1'}",Alex-Marie Midgett,Alex-Marie.B.Midgett@uscg.mil,Primary NAICS 336413,Partial Refresh — Capacity Reached,High — attachment text read
Accepted,C,8,RFP / Solicitation,"15--FLOOR,AIRCRAFT",DEPT OF DEFENSE.DEFENSE LOGISTICS AGENCY.DLA AVIATION.DLA AV RICHMOND.DLA AVIATION,,Solicitation,20e0eb9cbea94d4ca8267a3e7024d4e0,SPE4A726T693V,2026-09-02,5,336413,15,,,Not stated,,"Relevant Butler intelligence or subcontract lead, but prime feasibility is limited. Matched: aircraft, dla aviation. Scope reads as hardware supply/manufacturing with no clear design, redesign, or engineering work (matched: supply-class PSC 15), so it is tracked as a subcontract/competitive-intelligence lead rather than a prime fit.",None identified,Possible subcontract lead,No obvious vehicle restriction,Not Applicable,No special eligibility found in SAM.gov fields.,Prime feasible,Monitor as a direct pursuit unless attachments indicate otherwise.,None detected,https://sam.gov/workspace/contract/opp/20e0eb9cbea94d4ca8267a3e7024d4e0/view,"{'rel': 'self', 'href': 'https://api.sam.gov/prod/opportunities/v2/search?noticeid=20e0eb9cbea94d4ca8267a3e7024d4e0&limit=1'}","Questions regarding this solicitation should be emailed to the buyer listed in block 5 of the solicitation document which can be found under the Additional Information link.
If the Additional Information link does not work, please go to https://www.dibbs.bsm.dla.mil/Solicitations/ and type the solicitation number in the Global Search box.
",DibbsBSM@dla.mil,Primary NAICS 336413,Partial Refresh — Capacity Reached,High
Accepted,C,3,Sources Sought / RFI,"COOLER,LUBRICATING _End_Item_F100_NSN_2935012147360NZ_PN_4065924","DEPT OF DEFENSE.DEFENSE LOGISTICS AGENCY.DLA AVIATION.DLA AVIATION OKLAHOMA CITY.DLA AVIATION AT OKLAHOMA CITY, OK",,Sources Sought,8e1e36f6cc8b4b6abe0f9563fbc0ea32,FD20302602646,2026-09-02,5,336413,2935,No Set aside used,UNITED STATES,Not stated,,"Relevant Butler intelligence or subcontract lead, but prime feasibility is limited. Matched: dla aviation. Attachment text was included in the screen. Scope reads as hardware supply/manufacturing with no clear design, redesign, or engineering work (matched: nsn, supply-class PSC 2935), so it is tracked as a subcontract/competitive-intelligence lead rather than a prime fit.",None identified,Possible subcontract lead,No obvious vehicle restriction,Not Applicable,No special eligibility found in SAM.gov fields.,Prime feasible,Monitor as a direct pursuit unless attachments indicate otherwise.,None detected,https://sam.gov/workspace/contract/opp/8e1e36f6cc8b4b6abe0f9563fbc0ea32/view,"https://sam.gov/api/prod/opps/v3/opportunities/resources/files/3c98d23ce3754bb8af9a5759a51a4375/download
{'rel': 'self', 'href': 'https://api.sam.gov/prod/opportunities/v2/search?noticeid=8e1e36f6cc8b4b6abe0f9563fbc0ea32&limit=1'}",421st SCMS,421scms.requirements.workflow@us.af.mil,Primary NAICS 336413,Partial Refresh — Capacity Reached,High — attachment text read
Accepted,C,-2,RFP / Solicitation,TrakkaBeam TL-360,"HOMELAND SECURITY, DEPARTMENT OF.US COAST GUARD.AVIATION LOGISTICS CENTER (ALC)(00038)",,Solicitation,1f7889fa16a248c18ca3a39a5bd9a294,70Z03826QJ0000290,2026-09-02,5,336413,1680,No Set aside used,,Not stated,,"Relevant Butler intelligence or subcontract lead, but prime feasibility is limited. Attachment text was included in the screen. Scope reads as hardware supply/manufacturing with no clear design, redesign, or engineering work (matched: supply-class PSC 1680), so it is tracked as a subcontract/competitive-intelligence lead rather than a prime fit.",None identified,Possible subcontract lead,No obvious vehicle restriction,Not Applicable,No special eligibility found in SAM.gov fields.,Prime feasible,Monitor as a direct pursuit unless attachments indicate otherwise.,None detected,https://sam.gov/workspace/contract/opp/1f7889fa16a248c18ca3a39a5bd9a294/view,"https://sam.gov/api/prod/opps/v3/opportunities/resources/files/532867bafd22445da00b6c50dc43c6e4/download
https://sam.gov/api/prod/opps/v3/opportunities/resources/files/8ec88fede20e41eaadc9c4c72b11da35/download
https://sam.gov/api/prod/opps/v3/opportunities/resources/files/d8e3b34c3dc74512b9e163d1802d8fc8/download
{'rel': 'self', 'href': 'https://api.sam.gov/prod/opportunities/v2/search?noticeid=1f7889fa16a248c18ca3a39a5bd9a294&limit=1'}",Kristen Allen,Kristen.L.Allen3@uscg.mil,Primary NAICS 336413,Partial Refresh — Capacity Reached,High — attachment text read
Accepted,C,3,RFP / Solicitation,"16--GEARSHAFT,WORM-SPUR",DEPT OF DEFENSE.DEFENSE LOGISTICS AGENCY.DLA AVIATION.DLA AV RICHMOND.DLA AVIATION,,Solicitation,fe27090a57fb436fbfda9336b36bae9f,SPE4A726T693K,2026-09-02,5,336413,16,,,Not stated,,"Relevant Butler intelligence or subcontract lead, but prime feasibility is limited. Matched: dla aviation. Scope reads as hardware supply/manufacturing with no clear design, redesign, or engineering work (matched: supply-class PSC 16), so it is tracked as a subcontract/competitive-intelligence lead rather than a prime fit.",None identified,Possible subcontract lead,No obvious vehicle restriction,Not Applicable,No special eligibility found in SAM.gov fields.,Prime feasible,Monitor as a direct pursuit unless attachments indicate otherwise.,None detected,https://sam.gov/workspace/contract/opp/fe27090a57fb436fbfda9336b36bae9f/view,"{'rel': 'self', 'href': 'https://api.sam.gov/prod/opportunities/v2/search?noticeid=fe27090a57fb436fbfda9336b36bae9f&limit=1'}","Questions regarding this solicitation should be emailed to the buyer listed in block 5 of the solicitation document which can be found under the Additional Information link.
If the Additional Information link does not work, please go to https://www.dibbs.bsm.dla.mil/Solicitations/ and type the solicitation number in the Global Search box.
",DibbsBSM@dla.mil,Primary NAICS 336413,Partial Refresh — Capacity Reached,High
Accepted,C,3,RFP / Solicitation,"16--HARNESS SET,AIRCRAF",DEPT OF DEFENSE.DEFENSE LOGISTICS AGENCY.DLA AVIATION.DLA AV RICHMOND.DLA AVIATION,,Solicitation,f45d0881644746e3b0cbc2eb56cb783b,SPE4A726T693U,2026-09-02,5,336413,16,,,Not stated,,"Relevant Butler intelligence or subcontract lead, but prime feasibility is limited. Matched: dla aviation. Scope reads as hardware supply/manufacturing with no clear design, redesign, or engineering work (matched: supply-class PSC 16), so it is tracked as a subcontract/competitive-intelligence lead rather than a prime fit.",None identified,Possible subcontract lead,No obvious vehicle restriction,Not Applicable,No special eligibility found in SAM.gov fields.,Prime feasible,Monitor as a direct pursuit unless attachments indicate otherwise.,None detected,https://sam.gov/workspace/contract/opp/f45d0881644746e3b0cbc2eb56cb783b/view,"{'rel': 'self', 'href': 'https://api.sam.gov/prod/opportunities/v2/search?noticeid=f45d0881644746e3b0cbc2eb56cb783b&limit=1'}","Questions regarding this solicitation should be emailed to the buyer listed in block 5 of the solicitation document which can be found under the Additional Information link.
If the Additional Information link does not work, please go to https://www.dibbs.bsm.dla.mil/Solicitations/ and type the solicitation number in the Global Search box.
",DibbsBSM@dla.mil,Primary NAICS 336413,Partial Refresh — Capacity Reached,High
Accepted,C,0,RFP / Solicitation,"15--COVER,ACCESS,AIRCRA",DEPT OF DEFENSE.DEFENSE LOGISTICS AGENCY.DLA AVIATION.DLA AV RICHMOND.DLA AVIATION,,Solicitation,eec609c141db4f1eaf691c77beff1fcd,SPE4A726T693A,2026-09-02,5,336413,15,Small Business Set Aside - Total,,Not stated,,"Relevant Butler intelligence or subcontract lead, but prime feasibility is limited. Matched: dla aviation. Scope reads as hardware supply/manufacturing with no clear design, redesign, or engineering work (matched: supply-class PSC 15), so it is tracked as a subcontract/competitive-intelligence lead rather than a prime fit.",Set-aside eligibility may limit prime feasibility,Check set-aside,No obvious vehicle restriction,Unknown — check Butler contract vehicles,Requires small-business set-aside eligibility.,Prime uncertain,Check whether Butler can qualify directly or should team with an eligible prime.,small business set aside,https://sam.gov/workspace/contract/opp/eec609c141db4f1eaf691c77beff1fcd/view,"{'rel': 'self', 'href': 'https://api.sam.gov/prod/opportunities/v2/search?noticeid=eec609c141db4f1eaf691c77beff1fcd&limit=1'}","Questions regarding this solicitation should be emailed to the buyer listed in block 5 of the solicitation document which can be found under the Additional Information link.
If the Additional Information link does not work, please go to https://www.dibbs.bsm.dla.mil/Solicitations/ and type the solicitation number in the Global Search box.
",DibbsBSM@dla.mil,Primary NAICS 336413,Partial Refresh — Capacity Reached,High
Accepted,C,-2,RFP / Solicitation,"Valve, Solenoid","HOMELAND SECURITY, DEPARTMENT OF.US COAST GUARD.AVIATION LOGISTICS CENTER (ALC)(00038)",,Solicitation,eb39e94289fd410e88c28bf8fa0fc628,70Z03826QJ0000225,2026-09-02,5,336413,4810,,,Not stated,,"Relevant Butler intelligence or subcontract lead, but prime feasibility is limited. Attachment text was included in the screen. Scope reads as hardware supply/manufacturing with no clear design, redesign, or engineering work (matched: supply-class PSC 4810), so it is tracked as a subcontract/competitive-intelligence lead rather than a prime fit.",None identified,Possible subcontract lead,No obvious vehicle restriction,Not Applicable,No special eligibility found in SAM.gov fields.,Prime feasible,Monitor as a direct pursuit unless attachments indicate otherwise.,None detected,https://sam.gov/workspace/contract/opp/eb39e94289fd410e88c28bf8fa0fc628/view,"https://sam.gov/api/prod/opps/v3/opportunities/resources/files/fb038431befc4a4d8169c0030ffd2938/download
{'rel': 'self', 'href': 'https://api.sam.gov/prod/opportunities/v2/search?noticeid=eb39e94289fd410e88c28bf8fa0fc628&limit=1'}",Riley Ayers,Riley.A.Ayers@uscg.mil,Primary NAICS 336413,Partial Refresh — Capacity Reached,High — attachment text read
Accepted,C,-2,RFP / Solicitation,"PROCUREMENT OF DISC, BRAKES FOR USE ON MH-65","HOMELAND SECURITY, DEPARTMENT OF.US COAST GUARD.AVIATION LOGISTICS CENTER (ALC)(00038)",,Solicitation,e0036750d2da438e813a77b9fe690ac8,70Z03826QB0000166,2026-09-02,5,336413,1630,No Set aside used,,Not stated,,"Relevant Butler intelligence or subcontract lead, but prime feasibility is limited. Attachment text was included in the screen. Scope reads as hardware supply/manufacturing with no clear design, redesign, or engineering work (matched: procurement of, nsn, supply-class PSC 1630), so it is tracked as a subcontract/competitive-intelligence lead rather than a prime fit.",None identified,Possible subcontract lead,No obvious vehicle restriction,Not Applicable,No special eligibility found in SAM.gov fields.,Prime feasible,Monitor as a direct pursuit unless attachments indicate otherwise.,None detected,https://sam.gov/workspace/contract/opp/e0036750d2da438e813a77b9fe690ac8/view,"https://sam.gov/api/prod/opps/v3/opportunities/resources/files/1ef29ac3fa7046208835d517583e0e50/download
https://sam.gov/api/prod/opps/v3/opportunities/resources/files/9bbacbd9584246458f1402d8d0bb3676/download
https://sam.gov/api/prod/opps/v3/opportunities/resources/files/c33a3ea88fcf4d20ae5b09fedb23f124/download
{'rel': 'self', 'href': 'https://api.sam.gov/prod/opportunities/v2/search?noticeid=e0036750d2da438e813a77b9fe690ac8&limit=1'}",Alex-Marie Midgett,Alex-Marie.B.Midgett@uscg.mil,Primary NAICS 336413,Partial Refresh — Capacity Reached,High — attachment text read
Accepted,C,3,RFP / Solicitation,"63--CONTROL,ALARM",DEPT OF DEFENSE.DEFENSE LOGISTICS AGENCY.DLA AVIATION.DLA AV RICHMOND.DLA AVIATION,,Solicitation,dff5e2f01e4b44dc81b21fd27d759471,SPE4A626T22NM,2026-09-02,5,336413,63,,,Not stated,,"Relevant Butler intelligence or subcontract lead, but prime feasibility is limited. Matched: dla aviation. Scope reads as hardware supply/manufacturing with no clear design, redesign, or engineering work (matched: supply-class PSC 63), so it is tracked as a subcontract/competitive-intelligence lead rather than a prime fit.",None identified,Possible subcontract lead,No obvious vehicle restriction,Not Applicable,No special eligibility found in SAM.gov fields.,Prime feasible,Monitor as a direct pursuit unless attachments indicate otherwise.,None detected,https://sam.gov/workspace/contract/opp/dff5e2f01e4b44dc81b21fd27d759471/view,"{'rel': 'self', 'href': 'https://api.sam.gov/prod/opportunities/v2/search?noticeid=dff5e2f01e4b44dc81b21fd27d759471&limit=1'}","Questions regarding this solicitation should be emailed to the buyer listed in block 5 of the solicitation document which can be found under the Additional Information link.
If the Additional Information link does not work, please go to https://www.dibbs.bsm.dla.mil/Solicitations/ and type the solicitation number in the Global Search box.
",DibbsBSM@dla.mil,Primary NAICS 336413,Partial Refresh — Capacity Reached,High
Accepted,C,0,RFP / Solicitation,"15--LINK ASSEMBLY,ENGIN",DEPT OF DEFENSE.DEFENSE LOGISTICS AGENCY.DLA AVIATION.DLA AV RICHMOND.DLA AVIATION,,Solicitation,de2ec1d8860d446fa925e21173f5926f,SPE4A726T692X,2026-09-02,5,336413,15,SBA Certified Women-Owned Small Business (WOSB) Program Set-Aside (FAR 19.15),,Not stated,,"Relevant Butler intelligence or subcontract lead, but prime feasibility is limited. Matched: dla aviation. Scope reads as hardware supply/manufacturing with no clear design, redesign, or engineering work (matched: supply-class PSC 15), so it is tracked as a subcontract/competitive-intelligence lead rather than a prime fit.",Set-aside eligibility may limit prime feasibility,Check set-aside,No obvious vehicle restriction,Unknown — check Butler contract vehicles,Requires small-business set-aside eligibility.,Prime uncertain,Check whether Butler can qualify directly or should team with an eligible prime.,wosb,https://sam.gov/workspace/contract/opp/de2ec1d8860d446fa925e21173f5926f/view,"{'rel': 'self', 'href': 'https://api.sam.gov/prod/opportunities/v2/search?noticeid=de2ec1d8860d446fa925e21173f5926f&limit=1'}","Questions regarding this solicitation should be emailed to the buyer listed in block 5 of the solicitation document which can be found under the Additional Information link.
If the Additional Information link does not work, please go to https://www.dibbs.bsm.dla.mil/Solicitations/ and type the solicitation number in the Global Search box.
",DibbsBSM@dla.mil,Primary NAICS 336413,Partial Refresh — Capacity Reached,High
Accepted,C,3,RFP / Solicitation,"16--DUCT ASSEMBLY,AIR C",DEPT OF DEFENSE.DEFENSE LOGISTICS AGENCY.DLA AVIATION.DLA AV RICHMOND.DLA AVIATION,,Solicitation,c7a0874c5e3f4fdebe522bdebea9c8cc,SPE4A526T387B,2026-09-02,5,336413,16,,,Not stated,,"Relevant Butler intelligence or subcontract lead, but prime feasibility is limited. Matched: dla aviation. Scope reads as hardware supply/manufacturing with no clear design, redesign, or engineering work (matched: supply-class PSC 16), so it is tracked as a subcontract/competitive-intelligence lead rather than a prime fit.",None identified,Possible subcontract lead,No obvious vehicle restriction,Not Applicable,No special eligibility found in SAM.gov fields.,Prime feasible,Monitor as a direct pursuit unless attachments indicate otherwise.,None detected,https://sam.gov/workspace/contract/opp/c7a0874c5e3f4fdebe522bdebea9c8cc/view,"{'rel': 'self', 'href': 'https://api.sam.gov/prod/opportunities/v2/search?noticeid=c7a0874c5e3f4fdebe522bdebea9c8cc&limit=1'}","Questions regarding this solicitation should be emailed to the buyer listed in block 5 of the solicitation document which can be found under the Additional Information link.
If the Additional Information link does not work, please go to https://www.dibbs.bsm.dla.mil/Solicitations/ and type the solicitation number in the Global Search box.
",DibbsBSM@dla.mil,Primary NAICS 336413,Partial Refresh — Capacity Reached,High
Accepted,C,3,RFP / Solicitation,"15--SUPPORT,STRUCTURAL",DEPT OF DEFENSE.DEFENSE LOGISTICS AGENCY.DLA AVIATION.DLA AV RICHMOND.DLA AVIATION,,Solicitation,c5f01a4a273c484fa022e52a7957ab69,SPE4A126T2688,2026-09-02,5,336413,15,,,Not stated,,"Relevant Butler intelligence or subcontract lead, but prime feasibility is limited. Matched: dla aviation. Scope reads as hardware supply/manufacturing with no clear design, redesign, or engineering work (matched: supply-class PSC 15), so it is tracked as a subcontract/competitive-intelligence lead rather than a prime fit.",None identified,Possible subcontract lead,No obvious vehicle restriction,Not Applicable,No special eligibility found in SAM.gov fields.,Prime feasible,Monitor as a direct pursuit unless attachments indicate otherwise.,None detected,https://sam.gov/workspace/contract/opp/c5f01a4a273c484fa022e52a7957ab69/view,"{'rel': 'self', 'href': 'https://api.sam.gov/prod/opportunities/v2/search?noticeid=c5f01a4a273c484fa022e52a7957ab69&limit=1'}","Questions regarding this solicitation should be emailed to the buyer listed in block 5 of the solicitation document which can be found under the Additional Information link.
If the Additional Information link does not work, please go to https://www.dibbs.bsm.dla.mil/Solicitations/ and type the solicitation number in the Global Search box.
",DibbsBSM@dla.mil,Primary NAICS 336413,Partial Refresh — Capacity Reached,High
Accepted,C,3,RFP / Solicitation,"16--RING,LOCK,PACKING",DEPT OF DEFENSE.DEFENSE LOGISTICS AGENCY.DLA AVIATION.DLA AV RICHMOND.DLA AVIATION,,Solicitation,c5845bd9249f45618d2d2bebb3e51982,SPE4A526T386P,2026-09-02,5,336413,16,,,Not stated,,"Relevant Butler intelligence or subcontract lead, but prime feasibility is limited. Matched: dla aviation. Scope reads as hardware supply/manufacturing with no clear design, redesign, or engineering work (matched: supply-class PSC 16), so it is tracked as a subcontract/competitive-intelligence lead rather than a prime fit.",None identified,Possible subcontract lead,No obvious vehicle restriction,Not Applicable,No special eligibility found in SAM.gov fields.,Prime feasible,Monitor as a direct pursuit unless attachments indicate otherwise.,None detected,https://sam.gov/workspace/contract/opp/c5845bd9249f45618d2d2bebb3e51982/view,"{'rel': 'self', 'href': 'https://api.sam.gov/prod/opportunities/v2/search?noticeid=c5845bd9249f45618d2d2bebb3e51982&limit=1'}","Questions regarding this solicitation should be emailed to the buyer listed in block 5 of the solicitation document which can be found under the Additional Information link.
If the Additional Information link does not work, please go to https://www.dibbs.bsm.dla.mil/Solicitations/ and type the solicitation number in the Global Search box.
",DibbsBSM@dla.mil,Primary NAICS 336413,Partial Refresh — Capacity Reached,High
Accepted,C,0,RFP / Solicitation,"16--FAIRING,DROGUE",DEPT OF DEFENSE.DEFENSE LOGISTICS AGENCY.DLA AVIATION.DLA AV RICHMOND.DLA AVIATION,,Solicitation,948c8b7a35664fa1a718877979aea62a,SPE4A526T386M,2026-09-02,5,336413,16,Small Business Set Aside - Total,,Not stated,,"Relevant Butler intelligence or subcontract lead, but prime feasibility is limited. Matched: dla aviation. Scope reads as hardware supply/manufacturing with no clear design, redesign, or engineering work (matched: supply-class PSC 16), so it is tracked as a subcontract/competitive-intelligence lead rather than a prime fit.",Set-aside eligibility may limit prime feasibility,Check set-aside,No obvious vehicle restriction,Unknown — check Butler contract vehicles,Requires small-business set-aside eligibility.,Prime uncertain,Check whether Butler can qualify directly or should team with an eligible prime.,small business set aside,https://sam.gov/workspace/contract/opp/948c8b7a35664fa1a718877979aea62a/view,"{'rel': 'self', 'href': 'https://api.sam.gov/prod/opportunities/v2/search?noticeid=948c8b7a35664fa1a718877979aea62a&limit=1'}","Questions regarding this solicitation should be emailed to the buyer listed in block 5 of the solicitation document which can be found under the Additional Information link.
If the Additional Information link does not work, please go to https://www.dibbs.bsm.dla.mil/Solicitations/ and type the solicitation number in the Global Search box.
",DibbsBSM@dla.mil,Primary NAICS 336413,Partial Refresh — Capacity Reached,High
Accepted,C,3,RFP / Solicitation,"15--SUPPORT,STRUCTURAL",DEPT OF DEFENSE.DEFENSE LOGISTICS AGENCY.DLA AVIATION.DLA AV RICHMOND.DLA AVIATION,,Solicitation,70bd5e38ccc146e8a8c6bbfe73da6364,SPE4A726T693R,2026-09-02,5,336413,15,,,Not stated,,"Relevant Butler intelligence or subcontract lead, but prime feasibility is limited. Matched: dla aviation. Scope reads as hardware supply/manufacturing with no clear design, redesign, or engineering work (matched: supply-class PSC 15), so it is tracked as a subcontract/competitive-intelligence lead rather than a prime fit.",None identified,Possible subcontract lead,No obvious vehicle restriction,Not Applicable,No special eligibility found in SAM.gov fields.,Prime feasible,Monitor as a direct pursuit unless attachments indicate otherwise.,None detected,https://sam.gov/workspace/contract/opp/70bd5e38ccc146e8a8c6bbfe73da6364/view,"{'rel': 'self', 'href': 'https://api.sam.gov/prod/opportunities/v2/search?noticeid=70bd5e38ccc146e8a8c6bbfe73da6364&limit=1'}","Questions regarding this solicitation should be emailed to the buyer listed in block 5 of the solicitation document which can be found under the Additional Information link.
If the Additional Information link does not work, please go to https://www.dibbs.bsm.dla.mil/Solicitations/ and type the solicitation number in the Global Search box.
",DibbsBSM@dla.mil,Primary NAICS 336413,Partial Refresh — Capacity Reached,High
Accepted,C,8,RFP / Solicitation,"16--BOOT,AIRCRAFT COMPONEN",DEPT OF DEFENSE.DEFENSE LOGISTICS AGENCY.DLA AVIATION.DLA AV RICHMOND.DLA AVIATION,,Solicitation,5bec3f4f12c84eb380d9ff6d4371e5ec,SPE4A526T388R,2026-09-02,5,336413,16,,,Not stated,,"Relevant Butler intelligence or subcontract lead, but prime feasibility is limited. Matched: aircraft, dla aviation. Scope reads as hardware supply/manufacturing with no clear design, redesign, or engineering work (matched: supply-class PSC 16), so it is tracked as a subcontract/competitive-intelligence lead rather than a prime fit.",None identified,Possible subcontract lead,No obvious vehicle restriction,Not Applicable,No special eligibility found in SAM.gov fields.,Prime feasible,Monitor as a direct pursuit unless attachments indicate otherwise.,None detected,https://sam.gov/workspace/contract/opp/5bec3f4f12c84eb380d9ff6d4371e5ec/view,"{'rel': 'self', 'href': 'https://api.sam.gov/prod/opportunities/v2/search?noticeid=5bec3f4f12c84eb380d9ff6d4371e5ec&limit=1'}","Questions regarding this solicitation should be emailed to the buyer listed in block 5 of the solicitation document which can be found under the Additional Information link.
If the Additional Information link does not work, please go to https://www.dibbs.bsm.dla.mil/Solicitations/ and type the solicitation number in the Global Search box.
",DibbsBSM@dla.mil,Primary NAICS 336413,Partial Refresh — Capacity Reached,High
Accepted,C,3,RFP / Solicitation,"16--MAST,HEATER DRAIN",DEPT OF DEFENSE.DEFENSE LOGISTICS AGENCY.DLA AVIATION.DLA AV RICHMOND.DLA AVIATION,,Solicitation,5bde05cbcbe946d9aeaab88519b2dd2f,SPE4A726T693P,2026-09-02,5,336413,16,,,Not stated,,"Relevant Butler intelligence or subcontract lead, but prime feasibility is limited. Matched: dla aviation. Scope reads as hardware supply/manufacturing with no clear design, redesign, or engineering work (matched: supply-class PSC 16), so it is tracked as a subcontract/competitive-intelligence lead rather than a prime fit.",None identified,Possible subcontract lead,No obvious vehicle restriction,Not Applicable,No special eligibility found in SAM.gov fields.,Prime feasible,Monitor as a direct pursuit unless attachments indicate otherwise.,None detected,https://sam.gov/workspace/contract/opp/5bde05cbcbe946d9aeaab88519b2dd2f/view,"{'rel': 'self', 'href': 'https://api.sam.gov/prod/opportunities/v2/search?noticeid=5bde05cbcbe946d9aeaab88519b2dd2f&limit=1'}","Questions regarding this solicitation should be emailed to the buyer listed in block 5 of the solicitation document which can be found under the Additional Information link.
If the Additional Information link does not work, please go to https://www.dibbs.bsm.dla.mil/Solicitations/ and type the solicitation number in the Global Search box.
",DibbsBSM@dla.mil,Primary NAICS 336413,Partial Refresh — Capacity Reached,High
Accepted,C,3,RFP / Solicitation,"16--HOSE ASSEMBLY,EMERGENC",DEPT OF DEFENSE.DEFENSE LOGISTICS AGENCY.DLA AVIATION.DLA AV RICHMOND.DLA AVIATION,,Solicitation,5a911a257fc94444834ee305462e8976,SPE4A726T693J,2026-09-02,5,336413,16,,,Not stated,,"Relevant Butler intelligence or subcontract lead, but prime feasibility is limited. Matched: dla aviation. Scope reads as hardware supply/manufacturing with no clear design, redesign, or engineering work (matched: supply-class PSC 16), so it is tracked as a subcontract/competitive-intelligence lead rather than a prime fit.",None identified,Possible subcontract lead,No obvious vehicle restriction,Not Applicable,No special eligibility found in SAM.gov fields.,Prime feasible,Monitor as a direct pursuit unless attachments indicate otherwise.,None detected,https://sam.gov/workspace/contract/opp/5a911a257fc94444834ee305462e8976/view,"{'rel': 'self', 'href': 'https://api.sam.gov/prod/opportunities/v2/search?noticeid=5a911a257fc94444834ee305462e8976&limit=1'}","Questions regarding this solicitation should be emailed to the buyer listed in block 5 of the solicitation document which can be found under the Additional Information link.
If the Additional Information link does not work, please go to https://www.dibbs.bsm.dla.mil/Solicitations/ and type the solicitation number in the Global Search box.
",DibbsBSM@dla.mil,Primary NAICS 336413,Partial Refresh — Capacity Reached,High
Accepted,C,3,RFP / Solicitation,"16--RETAINER,AUXILIARY",DEPT OF DEFENSE.DEFENSE LOGISTICS AGENCY.DLA AVIATION.DLA AV RICHMOND.DLA AVIATION,,Solicitation,35309719f1e14adebbd917a06d1a05ac,SPE4A726T693H,2026-09-02,5,336413,16,,,Not stated,,"Relevant Butler intelligence or subcontract lead, but prime feasibility is limited. Matched: dla aviation. Scope reads as hardware supply/manufacturing with no clear design, redesign, or engineering work (matched: supply-class PSC 16), so it is tracked as a subcontract/competitive-intelligence lead rather than a prime fit.",None identified,Possible subcontract lead,No obvious vehicle restriction,Not Applicable,No special eligibility found in SAM.gov fields.,Prime feasible,Monitor as a direct pursuit unless attachments indicate otherwise.,None detected,https://sam.gov/workspace/contract/opp/35309719f1e14adebbd917a06d1a05ac/view,"{'rel': 'self', 'href': 'https://api.sam.gov/prod/opportunities/v2/search?noticeid=35309719f1e14adebbd917a06d1a05ac&limit=1'}","Questions regarding this solicitation should be emailed to the buyer listed in block 5 of the solicitation document which can be found under the Additional Information link.
If the Additional Information link does not work, please go to https://www.dibbs.bsm.dla.mil/Solicitations/ and type the solicitation number in the Global Search box.
",DibbsBSM@dla.mil,Primary NAICS 336413,Partial Refresh — Capacity Reached,High
Accepted,C,3,RFP / Solicitation,"62--CAP,ASSY INDICATOR",DEPT OF DEFENSE.DEFENSE LOGISTICS AGENCY.DLA AVIATION.DLA AV RICHMOND.DLA AVIATION,,Solicitation,22ad147eead745dcbe20c077fb281db4,SPE4A626T22GN,2026-09-02,5,336413,62,,,Not stated,,"Relevant Butler intelligence or subcontract lead, but prime feasibility is limited. Matched: dla aviation. Scope reads as hardware supply/manufacturing with no clear design, redesign, or engineering work (matched: supply-class PSC 62), so it is tracked as a subcontract/competitive-intelligence lead rather than a prime fit.",None identified,Possible subcontract lead,No obvious vehicle restriction,Not Applicable,No special eligibility found in SAM.gov fields.,Prime feasible,Monitor as a direct pursuit unless attachments indicate otherwise.,None detected,https://sam.gov/workspace/contract/opp/22ad147eead745dcbe20c077fb281db4/view,"{'rel': 'self', 'href': 'https://api.sam.gov/prod/opportunities/v2/search?noticeid=22ad147eead745dcbe20c077fb281db4&limit=1'}","Questions regarding this solicitation should be emailed to the buyer listed in block 5 of the solicitation document which can be found under the Additional Information link.
If the Additional Information link does not work, please go to https://www.dibbs.bsm.dla.mil/Solicitations/ and type the solicitation number in the Global Search box.
",DibbsBSM@dla.mil,Primary NAICS 336413,Partial Refresh — Capacity Reached,High
Accepted,C,3,RFP / Solicitation,"53--FAIRLEAD SECTION,BLOCK",DEPT OF DEFENSE.DEFENSE LOGISTICS AGENCY.DLA AVIATION.DLA AV RICHMOND.DLA AVIATION,,Solicitation,1a5ee366547d46808d03de4f435f4c58,SPE4A726T693T,2026-09-02,5,336413,53,,,Not stated,,"Relevant Butler intelligence or subcontract lead, but prime feasibility is limited. Matched: dla aviation. Scope reads as hardware supply/manufacturing with no clear design, redesign, or engineering work (matched: supply-class PSC 53), so it is tracked as a subcontract/competitive-intelligence lead rather than a prime fit.",None identified,Possible subcontract lead,No obvious vehicle restriction,Not Applicable,No special eligibility found in SAM.gov fields.,Prime feasible,Monitor as a direct pursuit unless attachments indicate otherwise.,None detected,https://sam.gov/workspace/contract/opp/1a5ee366547d46808d03de4f435f4c58/view,"{'rel': 'self', 'href': 'https://api.sam.gov/prod/opportunities/v2/search?noticeid=1a5ee366547d46808d03de4f435f4c58&limit=1'}","Questions regarding this solicitation should be emailed to the buyer listed in block 5 of the solicitation document which can be found under the Additional Information link.
If the Additional Information link does not work, please go to https://www.dibbs.bsm.dla.mil/Solicitations/ and type the solicitation number in the Global Search box.
",DibbsBSM@dla.mil,Primary NAICS 336413,Partial Refresh — Capacity Reached,High
Accepted,C,5,RFP / Solicitation,"15--FAIRING,AIRCRAFT",DEPT OF DEFENSE.DEFENSE LOGISTICS AGENCY.DLA AVIATION.DLA AV RICHMOND.DLA AVIATION,,Solicitation,08cb32479f0f436aa58c369151d1359b,SPE4A726T690W,2026-09-02,5,336413,15,Small Business Set Aside - Total,,Not stated,,"Relevant Butler intelligence or subcontract lead, but prime feasibility is limited. Matched: aircraft, dla aviation. Scope reads as hardware supply/manufacturing with no clear design, redesign, or engineering work (matched: supply-class PSC 15), so it is tracked as a subcontract/competitive-intelligence lead rather than a prime fit.",Set-aside eligibility may limit prime feasibility,Check set-aside,No obvious vehicle restriction,Unknown — check Butler contract vehicles,Requires small-business set-aside eligibility.,Prime uncertain,Check whether Butler can qualify directly or should team with an eligible prime.,small business set aside,https://sam.gov/workspace/contract/opp/08cb32479f0f436aa58c369151d1359b/view,"{'rel': 'self', 'href': 'https://api.sam.gov/prod/opportunities/v2/search?noticeid=08cb32479f0f436aa58c369151d1359b&limit=1'}","Questions regarding this solicitation should be emailed to the buyer listed in block 5 of the solicitation document which can be found under the Additional Information link.
If the Additional Information link does not work, please go to https://www.dibbs.bsm.dla.mil/Solicitations/ and type the solicitation number in the Global Search box.
",DibbsBSM@dla.mil,Primary NAICS 336413,Partial Refresh — Capacity Reached,High
Accepted,C,3,RFP / Solicitation,"16--PARTS KIT,ELECTRO-M",DEPT OF DEFENSE.DEFENSE LOGISTICS AGENCY.DLA AVIATION.DLA AV RICHMOND.DLA AVIATION,,Solicitation,00f44d00e11d4119b2be524ac28bf4f7,SPE4A726T693F,2026-09-02,5,336413,16,,,Not stated,,"Relevant Butler intelligence or subcontract lead, but prime feasibility is limited. Matched: dla aviation. Scope reads as hardware supply/manufacturing with no clear design, redesign, or engineering work (matched: supply-class PSC 16), so it is tracked as a subcontract/competitive-intelligence lead rather than a prime fit.",None identified,Possible subcontract lead,No obvious vehicle restriction,Not Applicable,No special eligibility found in SAM.gov fields.,Prime feasible,Monitor as a direct pursuit unless attachments indicate otherwise.,None detected,https://sam.gov/workspace/contract/opp/00f44d00e11d4119b2be524ac28bf4f7/view,"{'rel': 'self', 'href': 'https://api.sam.gov/prod/opportunities/v2/search?noticeid=00f44d00e11d4119b2be524ac28bf4f7&limit=1'}","Questions regarding this solicitation should be emailed to the buyer listed in block 5 of the solicitation document which can be found under the Additional Information link.
If the Additional Information link does not work, please go to https://www.dibbs.bsm.dla.mil/Solicitations/ and type the solicitation number in the Global Search box.
",DibbsBSM@dla.mil,Primary NAICS 336413,Partial Refresh — Capacity Reached,High
Accepted,C,3,Low-Feasibility / J&A,Notice of Intent to Sole Source Radio Frequency (RF) Emissions Testing  (PSNS & IMF),DEPT OF DEFENSE.DEPT OF THE NAVY.NAVSEA.NAVSEA SHIPYARD.PUGET SOUND NAVAL SHIPYARD IMF,,Special Notice,0dd3c7342b3f49b08d7de38264c05f29,N4523A26Q1332,2026-09-02,5,541380,H258,No Set aside used,"Minnesota, UNITED STATES",Not stated,,"Relevant Butler intelligence or subcontract lead, but prime feasibility is limited. Matched: testing, navy, navsea. Attachment text was included in the screen.",Sole-source/OEM/brand-name restriction detected,Check incumbent,No obvious vehicle restriction,Not Applicable,No special eligibility found in SAM.gov fields.,Prime unlikely,Monitor as a direct pursuit unless attachments indicate otherwise.,sole source; intent to sole source,https://sam.gov/workspace/contract/opp/0dd3c7342b3f49b08d7de38264c05f29/view,"https://sam.gov/api/prod/opps/v3/opportunities/resources/files/4bc223e9880c4c28a01120a6eafd5946/download
https://sam.gov/api/prod/opps/v3/opportunities/resources/files/d32190c6bdc24edeb479accd539f0331/download
{'rel': 'self', 'href': 'https://api.sam.gov/prod/opportunities/v2/search?noticeid=0dd3c7342b3f49b08d7de38264c05f29&limit=1'}",Rolf Jacobson,rolf.a.jacobson.civ@us.navy.mil,Primary NAICS 541380,Partial Refresh — Capacity Reached,High — attachment text read
Accepted,C,-5,Sources Sought / RFI,Request for Information (RFI)- Aerostat Envelope,"HOMELAND SECURITY, DEPARTMENT OF.US CUSTOMS AND BORDER PROTECTION.AIR AND MARINE CONTRACTING DIVISION",,Sources Sought,31bb8e550a9b4048a04e1c0ab7eefbc4,2016XXXX,2026-09-01,4,336411,1510,,"51595, District of Columbia, UNITED STATES",Not stated,,"Relevant Butler intelligence or subcontract lead, but prime feasibility is limited. Attachment text was included in the screen. Scope reads as hardware supply/manufacturing with no clear design, redesign, or engineering work (matched: supply-class PSC 1510), so it is tracked as a subcontract/competitive-intelligence lead rather than a prime fit.",None identified,Possible subcontract lead,No obvious vehicle restriction,Not Applicable,No special eligibility found in SAM.gov fields.,Prime feasible,Monitor as a direct pursuit unless attachments indicate otherwise.,None detected,https://sam.gov/workspace/contract/opp/31bb8e550a9b4048a04e1c0ab7eefbc4/view,"https://sam.gov/api/prod/opps/v3/opportunities/resources/files/5595efd96e0e49279e7b32a6d1708b27/download
https://sam.gov/api/prod/opps/v3/opportunities/resources/files/cfa47306ff6646a7a6ef3d44a1925db7/download
https://sam.gov/api/prod/opps/v3/opportunities/resources/files/d0a48a10feb94b209edb236eb0375ae2/download
{'rel': 'self', 'href': 'https://api.sam.gov/prod/opportunities/v2/search?noticeid=31bb8e550a9b4048a04e1c0ab7eefbc4&limit=1'}",Leslie Lozano,leslie.lozano@cbp.dhs.gov,Primary NAICS 336411,Partial Refresh — Capacity Reached,High — attachment text read
Accepted,C,0,RFP / Solicitation,"16--TURBINE WHEEL,AIRCR",DEPT OF DEFENSE.DEFENSE LOGISTICS AGENCY.DLA AVIATION.DLA AV RICHMOND.DLA AVIATION,,Solicitation,ade46134807c46b5af7f895b4ff15396,SPE4A526T384M,2026-09-01,4,336411,16,,,Not stated,,"Relevant Butler intelligence or subcontract lead, but prime feasibility is limited. Matched: dla aviation. Scope reads as hardware supply/manufacturing with no clear design, redesign, or engineering work (matched: supply-class PSC 16), so it is tracked as a subcontract/competitive-intelligence lead rather than a prime fit.",None identified,Possible subcontract lead,No obvious vehicle restriction,Not Applicable,No special eligibility found in SAM.gov fields.,Prime feasible,Monitor as a direct pursuit unless attachments indicate otherwise.,None detected,https://sam.gov/workspace/contract/opp/ade46134807c46b5af7f895b4ff15396/view,"{'rel': 'self', 'href': 'https://api.sam.gov/prod/opportunities/v2/search?noticeid=ade46134807c46b5af7f895b4ff15396&limit=1'}","Questions regarding this solicitation should be emailed to the buyer listed in block 5 of the solicitation document which can be found under the Additional Information link.
If the Additional Information link does not work, please go to https://www.dibbs.bsm.dla.mil/Solicitations/ and type the solicitation number in the Global Search box.
",DibbsBSM@dla.mil,Primary NAICS 336411,Partial Refresh — Capacity Reached,High
Accepted,C,-3,RFP / Solicitation,sUAS Training Drone,DEPT OF DEFENSE.DEPT OF THE AIR FORCE.AIR EDUCATION AND TRAINING COMMAND.FA3020  82 CONS LGC,,Solicitation,8416871e05e34ebdba444bc270852fd9,FA302026Q0105,2026-09-01,4,336411,1550,Small Business Set Aside - Total,"Fort Leonard Wood, Missouri, UNITED STATES",Not stated,,"Relevant Butler intelligence or subcontract lead, but prime feasibility is limited. Matched: air force. Attachment text was included in the screen. Scope reads as hardware supply/manufacturing with no clear design, redesign, or engineering work (matched: supply-class PSC 1550), so it is tracked as a subcontract/competitive-intelligence lead rather than a prime fit.",Set-aside eligibility may limit prime feasibility,Check set-aside,No obvious vehicle restriction,Unknown — check Butler contract vehicles,Requires small-business set-aside eligibility.,Prime uncertain,Check whether Butler can qualify directly or should team with an eligible prime.,small business set aside,https://sam.gov/workspace/contract/opp/8416871e05e34ebdba444bc270852fd9/view,"https://sam.gov/api/prod/opps/v3/opportunities/resources/files/0893b914ce1b48fc93615c65bfa5dc64/download
https://sam.gov/api/prod/opps/v3/opportunities/resources/files/263f3d6551aa4a089cb2b71d5c4824c6/download
https://sam.gov/api/prod/opps/v3/opportunities/resources/files/5485be925c354e2b96342cd503a3b9fd/download
https://sam.gov/api/prod/opps/v3/opportunities/resources/files/d73659e38fe24c05836d5a6108c97684/download
https://sam.gov/api/prod/opps/v3/opportunities/resources/files/da63e9a1c7414ef5b65afb07d576b0a9/download
{'rel': 'self', 'href': 'https://api.sam.gov/prod/opportunities/v2/search?noticeid=8416871e05e34ebdba444bc270852fd9&limit=1'}",Mark Baker,mark.baker.29@us.af.mil,Primary NAICS 336411,Partial Refresh — Capacity Reached,High — attachment text read
Accepted,C,5,RFP / Solicitation,"15--STRINGER,AIRCRAFT",DEPT OF DEFENSE.DEFENSE LOGISTICS AGENCY.DLA AVIATION.DLA AV RICHMOND.DLA AVIATION,,Solicitation,3aedd1f5969b45faa4cc11c6bac7f0c3,SPE4A726T689D,2026-09-01,4,336411,15,,,Not stated,,"Relevant Butler intelligence or subcontract lead, but prime feasibility is limited. Matched: aircraft, dla aviation. Scope reads as hardware supply/manufacturing with no clear design, redesign, or engineering work (matched: supply-class PSC 15), so it is tracked as a subcontract/competitive-intelligence lead rather than a prime fit.",None identified,Possible subcontract lead,No obvious vehicle restriction,Not Applicable,No special eligibility found in SAM.gov fields.,Prime feasible,Monitor as a direct pursuit unless attachments indicate otherwise.,None detected,https://sam.gov/workspace/contract/opp/3aedd1f5969b45faa4cc11c6bac7f0c3/view,"{'rel': 'self', 'href': 'https://api.sam.gov/prod/opportunities/v2/search?noticeid=3aedd1f5969b45faa4cc11c6bac7f0c3&limit=1'}","Questions regarding this solicitation should be emailed to the buyer listed in block 5 of the solicitation document which can be found under the Additional Information link.
If the Additional Information link does not work, please go to https://www.dibbs.bsm.dla.mil/Solicitations/ and type the solicitation number in the Global Search box.
",DibbsBSM@dla.mil,Primary NAICS 336411,Partial Refresh — Capacity Reached,High
Accepted,C,-3,RFP / Solicitation,"16--DUCT ASSEMBLY,AIR C",DEPT OF DEFENSE.DEFENSE LOGISTICS AGENCY.DLA AVIATION.DLA AV RICHMOND.DLA AVIATION,,Solicitation,17eb1aa4ad4b47e4bc71486a24744c5d,SPE4A726T687X,2026-09-01,4,336411,16,SBA Certified Women-Owned Small Business (WOSB) Program Set-Aside (FAR 19.15),,Not stated,,"Relevant Butler intelligence or subcontract lead, but prime feasibility is limited. Matched: dla aviation. Scope reads as hardware supply/manufacturing with no clear design, redesign, or engineering work (matched: supply-class PSC 16), so it is tracked as a subcontract/competitive-intelligence lead rather than a prime fit.",Set-aside eligibility may limit prime feasibility,Check set-aside,No obvious vehicle restriction,Unknown — check Butler contract vehicles,Requires small-business set-aside eligibility.,Prime uncertain,Check whether Butler can qualify directly or should team with an eligible prime.,wosb,https://sam.gov/workspace/contract/opp/17eb1aa4ad4b47e4bc71486a24744c5d/view,"{'rel': 'self', 'href': 'https://api.sam.gov/prod/opportunities/v2/search?noticeid=17eb1aa4ad4b47e4bc71486a24744c5d&limit=1'}","Questions regarding this solicitation should be emailed to the buyer listed in block 5 of the solicitation document which can be found under the Additional Information link.
If the Additional Information link does not work, please go to https://www.dibbs.bsm.dla.mil/Solicitations/ and type the solicitation number in the Global Search box.
",DibbsBSM@dla.mil,Primary NAICS 336411,Partial Refresh — Capacity Reached,High
Accepted,C,0,RFP / Solicitation,"29--SEPARATOR,PARTICLE,",DEPT OF DEFENSE.DEFENSE LOGISTICS AGENCY.DLA AVIATION.DLA AV RICHMOND.DLA AVIATION,,Solicitation,8c33d6690b9749c4a7f185233bc090ae,SPE4A726T688L,2026-09-01,4,336412,29,,,Not stated,,"Relevant Butler intelligence or subcontract lead, but prime feasibility is limited. Matched: dla aviation. Scope reads as hardware supply/manufacturing with no clear design, redesign, or engineering work (matched: supply-class PSC 29), so it is tracked as a subcontract/competitive-intelligence lead rather than a prime fit.",None identified,Possible subcontract lead,No obvious vehicle restriction,Not Applicable,No special eligibility found in SAM.gov fields.,Prime feasible,Monitor as a direct pursuit unless attachments indicate otherwise.,None detected,https://sam.gov/workspace/contract/opp/8c33d6690b9749c4a7f185233bc090ae/view,"{'rel': 'self', 'href': 'https://api.sam.gov/prod/opportunities/v2/search?noticeid=8c33d6690b9749c4a7f185233bc090ae&limit=1'}","Questions regarding this solicitation should be emailed to the buyer listed in block 5 of the solicitation document which can be found under the Additional Information link.
If the Additional Information link does not work, please go to https://www.dibbs.bsm.dla.mil/Solicitations/ and type the solicitation number in the Global Search box.
",DibbsBSM@dla.mil,Primary NAICS 336412,Partial Refresh — Capacity Reached,High
Accepted,C,-5,RFP / Solicitation,Purchase of Windshield AY,"HOMELAND SECURITY, DEPARTMENT OF.US COAST GUARD.AVIATION LOGISTICS CENTER (ALC)(00038)",,Solicitation,ff58add5035746f38483517032ab0264,70Z03826QJ0000344,2026-09-01,4,336413,1560,,,Not stated,,"Relevant Butler intelligence or subcontract lead, but prime feasibility is limited. Attachment text was included in the screen. Scope reads as hardware supply/manufacturing with no clear design, redesign, or engineering work (matched: purchase of, supply-class PSC 1560), so it is tracked as a subcontract/competitive-intelligence lead rather than a prime fit.",None identified,Possible subcontract lead,No obvious vehicle restriction,Not Applicable,No special eligibility found in SAM.gov fields.,Prime feasible,Monitor as a direct pursuit unless attachments indicate otherwise.,None detected,https://sam.gov/workspace/contract/opp/ff58add5035746f38483517032ab0264/view,"https://sam.gov/api/prod/opps/v3/opportunities/resources/files/e3f68b6059634762974f80a8d607b8a6/download
{'rel': 'self', 'href': 'https://api.sam.gov/prod/opportunities/v2/search?noticeid=ff58add5035746f38483517032ab0264&limit=1'}",Cayce Copley,cayce.a.copley2@uscg.mil,Primary NAICS 336413,Partial Refresh — Capacity Reached,High — attachment text read
Accepted,C,0,RFP / Solicitation,ACTUATOR D454,"DEPT OF DEFENSE.DEFENSE LOGISTICS AGENCY.DLA AVIATION.DLA AVIATION PHILADELPHIA.DLA AVIATION AT PHILADELPHIA, PA",,Solicitation,e1d99ee671de4ad7ad8ab017f89548b9,SPRPA126QWC02,2026-09-01,4,336413,1680,,,Not stated,,"Relevant Butler intelligence or subcontract lead, but prime feasibility is limited. Matched: dla aviation. Scope reads as hardware supply/manufacturing with no clear design, redesign, or engineering work (matched: supply-class PSC 1680), so it is tracked as a subcontract/competitive-intelligence lead rather than a prime fit.",None identified,Possible subcontract lead,No obvious vehicle restriction,Not Applicable,No special eligibility found in SAM.gov fields.,Prime feasible,Monitor as a direct pursuit unless attachments indicate otherwise.,None detected,https://sam.gov/workspace/contract/opp/e1d99ee671de4ad7ad8ab017f89548b9/view,"{'rel': 'self', 'href': 'https://api.sam.gov/prod/opportunities/v2/search?noticeid=e1d99ee671de4ad7ad8ab017f89548b9&limit=1'}",Electronic Mail: NASEEM.AOUN@DLA.MIL,NASEEM.AOUN@DLA.MIL,Primary NAICS 336413,Partial Refresh — Capacity Reached,High
Accepted,C,-5,RFP / Solicitation,Procurement of Various Floor Assemblies,"HOMELAND SECURITY, DEPARTMENT OF.US COAST GUARD.AVIATION LOGISTICS CENTER (ALC)(00038)",,Solicitation,b0caf5ade7c7466ca9c98c49c102cee0,70Z03826QJ0000345,2026-09-01,4,336413,1560,No Set aside used,,Not stated,,"Relevant Butler intelligence or subcontract lead, but prime feasibility is limited. Attachment text was included in the screen. Scope reads as hardware supply/manufacturing with no clear design, redesign, or engineering work (matched: procurement of, supply-class PSC 1560), so it is tracked as a subcontract/competitive-intelligence lead rather than a prime fit.",None identified,Possible subcontract lead,No obvious vehicle restriction,Not Applicable,No special eligibility found in SAM.gov fields.,Prime feasible,Monitor as a direct pursuit unless attachments indicate otherwise.,None detected,https://sam.gov/workspace/contract/opp/b0caf5ade7c7466ca9c98c49c102cee0/view,"https://sam.gov/api/prod/opps/v3/opportunities/resources/files/08722a5b343c4255a1cd7e383e324454/download
https://sam.gov/api/prod/opps/v3/opportunities/resources/files/af573c7b83e74109b0fc41d1c7ce780d/download
https://sam.gov/api/prod/opps/v3/opportunities/resources/files/eb512fdf03c24f72b2d90f9d19ca4915/download
{'rel': 'self', 'href': 'https://api.sam.gov/prod/opportunities/v2/search?noticeid=b0caf5ade7c7466ca9c98c49c102cee0&limit=1'}",Tiffany Cherry,tiffany.r.cherry2@uscg.mil,Primary NAICS 336413,Partial Refresh — Capacity Reached,High — attachment text read
Accepted,C,-3,RFP / Solicitation,Pillow Block Plates,DEPT OF DEFENSE.DEPT OF THE AIR FORCE.AIR FORCE MATERIEL COMMAND.AIR FORCE LIFE CYCLE MANAGEMENT CENTER.CYBER AND NETWORKS.FA8307  AFLCMC HNCK HNC CYBER & NTR,,Solicitation,957872689a3f4f1f8c4c2df138dfc6bd,F3KTK76106AW02,2026-09-01,4,336413,9535,Small Business Set Aside - Total,UNITED STATES,Not stated,,"Relevant Butler intelligence or subcontract lead, but prime feasibility is limited. Matched: air force, aflcmc. Scope reads as hardware supply/manufacturing with no clear design, redesign, or engineering work (matched: supply-class PSC 9535), so it is tracked as a subcontract/competitive-intelligence lead rather than a prime fit.",Set-aside eligibility may limit prime feasibility,Check set-aside,No obvious vehicle restriction,Unknown — check Butler contract vehicles,Requires small-business set-aside eligibility.,Prime uncertain,Check whether Butler can qualify directly or should team with an eligible prime.,small business set aside,https://sam.gov/workspace/contract/opp/957872689a3f4f1f8c4c2df138dfc6bd/view,"{'rel': 'self', 'href': 'https://api.sam.gov/prod/opportunities/v2/search?noticeid=957872689a3f4f1f8c4c2df138dfc6bd&limit=1'}",Latoya Perry-Jenkins,latoya.perry-jenkins.ctr@us.af.mil,Primary NAICS 336413,Partial Refresh — Capacity Reached,High
Accepted,C,0,RFP / Solicitation,"SPRPA1-25-R-EH58 - PROBE,REFUELING,AIR","DEPT OF DEFENSE.DEFENSE LOGISTICS AGENCY.DLA AVIATION.DLA AVIATION PHILADELPHIA.DLA AVIATION AT PHILADELPHIA, PA",,Solicitation,65666e1b7e7c4c2197bd8e1077e5cb37,016758303,2026-09-01,4,336413,1560,,"WIMBORNE, Dorset, UNITED KINGDOM",Not stated,,"Relevant Butler intelligence or subcontract lead, but prime feasibility is limited. Matched: dla aviation. Attachment text was included in the screen. Scope reads as hardware supply/manufacturing with no clear design, redesign, or engineering work (matched: supply-class PSC 1560), so it is tracked as a subcontract/competitive-intelligence lead rather than a prime fit.",None identified,Possible subcontract lead,No obvious vehicle restriction,Not Applicable,No special eligibility found in SAM.gov fields.,Prime feasible,Monitor as a direct pursuit unless attachments indicate otherwise.,None detected,https://sam.gov/workspace/contract/opp/65666e1b7e7c4c2197bd8e1077e5cb37/view,"https://sam.gov/api/prod/opps/v3/opportunities/resources/files/8f52c0f4b77d4c8080f94d48e901c94c/download
{'rel': 'self', 'href': 'https://api.sam.gov/prod/opportunities/v2/search?noticeid=65666e1b7e7c4c2197bd8e1077e5cb37&limit=1'}",Casey Stock 610-737-1613,Casey.Stock@dla.mil,Primary NAICS 336413,Partial Refresh — Capacity Reached,High — attachment text read
Accepted,C,0,RFP / Solicitation,"CYLINDER ASSEMBLY, R - 261350001",DEPT OF DEFENSE.DEPT OF THE NAVY.NAVSUP.NAVSUP WEAPON SYSTEMS SUPPORT.NAVSUP WSS PHILADELPHIA.NAVSUP WEAPON SYSTEMS SUPPORT,,Solicitation,d00869d3734f4a5ea0cf8e806671b300,261350001,2026-09-01,4,336413,1680,No Set aside used,"25095, New York, UNITED STATES",Not stated,,"Relevant Butler intelligence or subcontract lead, but prime feasibility is limited. Matched: navy, navsup. Scope reads as hardware supply/manufacturing with no clear design, redesign, or engineering work (matched: supply-class PSC 1680), so it is tracked as a subcontract/competitive-intelligence lead rather than a prime fit.",None identified,Possible subcontract lead,No obvious vehicle restriction,Not Applicable,No special eligibility found in SAM.gov fields.,Prime feasible,Monitor as a direct pursuit unless attachments indicate otherwise.,None detected,https://sam.gov/workspace/contract/opp/d00869d3734f4a5ea0cf8e806671b300/view,"{'rel': 'self', 'href': 'https://api.sam.gov/prod/opportunities/v2/search?noticeid=d00869d3734f4a5ea0cf8e806671b300&limit=1'}",Brett Killen,brett.m.killen.civ@us.navy.mil,Primary NAICS 336413,Partial Refresh — Capacity Reached,High
Accepted,C,2,RFP / Solicitation,"17--LADDER,AIRCRAFT BOARDI",DEPT OF DEFENSE.DEFENSE LOGISTICS AGENCY.TROOP SUPPORT CONSTRUCTION & EQUIPMENT.DLA TROOP SUPPORT,,Solicitation,8480c9b39cc34e39b9937be7a7b1dd14,SPE8EF26Q0188,2026-09-01,4,336413,17,,,Not stated,,"Relevant Butler intelligence or subcontract lead, but prime feasibility is limited. Matched: aircraft. Scope reads as hardware supply/manufacturing with no clear design, redesign, or engineering work (matched: supply-class PSC 17), so it is tracked as a subcontract/competitive-intelligence lead rather than a prime fit.",None identified,Possible subcontract lead,No obvious vehicle restriction,Not Applicable,No special eligibility found in SAM.gov fields.,Prime feasible,Monitor as a direct pursuit unless attachments indicate otherwise.,None detected,https://sam.gov/workspace/contract/opp/8480c9b39cc34e39b9937be7a7b1dd14/view,"{'rel': 'self', 'href': 'https://api.sam.gov/prod/opportunities/v2/search?noticeid=8480c9b39cc34e39b9937be7a7b1dd14&limit=1'}","Questions regarding this solicitation should be emailed to the buyer listed in block 5 of the solicitation document which can be found under the Additional Information link.
If the Additional Information link does not work, please go to https://www.dibbs.bsm.dla.mil/Solicitations/ and type the solicitation number in the Global Search box.
",DibbsBSM@dla.mil,Primary NAICS 336413,Partial Refresh — Capacity Reached,High
Accepted,C,-3,RFP / Solicitation,"15--SUPPORT ASSEMBLY,SE",DEPT OF DEFENSE.DEFENSE LOGISTICS AGENCY.DLA AVIATION.DLA AV RICHMOND.DLA AVIATION,,Solicitation,bb17b50b7fd84789b5bf69c2f21ca494,SPE4A726T688H,2026-09-01,4,336413,15,Small Business Set Aside - Total,,Not stated,,"Relevant Butler intelligence or subcontract lead, but prime feasibility is limited. Matched: dla aviation. Scope reads as hardware supply/manufacturing with no clear design, redesign, or engineering work (matched: supply-class PSC 15), so it is tracked as a subcontract/competitive-intelligence lead rather than a prime fit.",Set-aside eligibility may limit prime feasibility,Check set-aside,No obvious vehicle restriction,Unknown — check Butler contract vehicles,Requires small-business set-aside eligibility.,Prime uncertain,Check whether Butler can qualify directly or should team with an eligible prime.,small business set aside,https://sam.gov/workspace/contract/opp/bb17b50b7fd84789b5bf69c2f21ca494/view,"{'rel': 'self', 'href': 'https://api.sam.gov/prod/opportunities/v2/search?noticeid=bb17b50b7fd84789b5bf69c2f21ca494&limit=1'}","Questions regarding this solicitation should be emailed to the buyer listed in block 5 of the solicitation document which can be found under the Additional Information link.
If the Additional Information link does not work, please go to https://www.dibbs.bsm.dla.mil/Solicitations/ and type the solicitation number in the Global Search box.
",DibbsBSM@dla.mil,Primary NAICS 336413,Partial Refresh — Capacity Reached,High
Accepted,C,0,RFP / Solicitation,"15--DUCT,BLEED AIR",DEPT OF DEFENSE.DEFENSE LOGISTICS AGENCY.DLA AVIATION.DLA AV RICHMOND.DLA AVIATION,,Solicitation,82a1741a0e6542d1be672bb47986ae3e,SPE4A726T688B,2026-09-01,4,336413,15,,,Not stated,,"Relevant Butler intelligence or subcontract lead, but prime feasibility is limited. Matched: dla aviation. Scope reads as hardware supply/manufacturing with no clear design, redesign, or engineering work (matched: supply-class PSC 15), so it is tracked as a subcontract/competitive-intelligence lead rather than a prime fit.",None identified,Possible subcontract lead,No obvious vehicle restriction,Not Applicable,No special eligibility found in SAM.gov fields.,Prime feasible,Monitor as a direct pursuit unless attachments indicate otherwise.,None detected,https://sam.gov/workspace/contract/opp/82a1741a0e6542d1be672bb47986ae3e/view,"{'rel': 'self', 'href': 'https://api.sam.gov/prod/opportunities/v2/search?noticeid=82a1741a0e6542d1be672bb47986ae3e&limit=1'}","Questions regarding this solicitation should be emailed to the buyer listed in block 5 of the solicitation document which can be found under the Additional Information link.
If the Additional Information link does not work, please go to https://www.dibbs.bsm.dla.mil/Solicitations/ and type the solicitation number in the Global Search box.
",DibbsBSM@dla.mil,Primary NAICS 336413,Partial Refresh — Capacity Reached,High
Accepted,C,0,RFP / Solicitation,"15--PANEL,STRUCTURAL,AI",DEPT OF DEFENSE.DEFENSE LOGISTICS AGENCY.DLA AVIATION.DLA AV RICHMOND.DLA AVIATION,,Solicitation,7e399176415443d480b3157622217aaa,SPE4A526T386B,2026-09-01,4,336413,15,,,Not stated,,"Relevant Butler intelligence or subcontract lead, but prime feasibility is limited. Matched: dla aviation. Scope reads as hardware supply/manufacturing with no clear design, redesign, or engineering work (matched: supply-class PSC 15), so it is tracked as a subcontract/competitive-intelligence lead rather than a prime fit.",None identified,Possible subcontract lead,No obvious vehicle restriction,Not Applicable,No special eligibility found in SAM.gov fields.,Prime feasible,Monitor as a direct pursuit unless attachments indicate otherwise.,None detected,https://sam.gov/workspace/contract/opp/7e399176415443d480b3157622217aaa/view,"{'rel': 'self', 'href': 'https://api.sam.gov/prod/opportunities/v2/search?noticeid=7e399176415443d480b3157622217aaa&limit=1'}","Questions regarding this solicitation should be emailed to the buyer listed in block 5 of the solicitation document which can be found under the Additional Information link.
If the Additional Information link does not work, please go to https://www.dibbs.bsm.dla.mil/Solicitations/ and type the solicitation number in the Global Search box.
",DibbsBSM@dla.mil,Primary NAICS 336413,Partial Refresh — Capacity Reached,High
Accepted,C,0,RFP / Solicitation,15--WEDGE ASSEMBLY,DEPT OF DEFENSE.DEFENSE LOGISTICS AGENCY.DLA AVIATION.DLA AV RICHMOND.DLA AVIATION,,Solicitation,6e0e93e0ba4b4224acd2e5e596b5055e,SPE4A726T687R,2026-09-01,4,336413,15,,,Not stated,,"Relevant Butler intelligence or subcontract lead, but prime feasibility is limited. Matched: dla aviation. Scope reads as hardware supply/manufacturing with no clear design, redesign, or engineering work (matched: supply-class PSC 15), so it is tracked as a subcontract/competitive-intelligence lead rather than a prime fit.",None identified,Possible subcontract lead,No obvious vehicle restriction,Not Applicable,No special eligibility found in SAM.gov fields.,Prime feasible,Monitor as a direct pursuit unless attachments indicate otherwise.,None detected,https://sam.gov/workspace/contract/opp/6e0e93e0ba4b4224acd2e5e596b5055e/view,"{'rel': 'self', 'href': 'https://api.sam.gov/prod/opportunities/v2/search?noticeid=6e0e93e0ba4b4224acd2e5e596b5055e&limit=1'}","Questions regarding this solicitation should be emailed to the buyer listed in block 5 of the solicitation document which can be found under the Additional Information link.
If the Additional Information link does not work, please go to https://www.dibbs.bsm.dla.mil/Solicitations/ and type the solicitation number in the Global Search box.
",DibbsBSM@dla.mil,Primary NAICS 336413,Partial Refresh — Capacity Reached,High
Accepted,C,0,RFP / Solicitation,"16--HOUSING ASSEMBLY,GOVER",DEPT OF DEFENSE.DEFENSE LOGISTICS AGENCY.DLA AVIATION.DLA AV RICHMOND.DLA AVIATION,,Solicitation,677ac857281443b184fb45866f4f0372,SPE4A526T384L,2026-09-01,4,336413,16,,,Not stated,,"Relevant Butler intelligence or subcontract lead, but prime feasibility is limited. Matched: dla aviation. Scope reads as hardware supply/manufacturing with no clear design, redesign, or engineering work (matched: supply-class PSC 16), so it is tracked as a subcontract/competitive-intelligence lead rather than a prime fit.",None identified,Possible subcontract lead,No obvious vehicle restriction,Not Applicable,No special eligibility found in SAM.gov fields.,Prime feasible,Monitor as a direct pursuit unless attachments indicate otherwise.,None detected,https://sam.gov/workspace/contract/opp/677ac857281443b184fb45866f4f0372/view,"{'rel': 'self', 'href': 'https://api.sam.gov/prod/opportunities/v2/search?noticeid=677ac857281443b184fb45866f4f0372&limit=1'}","Questions regarding this solicitation should be emailed to the buyer listed in block 5 of the solicitation document which can be found under the Additional Information link.
If the Additional Information link does not work, please go to https://www.dibbs.bsm.dla.mil/Solicitations/ and type the solicitation number in the Global Search box.
",DibbsBSM@dla.mil,Primary NAICS 336413,Partial Refresh — Capacity Reached,High
Accepted,C,0,RFP / Solicitation,"15--VALVE ASSEMBLY,AIR",DEPT OF DEFENSE.DEFENSE LOGISTICS AGENCY.DLA AVIATION.DLA AV RICHMOND.DLA AVIATION,,Solicitation,268510cbdbe64bcd9dc458d9952a4ecd,SPE4A626T21VF,2026-09-01,4,336413,15,,,Not stated,,"Relevant Butler intelligence or subcontract lead, but prime feasibility is limited. Matched: dla aviation. Scope reads as hardware supply/manufacturing with no clear design, redesign, or engineering work (matched: supply-class PSC 15), so it is tracked as a subcontract/competitive-intelligence lead rather than a prime fit.",None identified,Possible subcontract lead,No obvious vehicle restriction,Not Applicable,No special eligibility found in SAM.gov fields.,Prime feasible,Monitor as a direct pursuit unless attachments indicate otherwise.,None detected,https://sam.gov/workspace/contract/opp/268510cbdbe64bcd9dc458d9952a4ecd/view,"{'rel': 'self', 'href': 'https://api.sam.gov/prod/opportunities/v2/search?noticeid=268510cbdbe64bcd9dc458d9952a4ecd&limit=1'}","Questions regarding this solicitation should be emailed to the buyer listed in block 5 of the solicitation document which can be found under the Additional Information link.
If the Additional Information link does not work, please go to https://www.dibbs.bsm.dla.mil/Solicitations/ and type the solicitation number in the Global Search box.
",DibbsBSM@dla.mil,Primary NAICS 336413,Partial Refresh — Capacity Reached,High
Accepted,C,-3,RFP / Solicitation,14--CABLE DRUM ASSEMBLY,DEPT OF DEFENSE.DEFENSE LOGISTICS AGENCY.DLA AVIATION.DLA AV RICHMOND.DLA AVIATION,,Solicitation,dd39aef118a7429ab7d605e113bb0c16,SPE4A626T21WZ,2026-09-01,4,336415,14,Small Business Set Aside - Total,,Not stated,,"Relevant Butler intelligence or subcontract lead, but prime feasibility is limited. Matched: dla aviation. Scope reads as hardware supply/manufacturing with no clear design, redesign, or engineering work (matched: supply-class PSC 14), so it is tracked as a subcontract/competitive-intelligence lead rather than a prime fit.",Set-aside eligibility may limit prime feasibility,Check set-aside,No obvious vehicle restriction,Unknown — check Butler contract vehicles,Requires small-business set-aside eligibility.,Prime uncertain,Check whether Butler can qualify directly or should team with an eligible prime.,small business set aside,https://sam.gov/workspace/contract/opp/dd39aef118a7429ab7d605e113bb0c16/view,"{'rel': 'self', 'href': 'https://api.sam.gov/prod/opportunities/v2/search?noticeid=dd39aef118a7429ab7d605e113bb0c16&limit=1'}","Questions regarding this solicitation should be emailed to the buyer listed in block 5 of the solicitation document which can be found under the Additional Information link.
If the Additional Information link does not work, please go to https://www.dibbs.bsm.dla.mil/Solicitations/ and type the solicitation number in the Global Search box.
",DibbsBSM@dla.mil,Primary NAICS 336415,Partial Refresh — Capacity Reached,High
Accepted,C,-1,RFP / Solicitation,UAS Brand Name Skydio,"JUSTICE, DEPARTMENT OF.ATF ACQUISITION AND PROPERTY MGMT DIV.ATF | ACQUISITIONS MANAGEMENT DIVISION",,Solicitation,101032d3173c46618620de3c96e6c525,15A00026Q00000092,2026-08-31,3,336411,1550,Small Business Set Aside - Total,"Darien, Illinois, UNITED STATES",Not stated,,"Relevant Butler intelligence or subcontract lead, but prime feasibility is limited. Matched: uas. Attachment text was included in the screen. Scope reads as hardware supply/manufacturing with no clear design, redesign, or engineering work (matched: supply-class PSC 1550), so it is tracked as a subcontract/competitive-intelligence lead rather than a prime fit.",Set-aside eligibility may limit prime feasibility,Check set-aside,No obvious vehicle restriction,Unknown — check Butler contract vehicles,Requires small-business set-aside eligibility.,Prime uncertain,Check whether Butler can qualify directly or should team with an eligible prime.,small business set aside,https://sam.gov/workspace/contract/opp/101032d3173c46618620de3c96e6c525/view,"https://sam.gov/api/prod/opps/v3/opportunities/resources/files/1c8e471efbff4cda9d9ad372b92af784/download
https://sam.gov/api/prod/opps/v3/opportunities/resources/files/1e305e3ef27f4a389db6d6612553bbd1/download
{'rel': 'self', 'href': 'https://api.sam.gov/prod/opportunities/v2/search?noticeid=101032d3173c46618620de3c96e6c525&limit=1'}",Courtney Middleton,courtney.middleton@atf.gov,Primary NAICS 336411,Partial Refresh — Capacity Reached,High — attachment text read
Accepted,C,-8,RFP / Solicitation,"16--PARTS KIT,AIR FLOW REG",DEPT OF DEFENSE.DEFENSE LOGISTICS AGENCY.DLA MARITIME.DLA MARITIME COLUMBUS.DLA LAND AND MARITIME,,Solicitation,d710f3ef622b48f581b0ece5757143b4,SPE7M426Q0992,2026-08-31,3,336411,16,Small Business Set Aside - Total,,Not stated,,"Relevant Butler intelligence or subcontract lead, but prime feasibility is limited. Scope reads as hardware supply/manufacturing with no clear design, redesign, or engineering work (matched: supply-class PSC 16), so it is tracked as a subcontract/competitive-intelligence lead rather than a prime fit.",Set-aside eligibility may limit prime feasibility,Check set-aside,No obvious vehicle restriction,Unknown — check Butler contract vehicles,Requires small-business set-aside eligibility.,Prime uncertain,Check whether Butler can qualify directly or should team with an eligible prime.,small business set aside,https://sam.gov/workspace/contract/opp/d710f3ef622b48f581b0ece5757143b4/view,"{'rel': 'self', 'href': 'https://api.sam.gov/prod/opportunities/v2/search?noticeid=d710f3ef622b48f581b0ece5757143b4&limit=1'}","Questions regarding this solicitation should be emailed to the buyer listed in block 5 of the solicitation document which can be found under the Additional Information link.
If the Additional Information link does not work, please go to https://www.dibbs.bsm.dla.mil/Solicitations/ and type the solicitation number in the Global Search box.
",DibbsBSM@dla.mil,Primary NAICS 336411,Partial Refresh — Capacity Reached,High
Accepted,C,-8,RFP / Solicitation,"16--PARTS KIT,REGULATOR",DEPT OF DEFENSE.DEFENSE LOGISTICS AGENCY.DLA MARITIME.DLA MARITIME COLUMBUS.DLA LAND AND MARITIME,,Solicitation,a34211b307a14f13858a0b25b61ee914,SPE7M426Q0991,2026-08-31,3,336411,16,Small Business Set Aside - Total,,Not stated,,"Relevant Butler intelligence or subcontract lead, but prime feasibility is limited. Scope reads as hardware supply/manufacturing with no clear design, redesign, or engineering work (matched: supply-class PSC 16), so it is tracked as a subcontract/competitive-intelligence lead rather than a prime fit.",Set-aside eligibility may limit prime feasibility,Check set-aside,No obvious vehicle restriction,Unknown — check Butler contract vehicles,Requires small-business set-aside eligibility.,Prime uncertain,Check whether Butler can qualify directly or should team with an eligible prime.,small business set aside,https://sam.gov/workspace/contract/opp/a34211b307a14f13858a0b25b61ee914/view,"{'rel': 'self', 'href': 'https://api.sam.gov/prod/opportunities/v2/search?noticeid=a34211b307a14f13858a0b25b61ee914&limit=1'}","Questions regarding this solicitation should be emailed to the buyer listed in block 5 of the solicitation document which can be found under the Additional Information link.
If the Additional Information link does not work, please go to https://www.dibbs.bsm.dla.mil/Solicitations/ and type the solicitation number in the Global Search box.
",DibbsBSM@dla.mil,Primary NAICS 336411,Partial Refresh — Capacity Reached,High
Accepted,C,-1,RFP / Solicitation,"16--HEATER,AIRCRAFT",DEPT OF DEFENSE.DEFENSE LOGISTICS AGENCY.DLA MARITIME.DLA MARITIME COLUMBUS.DLA LAND AND MARITIME,,Solicitation,5d44131d334c40cdb7a58015ec151362,SPE7M426Q0989,2026-08-31,3,336411,16,Small Business Set Aside - Total,,Not stated,,"Relevant Butler intelligence or subcontract lead, but prime feasibility is limited. Matched: aircraft. Scope reads as hardware supply/manufacturing with no clear design, redesign, or engineering work (matched: supply-class PSC 16), so it is tracked as a subcontract/competitive-intelligence lead rather than a prime fit.",Set-aside eligibility may limit prime feasibility,Check set-aside,No obvious vehicle restriction,Unknown — check Butler contract vehicles,Requires small-business set-aside eligibility.,Prime uncertain,Check whether Butler can qualify directly or should team with an eligible prime.,small business set aside,https://sam.gov/workspace/contract/opp/5d44131d334c40cdb7a58015ec151362/view,"{'rel': 'self', 'href': 'https://api.sam.gov/prod/opportunities/v2/search?noticeid=5d44131d334c40cdb7a58015ec151362&limit=1'}","Questions regarding this solicitation should be emailed to the buyer listed in block 5 of the solicitation document which can be found under the Additional Information link.
If the Additional Information link does not work, please go to https://www.dibbs.bsm.dla.mil/Solicitations/ and type the solicitation number in the Global Search box.
",DibbsBSM@dla.mil,Primary NAICS 336411,Partial Refresh — Capacity Reached,High
Accepted,C,-8,RFP / Solicitation,"16--CONTROL ASSEMBLY,DILUT",DEPT OF DEFENSE.DEFENSE LOGISTICS AGENCY.DLA MARITIME.DLA MARITIME COLUMBUS.DLA LAND AND MARITIME,,Solicitation,244668d2052e4983b496b34e2665c500,SPE7M426Q0990,2026-08-31,3,336411,16,Small Business Set Aside - Total,,Not stated,,"Relevant Butler intelligence or subcontract lead, but prime feasibility is limited. Scope reads as hardware supply/manufacturing with no clear design, redesign, or engineering work (matched: supply-class PSC 16), so it is tracked as a subcontract/competitive-intelligence lead rather than a prime fit.",Set-aside eligibility may limit prime feasibility,Check set-aside,No obvious vehicle restriction,Unknown — check Butler contract vehicles,Requires small-business set-aside eligibility.,Prime uncertain,Check whether Butler can qualify directly or should team with an eligible prime.,small business set aside,https://sam.gov/workspace/contract/opp/244668d2052e4983b496b34e2665c500/view,"{'rel': 'self', 'href': 'https://api.sam.gov/prod/opportunities/v2/search?noticeid=244668d2052e4983b496b34e2665c500&limit=1'}","Questions regarding this solicitation should be emailed to the buyer listed in block 5 of the solicitation document which can be found under the Additional Information link.
If the Additional Information link does not work, please go to https://www.dibbs.bsm.dla.mil/Solicitations/ and type the solicitation number in the Global Search box.
",DibbsBSM@dla.mil,Primary NAICS 336411,Partial Refresh — Capacity Reached,High
Accepted,C,2,RFP / Solicitation,"Fixed-Wing Vertical Take-Off and Landing (VTOL) small Unmanned Aircraft System (sUAS) WingtraRay ""or Equal",DEPT OF DEFENSE.DEPT OF THE AIR FORCE.AIR FORCE MATERIEL COMMAND.AF INSTALLATION & MISSION SUPPORT CENTER.FA8051  772 ESS PKD,,Solicitation,7b8200aba1fd407abc45c0fffbfd4f78,FA805126Q4007,2026-08-31,3,336411,1550,Small Business Set Aside - Total,"65980, Texas, UNITED STATES",Not stated,,"Relevant Butler intelligence or subcontract lead, but prime feasibility is limited. Matched: aircraft, air force. Attachment text was included in the screen. Scope reads as hardware supply/manufacturing with no clear design, redesign, or engineering work (matched: supply-class PSC 1550), so it is tracked as a subcontract/competitive-intelligence lead rather than a prime fit.",Set-aside eligibility may limit prime feasibility,Check set-aside,No obvious vehicle restriction,Unknown — check Butler contract vehicles,Requires small-business set-aside eligibility.,Prime uncertain,Check whether Butler can qualify directly or should team with an eligible prime.,small business set aside,https://sam.gov/workspace/contract/opp/7b8200aba1fd407abc45c0fffbfd4f78/view,"https://sam.gov/api/prod/opps/v3/opportunities/resources/files/3abce48268af48c58c96aa50feaea63c/download
https://sam.gov/api/prod/opps/v3/opportunities/resources/files/6cf19087333c48b5a8daab921fcaf394/download
https://sam.gov/api/prod/opps/v3/opportunities/resources/files/72d1df136c954406925252b86be4be2d/download
https://sam.gov/api/prod/opps/v3/opportunities/resources/files/95de5444e47a4bec82fb2e88b4be737c/download
https://sam.gov/api/prod/opps/v3/opportunities/resources/files/973f161809624ddd8ae95fcbd6623513/download
https://sam.gov/api/prod/opps/v3/opportunities/resources/files/a508ccf0e3b74a4d868c68f1362f88d8/download
https://sam.gov/api/prod/opps/v3/opportunities/resources/files/af128a8a1af44b3c809e0678cc9a8a87/download
https://sam.gov/api/prod/opps/v3/opportunities/resources/files/c343fab74fc94a8aa3e53a547e1b00cc/download
https://sam.gov/api/prod/opps/v3/opportunities/resources/files/e5639ca5329841cd9160774ce7618331/download
{'rel': 'self', 'href': 'https://api.sam.gov/prod/opportunities/v2/search?noticeid=7b8200aba1fd407abc45c0fffbfd4f78&limit=1'}",Grace Pennington,grace.pennington@us.af.mil,Primary NAICS 336411,Partial Refresh — Capacity Reached,High — attachment text read
Accepted,C,-5,Sources Sought / RFI,Accumulator Pneumat,DEPT OF DEFENSE.DEFENSE LOGISTICS AGENCY.DLA LAND.DLA LAND COLUMBUS.DLA LAND AND MARITIME,,Sources Sought,131c7bbad6634e919c038aceb8d5efca,SPE7L126R0122,2026-08-31,3,336411,3040,,,Not stated,,"Relevant Butler intelligence or subcontract lead, but prime feasibility is limited. Scope reads as hardware supply/manufacturing with no clear design, redesign, or engineering work (matched: supply-class PSC 3040), so it is tracked as a subcontract/competitive-intelligence lead rather than a prime fit.",None identified,Possible subcontract lead,No obvious vehicle restriction,Not Applicable,No special eligibility found in SAM.gov fields.,Prime feasible,Monitor as a direct pursuit unless attachments indicate otherwise.,None detected,https://sam.gov/workspace/contract/opp/131c7bbad6634e919c038aceb8d5efca/view,"{'rel': 'self', 'href': 'https://api.sam.gov/prod/opportunities/v2/search?noticeid=131c7bbad6634e919c038aceb8d5efca&limit=1'}",Amber Weaver,amber.weaver@dla.mil,Primary NAICS 336411,Partial Refresh — Capacity Reached,High
Accepted,C,0,RFP / Solicitation,"16--COALESCER,WATER SEPARA",DEPT OF DEFENSE.DEFENSE LOGISTICS AGENCY.DLA AVIATION.DLA AV RICHMOND.DLA AVIATION,,Solicitation,f5c707ccd95a47c2a2eeb44f55c2595b,SPE4A726T687C,2026-08-31,3,336411,16,,,Not stated,,"Relevant Butler intelligence or subcontract lead, but prime feasibility is limited. Matched: dla aviation. Scope reads as hardware supply/manufacturing with no clear design, redesign, or engineering work (matched: supply-class PSC 16), so it is tracked as a subcontract/competitive-intelligence lead rather than a prime fit.",None identified,Possible subcontract lead,No obvious vehicle restriction,Not Applicable,No special eligibility found in SAM.gov fields.,Prime feasible,Monitor as a direct pursuit unless attachments indicate otherwise.,None detected,https://sam.gov/workspace/contract/opp/f5c707ccd95a47c2a2eeb44f55c2595b/view,"{'rel': 'self', 'href': 'https://api.sam.gov/prod/opportunities/v2/search?noticeid=f5c707ccd95a47c2a2eeb44f55c2595b&limit=1'}","Questions regarding this solicitation should be emailed to the buyer listed in block 5 of the solicitation document which can be found under the Additional Information link.
If the Additional Information link does not work, please go to https://www.dibbs.bsm.dla.mil/Solicitations/ and type the solicitation number in the Global Search box.
",DibbsBSM@dla.mil,Primary NAICS 336411,Partial Refresh — Capacity Reached,High
Accepted,C,6,RFP / Solicitation,Purchase Fuel Nozzle Start & Flow Divider for U.S. Coast Guard Aircraft HC-27J,"HOMELAND SECURITY, DEPARTMENT OF.US COAST GUARD.AVIATION LOGISTICS CENTER (ALC)(00038)",,Solicitation,755d3dca57484a1fae60f52d843b3231,70Z03826QW0000091,2026-08-31,3,336413,2915,No Set aside used,"Elizabeth City, North Carolina, UNITED STATES",Not stated,,"Relevant Butler intelligence or subcontract lead, but prime feasibility is limited. Matched: aircraft, plm. Attachment text was included in the screen. Scope reads as hardware supply/manufacturing with no clear design, redesign, or engineering work (matched: supply-class PSC 2915), so it is tracked as a subcontract/competitive-intelligence lead rather than a prime fit.",None identified,Possible subcontract lead,No obvious vehicle restriction,Not Applicable,No special eligibility found in SAM.gov fields.,Prime feasible,Monitor as a direct pursuit unless attachments indicate otherwise.,None detected,https://sam.gov/workspace/contract/opp/755d3dca57484a1fae60f52d843b3231/view,"https://sam.gov/api/prod/opps/v3/opportunities/resources/files/241fd23fec7c4c0fa4a9c5599300842d/download
https://sam.gov/api/prod/opps/v3/opportunities/resources/files/e8f4baa27f6a43d0ab974527003e4e9e/download
{'rel': 'self', 'href': 'https://api.sam.gov/prod/opportunities/v2/search?noticeid=755d3dca57484a1fae60f52d843b3231&limit=1'}",Denise Davis,Denise.D.Davis@uscg.mil,Primary NAICS 336413,Partial Refresh — Capacity Reached,High — attachment text read
Accepted,C,-5,RFP / Solicitation,Procurement of Sleeve,"HOMELAND SECURITY, DEPARTMENT OF.US COAST GUARD.AVIATION LOGISTICS CENTER (ALC)(00038)",,Solicitation,6bf34b5b477e44e3a93800500136c765,70Z03826QJ0000354,2026-08-31,3,336413,1560,No Set aside used,,Not stated,,"Relevant Butler intelligence or subcontract lead, but prime feasibility is limited. Attachment text was included in the screen. Scope reads as hardware supply/manufacturing with no clear design, redesign, or engineering work (matched: procurement of, supply-class PSC 1560), so it is tracked as a subcontract/competitive-intelligence lead rather than a prime fit.",None identified,Possible subcontract lead,No obvious vehicle restriction,Not Applicable,No special eligibility found in SAM.gov fields.,Prime feasible,Monitor as a direct pursuit unless attachments indicate otherwise.,None detected,https://sam.gov/workspace/contract/opp/6bf34b5b477e44e3a93800500136c765/view,"https://sam.gov/api/prod/opps/v3/opportunities/resources/files/98def4b9766f4ad6b3dece1e1169abd7/download
{'rel': 'self', 'href': 'https://api.sam.gov/prod/opportunities/v2/search?noticeid=6bf34b5b477e44e3a93800500136c765&limit=1'}",Dempsey Teachey,Dempsey.L.Teachey@uscg.mil,Primary NAICS 336413,Partial Refresh — Capacity Reached,High — attachment text read
Accepted,C,-3,RFP / Solicitation,F-35 HOTAS,DEPT OF DEFENSE.DEPT OF THE AIR FORCE.AIR FORCE MATERIEL COMMAND.AIR FORCE TEST CENTER.FA9302  AFTC PZZ,,Solicitation,3792fbf15ae94a968b961c51913d9296,FA930226Q0080_V2,2026-08-31,3,336413,6910,Small Business Set Aside - Total,"Edwards, California, UNITED STATES",Not stated,,"Relevant Butler intelligence or subcontract lead, but prime feasibility is limited. Matched: air force. Attachment text was included in the screen. Scope reads as hardware supply/manufacturing with no clear design, redesign, or engineering work (matched: nsn, supply-class PSC 6910), so it is tracked as a subcontract/competitive-intelligence lead rather than a prime fit.",Set-aside eligibility may limit prime feasibility,Check set-aside,No obvious vehicle restriction,Unknown — check Butler contract vehicles,Requires small-business set-aside eligibility.,Prime uncertain,Check whether Butler can qualify directly or should team with an eligible prime.,small business set aside,https://sam.gov/workspace/contract/opp/3792fbf15ae94a968b961c51913d9296/view,"https://sam.gov/api/prod/opps/v3/opportunities/resources/files/122e67654c2c41d49fd4a01d9b10df77/download
https://sam.gov/api/prod/opps/v3/opportunities/resources/files/862ab3c327834f1e977c9b3b67b9c1c1/download
https://sam.gov/api/prod/opps/v3/opportunities/resources/files/d20cf222980e4e78bd6d01f69058c202/download
{'rel': 'self', 'href': 'https://api.sam.gov/prod/opportunities/v2/search?noticeid=3792fbf15ae94a968b961c51913d9296&limit=1'}",Jenna Jacobson,jenna.jacobson@us.af.mil,Primary NAICS 336413,Partial Refresh — Capacity Reached,High — attachment text read
Accepted,C,-8,RFP / Solicitation,Purchase of Emergency Breathing System,"HOMELAND SECURITY, DEPARTMENT OF.US COAST GUARD.AVIATION LOGISTICS CENTER (ALC)(00038)",,Solicitation,5e25e040fc314bab8428aeadc618b815,70Z03826QE0000057,2026-08-31,3,336413,4220,Small Business Set Aside - Total,"Elizabeth City, North Carolina, UNITED STATES",Not stated,,"Relevant Butler intelligence or subcontract lead, but prime feasibility is limited. Attachment text was included in the screen. Scope reads as hardware supply/manufacturing with no clear design, redesign, or engineering work (matched: purchase of, supply-class PSC 4220), so it is tracked as a subcontract/competitive-intelligence lead rather than a prime fit.",Set-aside eligibility may limit prime feasibility,Check set-aside,No obvious vehicle restriction,Unknown — check Butler contract vehicles,Requires small-business set-aside eligibility.,Prime uncertain,Check whether Butler can qualify directly or should team with an eligible prime.,small business set aside,https://sam.gov/workspace/contract/opp/5e25e040fc314bab8428aeadc618b815/view,"https://sam.gov/api/prod/opps/v3/opportunities/resources/files/0f90d3ea5b3b4607939eb046829f1b3a/download
https://sam.gov/api/prod/opps/v3/opportunities/resources/files/544809659a6f4f0e8b656fdfcc39be55/download
https://sam.gov/api/prod/opps/v3/opportunities/resources/files/eb2430b15cba4462865dce032b2a8e42/download
{'rel': 'self', 'href': 'https://api.sam.gov/prod/opportunities/v2/search?noticeid=5e25e040fc314bab8428aeadc618b815&limit=1'}",Patrick Morris,william.p.morris@uscg.mil,Primary NAICS 336413,Partial Refresh — Capacity Reached,High — attachment text read
Accepted,C,5,Sources Sought / RFI,"1660-004212087, DUCT ASSEMBLY, AIR CONDITIONING-HEATING, A; 11F, C-5 GALAXY AIRCRAFT",DEPT OF DEFENSE.DEFENSE LOGISTICS AGENCY.DLA AVIATION.DLA AV RICHMOND.DLA AVIATION,,Sources Sought,f8abd213f7904124b70d599cda533171,SPE4A726R0766,2026-08-31,3,336413,1660,,"Richmond, Virginia, UNITED STATES",Not stated,,"Relevant Butler intelligence or subcontract lead, but prime feasibility is limited. Matched: aircraft, dla aviation. Scope reads as hardware supply/manufacturing with no clear design, redesign, or engineering work (matched: supply-class PSC 1660), so it is tracked as a subcontract/competitive-intelligence lead rather than a prime fit.",None identified,Possible subcontract lead,No obvious vehicle restriction,Not Applicable,No special eligibility found in SAM.gov fields.,Prime feasible,Monitor as a direct pursuit unless attachments indicate otherwise.,None detected,https://sam.gov/workspace/contract/opp/f8abd213f7904124b70d599cda533171/view,"{'rel': 'self', 'href': 'https://api.sam.gov/prod/opportunities/v2/search?noticeid=f8abd213f7904124b70d599cda533171&limit=1'}",XUAN T PHAN,Xuan.Phan@dla.mil,Primary NAICS 336413,Partial Refresh — Capacity Reached,High
Accepted,C,-5,RFP / Solicitation,MH-65 Cover Assembly,"HOMELAND SECURITY, DEPARTMENT OF.US COAST GUARD.AVIATION LOGISTICS CENTER (ALC)(00038)",,Solicitation,dbdd2835e40340a182ab8277b2455f86,70Z03826QB0000212,2026-08-31,3,336413,6115,,UNITED STATES,Not stated,,"Relevant Butler intelligence or subcontract lead, but prime feasibility is limited. Attachment text was included in the screen. Scope reads as hardware supply/manufacturing with no clear design, redesign, or engineering work (matched: supply-class PSC 6115), so it is tracked as a subcontract/competitive-intelligence lead rather than a prime fit.",None identified,Possible subcontract lead,No obvious vehicle restriction,Not Applicable,No special eligibility found in SAM.gov fields.,Prime feasible,Monitor as a direct pursuit unless attachments indicate otherwise.,None detected,https://sam.gov/workspace/contract/opp/dbdd2835e40340a182ab8277b2455f86/view,"https://sam.gov/api/prod/opps/v3/opportunities/resources/files/77083faea9134eaf8d954da64400964c/download
https://sam.gov/api/prod/opps/v3/opportunities/resources/files/e316e69b0a5642b9bf5605ddf0bb13f2/download
{'rel': 'self', 'href': 'https://api.sam.gov/prod/opportunities/v2/search?noticeid=dbdd2835e40340a182ab8277b2455f86&limit=1'}",Raymond V. Marler,raymond.v.marler@uscg.mil,Primary NAICS 336413,Partial Refresh — Capacity Reached,High — attachment text read
Accepted,C,0,Sources Sought / RFI,SOURCES SOUGHT: KC-46 Fight Control Paint Stands and Dollies (FCPSD),DEPT OF DEFENSE.DEPT OF THE AIR FORCE.AIR FORCE MATERIEL COMMAND.AIR FORCE LIFE CYCLE MANAGEMENT CENTER.MOBILITY AIRCRAFT.FA8609 AFLCMC WLCK KC46,,Sources Sought,934dcb4be45b4ef7a3ce31365789aa45,KC46FCPSD,2026-08-31,3,336413,4920,,,Not stated,,"Relevant Butler intelligence or subcontract lead, but prime feasibility is limited. Matched: air force, aflcmc. Scope reads as hardware supply/manufacturing with no clear design, redesign, or engineering work (matched: supply-class PSC 4920), so it is tracked as a subcontract/competitive-intelligence lead rather than a prime fit.",None identified,Possible subcontract lead,No obvious vehicle restriction,Not Applicable,No special eligibility found in SAM.gov fields.,Prime feasible,Monitor as a direct pursuit unless attachments indicate otherwise.,None detected,https://sam.gov/workspace/contract/opp/934dcb4be45b4ef7a3ce31365789aa45/view,"{'rel': 'self', 'href': 'https://api.sam.gov/prod/opportunities/v2/search?noticeid=934dcb4be45b4ef7a3ce31365789aa45&limit=1'}",VICTOR KEDZIE,Victor.kedzie@us.af.mil,Primary NAICS 336413,Partial Refresh — Capacity Reached,High
Accepted,C,0,Sources Sought / RFI,"CYLINDER ASSEMBLY,A_End_Item_C-130_NSN_1650015987365_PN_4U4059","DEPT OF DEFENSE.DEFENSE LOGISTICS AGENCY.DLA AVIATION.DLA AVIATION OKLAHOMA CITY.DLA AVIATION AT OKLAHOMA CITY, OK",,Sources Sought,715b82ec56c14ceeaef3238e6f162b2e,FD20302602544,2026-08-31,3,336413,1650,No Set aside used,UNITED STATES,Not stated,,"Relevant Butler intelligence or subcontract lead, but prime feasibility is limited. Matched: dla aviation. Attachment text was included in the screen. Scope reads as hardware supply/manufacturing with no clear design, redesign, or engineering work (matched: nsn, supply-class PSC 1650), so it is tracked as a subcontract/competitive-intelligence lead rather than a prime fit.",None identified,Possible subcontract lead,No obvious vehicle restriction,Not Applicable,No special eligibility found in SAM.gov fields.,Prime feasible,Monitor as a direct pursuit unless attachments indicate otherwise.,None detected,https://sam.gov/workspace/contract/opp/715b82ec56c14ceeaef3238e6f162b2e/view,"https://sam.gov/api/prod/opps/v3/opportunities/resources/files/e2cfd58f63f841f8b664a6dd9ace1ed0/download
{'rel': 'self', 'href': 'https://api.sam.gov/prod/opportunities/v2/search?noticeid=715b82ec56c14ceeaef3238e6f162b2e&limit=1'}",423 Workflow,423scms.guea.workflow@us.af.mil,Primary NAICS 336413,Partial Refresh — Capacity Reached,High — attachment text read
Accepted,C,0,RFP / Solicitation,"NRP,BOTTLE MONEX FI","DEPT OF DEFENSE.DEFENSE LOGISTICS AGENCY.DLA AVIATION.DLA AVIATION PHILADELPHIA.DLA AVIATION AT PHILADELPHIA, PA",,Solicitation,69b19939e0d54f4b832f59a2c55608d3,SPRPA126QUB69,2026-08-31,3,336413,1680,,,Not stated,,"Relevant Butler intelligence or subcontract lead, but prime feasibility is limited. Matched: dla aviation. Scope reads as hardware supply/manufacturing with no clear design, redesign, or engineering work (matched: supply-class PSC 1680), so it is tracked as a subcontract/competitive-intelligence lead rather than a prime fit.",None identified,Possible subcontract lead,No obvious vehicle restriction,Not Applicable,No special eligibility found in SAM.gov fields.,Prime feasible,Monitor as a direct pursuit unless attachments indicate otherwise.,None detected,https://sam.gov/workspace/contract/opp/69b19939e0d54f4b832f59a2c55608d3/view,"{'rel': 'self', 'href': 'https://api.sam.gov/prod/opportunities/v2/search?noticeid=69b19939e0d54f4b832f59a2c55608d3&limit=1'}",Telephone: 2157373766,DANIEL.MACDONALD@DLA.MIL,Primary NAICS 336413,Partial Refresh — Capacity Reached,High
Accepted,C,5,Sources Sought / RFI,"NSN 1680-01-673-6255, PARTS KIT,ELECTRO-M, WSDC: 11F, AIRCRAFT, GALAXY C-5.",DEPT OF DEFENSE.DEFENSE LOGISTICS AGENCY.DLA AVIATION.DLA AV RICHMOND.DLA AVIATION,,Sources Sought,4f65dcf8a2c14b4097a8970a5a9a65db,SPE4A526R0297,2026-08-31,3,336413,1680,,"0, Virginia, UNITED STATES",Not stated,,"Relevant Butler intelligence or subcontract lead, but prime feasibility is limited. Matched: aircraft, dla aviation. Scope reads as hardware supply/manufacturing with no clear design, redesign, or engineering work (matched: nsn, supply-class PSC 1680), so it is tracked as a subcontract/competitive-intelligence lead rather than a prime fit.",None identified,Possible subcontract lead,No obvious vehicle restriction,Not Applicable,No special eligibility found in SAM.gov fields.,Prime feasible,Monitor as a direct pursuit unless attachments indicate otherwise.,None detected,https://sam.gov/workspace/contract/opp/4f65dcf8a2c14b4097a8970a5a9a65db/view,"{'rel': 'self', 'href': 'https://api.sam.gov/prod/opportunities/v2/search?noticeid=4f65dcf8a2c14b4097a8970a5a9a65db&limit=1'}",Hope Scott,hope.scott@dla.mil,Primary NAICS 336413,Partial Refresh — Capacity Reached,High
Accepted,C,0,Sources Sought / RFI,"VALVE, LINEAR, DIRECT_End_Item_B1_NSN_4810011482014HS_PN_50010-11","DEPT OF DEFENSE.DEFENSE LOGISTICS AGENCY.DLA AVIATION.DLA AVIATION OKLAHOMA CITY.DLA AVIATION AT OKLAHOMA CITY, OK",,Sources Sought,4691e21138b643609f49d49aa939793b,FD20302700240,2026-08-31,3,336413,4810,No Set aside used,UNITED STATES,Not stated,,"Relevant Butler intelligence or subcontract lead, but prime feasibility is limited. Matched: dla aviation. Attachment text was included in the screen. Scope reads as hardware supply/manufacturing with no clear design, redesign, or engineering work (matched: nsn, supply-class PSC 4810), so it is tracked as a subcontract/competitive-intelligence lead rather than a prime fit.",None identified,Possible subcontract lead,No obvious vehicle restriction,Not Applicable,No special eligibility found in SAM.gov fields.,Prime feasible,Monitor as a direct pursuit unless attachments indicate otherwise.,None detected,https://sam.gov/workspace/contract/opp/4691e21138b643609f49d49aa939793b/view,"https://sam.gov/api/prod/opps/v3/opportunities/resources/files/65e2c1597cd648c8a1c13ccb9cf8a07b/download
{'rel': 'self', 'href': 'https://api.sam.gov/prod/opportunities/v2/search?noticeid=4691e21138b643609f49d49aa939793b&limit=1'}",423 Workflow,423scms.guea.workflow@us.af.mil,Primary NAICS 336413,Partial Refresh — Capacity Reached,High — attachment text read
Accepted,C,0,Sources Sought / RFI,Valve Assembly Envi_End_Item_KC-135_NSN_1660006265443_PN_104894,"DEPT OF DEFENSE.DEFENSE LOGISTICS AGENCY.DLA AVIATION.DLA AVIATION OKLAHOMA CITY.DLA AVIATION AT OKLAHOMA CITY, OK",,Sources Sought,380eba79d94b4f7c97c75f0b9793283d,FD20302700236,2026-08-31,3,336413,1660,No Set aside used,UNITED STATES,Not stated,,"Relevant Butler intelligence or subcontract lead, but prime feasibility is limited. Matched: dla aviation. Attachment text was included in the screen. Scope reads as hardware supply/manufacturing with no clear design, redesign, or engineering work (matched: nsn, supply-class PSC 1660), so it is tracked as a subcontract/competitive-intelligence lead rather than a prime fit.",None identified,Possible subcontract lead,No obvious vehicle restriction,Not Applicable,No special eligibility found in SAM.gov fields.,Prime feasible,Monitor as a direct pursuit unless attachments indicate otherwise.,None detected,https://sam.gov/workspace/contract/opp/380eba79d94b4f7c97c75f0b9793283d/view,"https://sam.gov/api/prod/opps/v3/opportunities/resources/files/7b15aec1e3624869aa342732f11e2a58/download
{'rel': 'self', 'href': 'https://api.sam.gov/prod/opportunities/v2/search?noticeid=380eba79d94b4f7c97c75f0b9793283d&limit=1'}",423 Workflow,423scms.guea.workflow@us.af.mil,Primary NAICS 336413,Partial Refresh — Capacity Reached,High — attachment text read
Accepted,C,0,Sources Sought / RFI,"VALVE,FUEL PRESSURI_End_Item_F100_NSN_2915012309488NZ_PN_4062056","DEPT OF DEFENSE.DEFENSE LOGISTICS AGENCY.DLA AVIATION.DLA AVIATION OKLAHOMA CITY.DLA AVIATION AT OKLAHOMA CITY, OK",,Sources Sought,35a6b3ab2e344eab94580fbe1a39c806,FD20302602520,2026-08-31,3,336413,2915,No Set aside used,UNITED STATES,Not stated,,"Relevant Butler intelligence or subcontract lead, but prime feasibility is limited. Matched: dla aviation. Attachment text was included in the screen. Scope reads as hardware supply/manufacturing with no clear design, redesign, or engineering work (matched: nsn, supply-class PSC 2915), so it is tracked as a subcontract/competitive-intelligence lead rather than a prime fit.",None identified,Possible subcontract lead,No obvious vehicle restriction,Not Applicable,No special eligibility found in SAM.gov fields.,Prime feasible,Monitor as a direct pursuit unless attachments indicate otherwise.,None detected,https://sam.gov/workspace/contract/opp/35a6b3ab2e344eab94580fbe1a39c806/view,"https://sam.gov/api/prod/opps/v3/opportunities/resources/files/ae25ed6548834ede8062e7c3f5462784/download
{'rel': 'self', 'href': 'https://api.sam.gov/prod/opportunities/v2/search?noticeid=35a6b3ab2e344eab94580fbe1a39c806&limit=1'}",421st SCMS,421scms.requirements.workflow@us.af.mil,Primary NAICS 336413,Partial Refresh — Capacity Reached,High — attachment text read
Accepted,C,0,Sources Sought / RFI,CIRCUIT CARD ASSEMB_End_Item_F-16_NSN_5998010711203QD_PN_484685,"DEPT OF DEFENSE.DEFENSE LOGISTICS AGENCY.DLA AVIATION.DLA AVIATION OKLAHOMA CITY.DLA AVIATION AT OKLAHOMA CITY, OK",,Sources Sought,30c99343f9c24c84835b727b190d67b9,FD20302602539,2026-08-31,3,336413,5998,No Set aside used,UNITED STATES,Not stated,,"Relevant Butler intelligence or subcontract lead, but prime feasibility is limited. Matched: dla aviation. Attachment text was included in the screen. Scope reads as hardware supply/manufacturing with no clear design, redesign, or engineering work (matched: nsn, supply-class PSC 5998), so it is tracked as a subcontract/competitive-intelligence lead rather than a prime fit.",None identified,Possible subcontract lead,No obvious vehicle restriction,Not Applicable,No special eligibility found in SAM.gov fields.,Prime feasible,Monitor as a direct pursuit unless attachments indicate otherwise.,None detected,https://sam.gov/workspace/contract/opp/30c99343f9c24c84835b727b190d67b9/view,"https://sam.gov/api/prod/opps/v3/opportunities/resources/files/5d5571f3f2d14996879cbfebe353d528/download
{'rel': 'self', 'href': 'https://api.sam.gov/prod/opportunities/v2/search?noticeid=30c99343f9c24c84835b727b190d67b9&limit=1'}",422 SCMS,422.scms.afmc.rfi@us.af.mil,Primary NAICS 336413,Partial Refresh — Capacity Reached,High — attachment text read
Accepted,C,0,RFP / Solicitation,16--SERVOCYLINDER,DEPT OF DEFENSE.DEFENSE LOGISTICS AGENCY.DLA AVIATION.DLA AV RICHMOND.DLA AVIATION,,Solicitation,e14cce07b61445388e811b8a084ec321,SPE4A726T687H,2026-08-31,3,336413,16,,,Not stated,,"Relevant Butler intelligence or subcontract lead, but prime feasibility is limited. Matched: dla aviation. Scope reads as hardware supply/manufacturing with no clear design, redesign, or engineering work (matched: supply-class PSC 16), so it is tracked as a subcontract/competitive-intelligence lead rather than a prime fit.",None identified,Possible subcontract lead,No obvious vehicle restriction,Not Applicable,No special eligibility found in SAM.gov fields.,Prime feasible,Monitor as a direct pursuit unless attachments indicate otherwise.,None detected,https://sam.gov/workspace/contract/opp/e14cce07b61445388e811b8a084ec321/view,"{'rel': 'self', 'href': 'https://api.sam.gov/prod/opportunities/v2/search?noticeid=e14cce07b61445388e811b8a084ec321&limit=1'}","Questions regarding this solicitation should be emailed to the buyer listed in block 5 of the solicitation document which can be found under the Additional Information link.
If the Additional Information link does not work, please go to https://www.dibbs.bsm.dla.mil/Solicitations/ and type the solicitation number in the Global Search box.
",DibbsBSM@dla.mil,Primary NAICS 336413,Partial Refresh — Capacity Reached,High
Accepted,C,0,RFP / Solicitation,"16--PARTS KIT,COOLING T",DEPT OF DEFENSE.DEFENSE LOGISTICS AGENCY.DLA AVIATION.DLA AV RICHMOND.DLA AVIATION,,Solicitation,df9d115cebba4aabb48ad113d0b02da4,SPE4A726T687F,2026-08-31,3,336413,16,,,Not stated,,"Relevant Butler intelligence or subcontract lead, but prime feasibility is limited. Matched: dla aviation. Scope reads as hardware supply/manufacturing with no clear design, redesign, or engineering work (matched: supply-class PSC 16), so it is tracked as a subcontract/competitive-intelligence lead rather than a prime fit.",None identified,Possible subcontract lead,No obvious vehicle restriction,Not Applicable,No special eligibility found in SAM.gov fields.,Prime feasible,Monitor as a direct pursuit unless attachments indicate otherwise.,None detected,https://sam.gov/workspace/contract/opp/df9d115cebba4aabb48ad113d0b02da4/view,"{'rel': 'self', 'href': 'https://api.sam.gov/prod/opportunities/v2/search?noticeid=df9d115cebba4aabb48ad113d0b02da4&limit=1'}","Questions regarding this solicitation should be emailed to the buyer listed in block 5 of the solicitation document which can be found under the Additional Information link.
If the Additional Information link does not work, please go to https://www.dibbs.bsm.dla.mil/Solicitations/ and type the solicitation number in the Global Search box.
",DibbsBSM@dla.mil,Primary NAICS 336413,Partial Refresh — Capacity Reached,High
Accepted,C,6,RFP / Solicitation,143MXG Aircraft Recovery Equipment,DEPT OF DEFENSE.DEPT OF THE ARMY.NATIONAL GUARD BUREAU.JFHQ USPFO RI.USPFO RI PROCUREMENT.W7NY USPFO ACTIVITY RIANG 143,,Solicitation,d64cf8f0ed154e9483a7d556ac359e80,W50S9426QSY17,2026-08-31,3,336413,1730,Small Business Set Aside - Total,"North Kingstown, Rhode Island, UNITED STATES",Not stated,,"Relevant Butler intelligence or subcontract lead, but prime feasibility is limited. Matched: aircraft, plm, army. Attachment text was included in the screen. Scope reads as hardware supply/manufacturing with no clear design, redesign, or engineering work (matched: supply-class PSC 1730), so it is tracked as a subcontract/competitive-intelligence lead rather than a prime fit.",Set-aside eligibility may limit prime feasibility,Check set-aside,No obvious vehicle restriction,Unknown — check Butler contract vehicles,Requires small-business set-aside eligibility.,Prime uncertain,Check whether Butler can qualify directly or should team with an eligible prime.,small business set aside,https://sam.gov/workspace/contract/opp/d64cf8f0ed154e9483a7d556ac359e80/view,"https://sam.gov/api/prod/opps/v3/opportunities/resources/files/741181f984b44e0e9ca128c983236e28/download
https://sam.gov/api/prod/opps/v3/opportunities/resources/files/f6c2471c48eb4bf3a3cf319d84b2c3db/download
{'rel': 'self', 'href': 'https://api.sam.gov/prod/opportunities/v2/search?noticeid=d64cf8f0ed154e9483a7d556ac359e80&limit=1'}",MSgt Sandra Yazidjian,sandra.e.yazidjian.mil@army.mil,Primary NAICS 336413,Partial Refresh — Capacity Reached,High — attachment text read
Accepted,C,0,RFP / Solicitation,"16--VALVE,SOLENOID,CART",DEPT OF DEFENSE.DEFENSE LOGISTICS AGENCY.DLA AVIATION.DLA AV RICHMOND.DLA AVIATION,,Solicitation,cd9839de2c3b4273a3f70826c33f1098,SPE4A726T687E,2026-08-31,3,336413,16,,,Not stated,,"Relevant Butler intelligence or subcontract lead, but prime feasibility is limited. Matched: dla aviation. Scope reads as hardware supply/manufacturing with no clear design, redesign, or engineering work (matched: supply-class PSC 16), so it is tracked as a subcontract/competitive-intelligence lead rather than a prime fit.",None identified,Possible subcontract lead,No obvious vehicle restriction,Not Applicable,No special eligibility found in SAM.gov fields.,Prime feasible,Monitor as a direct pursuit unless attachments indicate otherwise.,None detected,https://sam.gov/workspace/contract/opp/cd9839de2c3b4273a3f70826c33f1098/view,"{'rel': 'self', 'href': 'https://api.sam.gov/prod/opportunities/v2/search?noticeid=cd9839de2c3b4273a3f70826c33f1098&limit=1'}","Questions regarding this solicitation should be emailed to the buyer listed in block 5 of the solicitation document which can be found under the Additional Information link.
If the Additional Information link does not work, please go to https://www.dibbs.bsm.dla.mil/Solicitations/ and type the solicitation number in the Global Search box.
",DibbsBSM@dla.mil,Primary NAICS 336413,Partial Refresh — Capacity Reached,High
Accepted,C,-5,RFP / Solicitation,16--CHAMBER,DEPT OF DEFENSE.DEFENSE LOGISTICS AGENCY.DLA MARITIME.DLA MARITIME COLUMBUS.DLA LAND AND MARITIME,,Solicitation,569968b197154147ac70826ad7b5bd1f,SPE7M426T362A,2026-08-31,3,336413,16,,,Not stated,,"Relevant Butler intelligence or subcontract lead, but prime feasibility is limited. Scope reads as hardware supply/manufacturing with no clear design, redesign, or engineering work (matched: supply-class PSC 16), so it is tracked as a subcontract/competitive-intelligence lead rather than a prime fit.",None identified,Possible subcontract lead,No obvious vehicle restriction,Not Applicable,No special eligibility found in SAM.gov fields.,Prime feasible,Monitor as a direct pursuit unless attachments indicate otherwise.,None detected,https://sam.gov/workspace/contract/opp/569968b197154147ac70826ad7b5bd1f/view,"{'rel': 'self', 'href': 'https://api.sam.gov/prod/opportunities/v2/search?noticeid=569968b197154147ac70826ad7b5bd1f&limit=1'}","Questions regarding this solicitation should be emailed to the buyer listed in block 5 of the solicitation document which can be found under the Additional Information link.
If the Additional Information link does not work, please go to https://www.dibbs.bsm.dla.mil/Solicitations/ and type the solicitation number in the Global Search box.
",DibbsBSM@dla.mil,Primary NAICS 336413,Partial Refresh — Capacity Reached,High
Accepted,C,0,RFP / Solicitation,"16--NRP,PROC PWR CTRL P",DEPT OF DEFENSE.DEFENSE LOGISTICS AGENCY.DLA AVIATION.DLA AV RICHMOND.DLA AVIATION,,Solicitation,3033abb24c94425cbc954e29d6824eb7,SPE4A626T21NG,2026-08-31,3,336413,16,,,Not stated,,"Relevant Butler intelligence or subcontract lead, but prime feasibility is limited. Matched: dla aviation. Scope reads as hardware supply/manufacturing with no clear design, redesign, or engineering work (matched: supply-class PSC 16), so it is tracked as a subcontract/competitive-intelligence lead rather than a prime fit.",None identified,Possible subcontract lead,No obvious vehicle restriction,Not Applicable,No special eligibility found in SAM.gov fields.,Prime feasible,Monitor as a direct pursuit unless attachments indicate otherwise.,None detected,https://sam.gov/workspace/contract/opp/3033abb24c94425cbc954e29d6824eb7/view,"{'rel': 'self', 'href': 'https://api.sam.gov/prod/opportunities/v2/search?noticeid=3033abb24c94425cbc954e29d6824eb7&limit=1'}","Questions regarding this solicitation should be emailed to the buyer listed in block 5 of the solicitation document which can be found under the Additional Information link.
If the Additional Information link does not work, please go to https://www.dibbs.bsm.dla.mil/Solicitations/ and type the solicitation number in the Global Search box.
",DibbsBSM@dla.mil,Primary NAICS 336413,Partial Refresh — Capacity Reached,High
Accepted,C,-3,RFP / Solicitation,"15--SHROUD,SERVICE DOOR",DEPT OF DEFENSE.DEFENSE LOGISTICS AGENCY.DLA AVIATION.DLA AV RICHMOND.DLA AVIATION,,Solicitation,27bd7e1ce4454efb9ca2848a8baf8707,SPE4A726T686W,2026-08-31,3,336413,15,Small Business Set Aside - Total,,Not stated,,"Relevant Butler intelligence or subcontract lead, but prime feasibility is limited. Matched: dla aviation. Scope reads as hardware supply/manufacturing with no clear design, redesign, or engineering work (matched: supply-class PSC 15), so it is tracked as a subcontract/competitive-intelligence lead rather than a prime fit.",Set-aside eligibility may limit prime feasibility,Check set-aside,No obvious vehicle restriction,Unknown — check Butler contract vehicles,Requires small-business set-aside eligibility.,Prime uncertain,Check whether Butler can qualify directly or should team with an eligible prime.,small business set aside,https://sam.gov/workspace/contract/opp/27bd7e1ce4454efb9ca2848a8baf8707/view,"{'rel': 'self', 'href': 'https://api.sam.gov/prod/opportunities/v2/search?noticeid=27bd7e1ce4454efb9ca2848a8baf8707&limit=1'}","Questions regarding this solicitation should be emailed to the buyer listed in block 5 of the solicitation document which can be found under the Additional Information link.
If the Additional Information link does not work, please go to https://www.dibbs.bsm.dla.mil/Solicitations/ and type the solicitation number in the Global Search box.
",DibbsBSM@dla.mil,Primary NAICS 336413,Partial Refresh — Capacity Reached,High
Accepted,C,0,RFP / Solicitation,"40--WIRE ROPE ASSEMBLY,SIN",DEPT OF DEFENSE.DEFENSE LOGISTICS AGENCY.DLA AVIATION.DLA AV RICHMOND.DLA AVIATION,,Solicitation,12d32fd4c9b741149c979bdcb9bd5814,SPE4A526T383E,2026-08-31,3,336413,40,,,Not stated,,"Relevant Butler intelligence or subcontract lead, but prime feasibility is limited. Matched: dla aviation. Scope reads as hardware supply/manufacturing with no clear design, redesign, or engineering work (matched: supply-class PSC 40), so it is tracked as a subcontract/competitive-intelligence lead rather than a prime fit.",None identified,Possible subcontract lead,No obvious vehicle restriction,Not Applicable,No special eligibility found in SAM.gov fields.,Prime feasible,Monitor as a direct pursuit unless attachments indicate otherwise.,None detected,https://sam.gov/workspace/contract/opp/12d32fd4c9b741149c979bdcb9bd5814/view,"{'rel': 'self', 'href': 'https://api.sam.gov/prod/opportunities/v2/search?noticeid=12d32fd4c9b741149c979bdcb9bd5814&limit=1'}","Questions regarding this solicitation should be emailed to the buyer listed in block 5 of the solicitation document which can be found under the Additional Information link.
If the Additional Information link does not work, please go to https://www.dibbs.bsm.dla.mil/Solicitations/ and type the solicitation number in the Global Search box.
",DibbsBSM@dla.mil,Primary NAICS 336413,Partial Refresh — Capacity Reached,High
Accepted,C,-8,RFP / Solicitation,59--TAIL SENSOR,DEPT OF DEFENSE.DEFENSE LOGISTICS AGENCY.DLA MARITIME.DLA MARITIME COLUMBUS.DLA LAND AND MARITIME,,Solicitation,d032e7f6af9d4a2e8f11c50eae9d95da,SPE7M526T432P,2026-08-31,3,336413,59,Small Business Set Aside - Total,,Not stated,,"Relevant Butler intelligence or subcontract lead, but prime feasibility is limited. Scope reads as hardware supply/manufacturing with no clear design, redesign, or engineering work (matched: supply-class PSC 59), so it is tracked as a subcontract/competitive-intelligence lead rather than a prime fit.",Set-aside eligibility may limit prime feasibility,Check set-aside,No obvious vehicle restriction,Unknown — check Butler contract vehicles,Requires small-business set-aside eligibility.,Prime uncertain,Check whether Butler can qualify directly or should team with an eligible prime.,small business set aside,https://sam.gov/workspace/contract/opp/d032e7f6af9d4a2e8f11c50eae9d95da/view,"{'rel': 'self', 'href': 'https://api.sam.gov/prod/opportunities/v2/search?noticeid=d032e7f6af9d4a2e8f11c50eae9d95da&limit=1'}","Questions regarding this solicitation should be emailed to the buyer listed in block 5 of the solicitation document which can be found under the Additional Information link.
If the Additional Information link does not work, please go to https://www.dibbs.bsm.dla.mil/Solicitations/ and type the solicitation number in the Global Search box.
",DibbsBSM@dla.mil,Primary NAICS 336413,Partial Refresh — Capacity Reached,High
Accepted,C,-8,RFP / Solicitation,"59--SWITCH,HANDLE FIRE CON",DEPT OF DEFENSE.DEFENSE LOGISTICS AGENCY.DLA MARITIME.DLA MARITIME COLUMBUS.DLA LAND AND MARITIME,,Solicitation,4e36948acd6841749983c1f3295e4474,SPE7M826T6173,2026-08-31,3,336413,59,Small Business Set Aside - Total,,Not stated,,"Relevant Butler intelligence or subcontract lead, but prime feasibility is limited. Scope reads as hardware supply/manufacturing with no clear design, redesign, or engineering work (matched: supply-class PSC 59), so it is tracked as a subcontract/competitive-intelligence lead rather than a prime fit.",Set-aside eligibility may limit prime feasibility,Check set-aside,No obvious vehicle restriction,Unknown — check Butler contract vehicles,Requires small-business set-aside eligibility.,Prime uncertain,Check whether Butler can qualify directly or should team with an eligible prime.,small business set aside,https://sam.gov/workspace/contract/opp/4e36948acd6841749983c1f3295e4474/view,"{'rel': 'self', 'href': 'https://api.sam.gov/prod/opportunities/v2/search?noticeid=4e36948acd6841749983c1f3295e4474&limit=1'}","Questions regarding this solicitation should be emailed to the buyer listed in block 5 of the solicitation document which can be found under the Additional Information link.
If the Additional Information link does not work, please go to https://www.dibbs.bsm.dla.mil/Solicitations/ and type the solicitation number in the Global Search box.
",DibbsBSM@dla.mil,Primary NAICS 336413,Partial Refresh — Capacity Reached,High
Accepted,C,-8,RFP / Solicitation,"17--FITTING,EXTERNAL JA",DEPT OF DEFENSE.DEFENSE LOGISTICS AGENCY.TROOP SUPPORT CONSTRUCTION & EQUIPMENT.DLA TROOP SUPPORT,,Solicitation,431ea786275b41cfb66626657a1fd33c,SPE8EF26T1672,2026-08-31,3,336413,17,Small Business Set Aside - Total,,Not stated,,"Relevant Butler intelligence or subcontract lead, but prime feasibility is limited. Scope reads as hardware supply/manufacturing with no clear design, redesign, or engineering work (matched: supply-class PSC 17), so it is tracked as a subcontract/competitive-intelligence lead rather than a prime fit.",Set-aside eligibility may limit prime feasibility,Check set-aside,No obvious vehicle restriction,Unknown — check Butler contract vehicles,Requires small-business set-aside eligibility.,Prime uncertain,Check whether Butler can qualify directly or should team with an eligible prime.,small business set aside,https://sam.gov/workspace/contract/opp/431ea786275b41cfb66626657a1fd33c/view,"{'rel': 'self', 'href': 'https://api.sam.gov/prod/opportunities/v2/search?noticeid=431ea786275b41cfb66626657a1fd33c&limit=1'}","Questions regarding this solicitation should be emailed to the buyer listed in block 5 of the solicitation document which can be found under the Additional Information link.
If the Additional Information link does not work, please go to https://www.dibbs.bsm.dla.mil/Solicitations/ and type the solicitation number in the Global Search box.
",DibbsBSM@dla.mil,Primary NAICS 336413,Partial Refresh — Capacity Reached,High
Accepted,C,-5,RFP / Solicitation,"43--FILTER,FLUID",DEPT OF DEFENSE.DEFENSE LOGISTICS AGENCY.DLA MARITIME.DLA MARITIME COLUMBUS.DLA LAND AND MARITIME,,Solicitation,19e6a0b2609c4d40ba2c760d57485b70,SPE7M126T301Y,2026-08-31,3,336413,43,,,Not stated,,"Relevant Butler intelligence or subcontract lead, but prime feasibility is limited. Scope reads as hardware supply/manufacturing with no clear design, redesign, or engineering work (matched: supply-class PSC 43), so it is tracked as a subcontract/competitive-intelligence lead rather than a prime fit.",None identified,Possible subcontract lead,No obvious vehicle restriction,Not Applicable,No special eligibility found in SAM.gov fields.,Prime feasible,Monitor as a direct pursuit unless attachments indicate otherwise.,None detected,https://sam.gov/workspace/contract/opp/19e6a0b2609c4d40ba2c760d57485b70/view,"{'rel': 'self', 'href': 'https://api.sam.gov/prod/opportunities/v2/search?noticeid=19e6a0b2609c4d40ba2c760d57485b70&limit=1'}","Questions regarding this solicitation should be emailed to the buyer listed in block 5 of the solicitation document which can be found under the Additional Information link.
If the Additional Information link does not work, please go to https://www.dibbs.bsm.dla.mil/Solicitations/ and type the solicitation number in the Global Search box.
",DibbsBSM@dla.mil,Primary NAICS 336413,Partial Refresh — Capacity Reached,High
Accepted,C,-8,RFP / Solicitation,"17--CHOCK,WHEEL-TRACK",DEPT OF DEFENSE.DEFENSE LOGISTICS AGENCY.TROOP SUPPORT CONSTRUCTION & EQUIPMENT.DLA TROOP SUPPORT,,Solicitation,172c3aee76fe45988993026123686821,SPE8EF26T1671,2026-08-31,3,336413,17,Service-Disabled Veteran-Owned Small Business (SDVOSB) Set-Aside (FAR 19.14),,Not stated,,"Relevant Butler intelligence or subcontract lead, but prime feasibility is limited. Scope reads as hardware supply/manufacturing with no clear design, redesign, or engineering work (matched: supply-class PSC 17), so it is tracked as a subcontract/competitive-intelligence lead rather than a prime fit.",Set-aside eligibility may limit prime feasibility,Check set-aside,No obvious vehicle restriction,Unknown — check Butler contract vehicles,Requires small-business set-aside eligibility.,Prime uncertain,Check whether Butler can qualify directly or should team with an eligible prime.,sdvosb; veteran-owned,https://sam.gov/workspace/contract/opp/172c3aee76fe45988993026123686821/view,"{'rel': 'self', 'href': 'https://api.sam.gov/prod/opportunities/v2/search?noticeid=172c3aee76fe45988993026123686821&limit=1'}","Questions regarding this solicitation should be emailed to the buyer listed in block 5 of the solicitation document which can be found under the Additional Information link.
If the Additional Information link does not work, please go to https://www.dibbs.bsm.dla.mil/Solicitations/ and type the solicitation number in the Global Search box.
",DibbsBSM@dla.mil,Primary NAICS 336413,Partial Refresh — Capacity Reached,High
Accepted,C,-8,RFP / Solicitation,Procurement of SAS Actuator Assy,"HOMELAND SECURITY, DEPARTMENT OF.US COAST GUARD.AVIATION LOGISTICS CENTER (ALC)(00038)",,Solicitation,6362014b8daf4789a8a93816c801fed7,70Z03826QJ0000289,2026-08-31,3,336413,1560,Small Business Set Aside - Total,,Not stated,,"Relevant Butler intelligence or subcontract lead, but prime feasibility is limited. Attachment text was included in the screen. Scope reads as hardware supply/manufacturing with no clear design, redesign, or engineering work (matched: procurement of, supply-class PSC 1560), so it is tracked as a subcontract/competitive-intelligence lead rather than a prime fit.",Set-aside eligibility may limit prime feasibility,Check set-aside,No obvious vehicle restriction,Unknown — check Butler contract vehicles,Requires small-business set-aside eligibility.,Prime uncertain,Check whether Butler can qualify directly or should team with an eligible prime.,small business set aside,https://sam.gov/workspace/contract/opp/6362014b8daf4789a8a93816c801fed7/view,"https://sam.gov/api/prod/opps/v3/opportunities/resources/files/5aa60e12a12148e7a99790bcaa1e0235/download
{'rel': 'self', 'href': 'https://api.sam.gov/prod/opportunities/v2/search?noticeid=6362014b8daf4789a8a93816c801fed7&limit=1'}",Austin Ivins,Austin.R.Ivins@uscg.mil,Primary NAICS 336413,Partial Refresh — Capacity Reached,High — attachment text read
Accepted,C,0,RFP / Solicitation,Fin Cover,DEPT OF DEFENSE.DEPT OF THE NAVY.NAVAIR.NAVAIR NAWC WD.NAVAL AIR WARFARE CENTER,,Solicitation,5a9a29a29a5e4095b4acdd9637620bf1,N68936-26-SIMACQ-D0AH250-0035,2026-08-31,3,336419,1680,,,Not stated,,"Relevant Butler intelligence or subcontract lead, but prime feasibility is limited. Matched: navy, navair, nawc. Scope reads as hardware supply/manufacturing with no clear design, redesign, or engineering work (matched: supply-class PSC 1680), so it is tracked as a subcontract/competitive-intelligence lead rather than a prime fit.",None identified,Possible subcontract lead,No obvious vehicle restriction,Not Applicable,No special eligibility found in SAM.gov fields.,Prime feasible,Monitor as a direct pursuit unless attachments indicate otherwise.,None detected,https://sam.gov/workspace/contract/opp/5a9a29a29a5e4095b4acdd9637620bf1/view,"{'rel': 'self', 'href': 'https://api.sam.gov/prod/opportunities/v2/search?noticeid=5a9a29a29a5e4095b4acdd9637620bf1&limit=1'}",Miranda Zamarron,miranda.m.zamarron.civ@us.navy.mil,Primary NAICS 336419,Partial Refresh — Capacity Reached,High
Accepted,C,-8,RFP / Solicitation,"66--CONVERTER,WAVE FORM",DEPT OF DEFENSE.DEFENSE LOGISTICS AGENCY.DLA MARITIME.DLA MARITIME COLUMBUS.DLA LAND AND MARITIME,,Solicitation,78b36be43bb94c80ba4f8a3feab0f03b,SPE7M126T300J,2026-08-31,3,336419,66,Small Business Set Aside - Total,,Not stated,,"Relevant Butler intelligence or subcontract lead, but prime feasibility is limited. Scope reads as hardware supply/manufacturing with no clear design, redesign, or engineering work (matched: supply-class PSC 66), so it is tracked as a subcontract/competitive-intelligence lead rather than a prime fit.",Set-aside eligibility may limit prime feasibility,Check set-aside,No obvious vehicle restriction,Unknown — check Butler contract vehicles,Requires small-business set-aside eligibility.,Prime uncertain,Check whether Butler can qualify directly or should team with an eligible prime.,small business set aside,https://sam.gov/workspace/contract/opp/78b36be43bb94c80ba4f8a3feab0f03b/view,"{'rel': 'self', 'href': 'https://api.sam.gov/prod/opportunities/v2/search?noticeid=78b36be43bb94c80ba4f8a3feab0f03b&limit=1'}","Questions regarding this solicitation should be emailed to the buyer listed in block 5 of the solicitation document which can be found under the Additional Information link.
If the Additional Information link does not work, please go to https://www.dibbs.bsm.dla.mil/Solicitations/ and type the solicitation number in the Global Search box.
",DibbsBSM@dla.mil,Primary NAICS 336419,Partial Refresh — Capacity Reached,High
Accepted,B,6,Sources Sought / RFI,H941--614-27-1-5082-0001 NEW 'Base + 3' Indoor Air Quality and  Surface Testing Svc's (Eng.-Safety) (VA-27-00002864),"VETERANS AFFAIRS, DEPARTMENT OF.VETERANS AFFAIRS, DEPARTMENT OF.249-NETWORK CONTRACT OFFICE 9 (36C249)",,Sources Sought,da46df5380fb4b4195e90906f524652b,36C24926Q0369,2026-08-31,3,541380,H941,,"Memphis, TN",Not stated,,"Possible Butler fit through broader defense engineering, logistics, testing, or program support. Matched: testing, quality. Attachment text was included in the screen.",None identified,Add to tracker,No obvious vehicle restriction,Not Applicable,No special eligibility found in SAM.gov fields.,Prime feasible,Monitor as a direct pursuit unless attachments indicate otherwise.,None detected,https://sam.gov/workspace/contract/opp/da46df5380fb4b4195e90906f524652b/view,"https://sam.gov/api/prod/opps/v3/opportunities/resources/files/b1faa127be744f599701e15f7a554c14/download
{'rel': 'self', 'href': 'https://api.sam.gov/prod/opportunities/v2/search?noticeid=da46df5380fb4b4195e90906f524652b&limit=1'}",Shania Kimbrough,shania.kimbrough@va.gov,Primary NAICS 541380,Partial Refresh — Capacity Reached,High — attachment text read
Accepted,B,6,Sources Sought / RFI,H941--614-27-1-5082-0001 NEW 'Base + 3' Indoor Air Quality and  Surface Testing Svc's (Eng.-Safety) (VA-27-00002864),"VETERANS AFFAIRS, DEPARTMENT OF.VETERANS AFFAIRS, DEPARTMENT OF.249-NETWORK CONTRACT OFFICE 9 (36C249)",,Sources Sought,17dcb5b4b36441579de57b27e174f7bd,36C24926Q0369,2026-08-31,3,541380,H941,,"Memphis, TN",Not stated,,"Possible Butler fit through broader defense engineering, logistics, testing, or program support. Matched: testing, quality. Attachment text was included in the screen.",None identified,Add to tracker,No obvious vehicle restriction,Not Applicable,No special eligibility found in SAM.gov fields.,Prime feasible,Monitor as a direct pursuit unless attachments indicate otherwise.,None detected,https://sam.gov/workspace/contract/opp/17dcb5b4b36441579de57b27e174f7bd/view,"https://sam.gov/api/prod/opps/v3/opportunities/resources/files/41cdae47283a411db64c82f82a28b426/download
{'rel': 'self', 'href': 'https://api.sam.gov/prod/opportunities/v2/search?noticeid=17dcb5b4b36441579de57b27e174f7bd&limit=1'}",Shania Kimbrough,shania.kimbrough@va.gov,Primary NAICS 541380,Partial Refresh — Capacity Reached,High — attachment text read
Accepted,C,0,Sources Sought / RFI,SPE4A526R0298,DEPT OF DEFENSE.DEFENSE LOGISTICS AGENCY.DLA AVIATION.DLA AV RICHMOND.DLA AVIATION,,Sources Sought,bb3b783be5f74d34a85382a6d921fd73,680012320661,2026-08-30,2,336413,1680,,"Richmond, Virginia, UNITED STATES",Not stated,,"Relevant Butler intelligence or subcontract lead, but prime feasibility is limited. Matched: dla aviation. Scope reads as hardware supply/manufacturing with no clear design, redesign, or engineering work (matched: supply-class PSC 1680), so it is tracked as a subcontract/competitive-intelligence lead rather than a prime fit.",None identified,Possible subcontract lead,No obvious vehicle restriction,Not Applicable,No special eligibility found in SAM.gov fields.,Prime feasible,Monitor as a direct pursuit unless attachments indicate otherwise.,None detected,https://sam.gov/workspace/contract/opp/bb3b783be5f74d34a85382a6d921fd73/view,"{'rel': 'self', 'href': 'https://api.sam.gov/prod/opportunities/v2/search?noticeid=bb3b783be5f74d34a85382a6d921fd73&limit=1'}",Yvonne Jackson-Dias,yvonne.jackson-dias@dla.mil,Primary NAICS 336413,Partial Refresh — Capacity Reached,High
Accepted,C,5,Sources Sought / RFI,"NSN 1560010705142, SKIN,AIRCRAFT, WSDC: 04F, AIRCRAFT, STRATOFORTRESS B-52",DEPT OF DEFENSE.DEFENSE LOGISTICS AGENCY.DLA AVIATION.DLA AV RICHMOND.DLA AVIATION,,Sources Sought,3cb882aa3bb845be91632107a41b4d1d,SPE4A726R0771,2026-08-30,2,336413,1560,,"0, Oklahoma, UNITED STATES",Not stated,,"Relevant Butler intelligence or subcontract lead, but prime feasibility is limited. Matched: aircraft, dla aviation. Scope reads as hardware supply/manufacturing with no clear design, redesign, or engineering work (matched: nsn, supply-class PSC 1560), so it is tracked as a subcontract/competitive-intelligence lead rather than a prime fit.",None identified,Possible subcontract lead,No obvious vehicle restriction,Not Applicable,No special eligibility found in SAM.gov fields.,Prime feasible,Monitor as a direct pursuit unless attachments indicate otherwise.,None detected,https://sam.gov/workspace/contract/opp/3cb882aa3bb845be91632107a41b4d1d/view,"{'rel': 'self', 'href': 'https://api.sam.gov/prod/opportunities/v2/search?noticeid=3cb882aa3bb845be91632107a41b4d1d&limit=1'}",Lamar Olivier,lamar.olivier@dla.mil,Primary NAICS 336413,Partial Refresh — Capacity Reached,High
Accepted,C,0,RFP / Solicitation,"16--MASK,OXYGEN",DEPT OF DEFENSE.DEFENSE LOGISTICS AGENCY.DLA AVIATION.DLA AV RICHMOND.DLA AVIATION,,Solicitation,bee559d931f94ab8b068f92010713a5c,SPE4A726T684C,2026-08-28,0,336411,16,,,Not stated,,"Relevant Butler intelligence or subcontract lead, but prime feasibility is limited. Matched: dla aviation. Scope reads as hardware supply/manufacturing with no clear design, redesign, or engineering work (matched: supply-class PSC 16), so it is tracked as a subcontract/competitive-intelligence lead rather than a prime fit.",None identified,Possible subcontract lead,No obvious vehicle restriction,Not Applicable,No special eligibility found in SAM.gov fields.,Prime feasible,Monitor as a direct pursuit unless attachments indicate otherwise.,None detected,https://sam.gov/workspace/contract/opp/bee559d931f94ab8b068f92010713a5c/view,"{'rel': 'self', 'href': 'https://api.sam.gov/prod/opportunities/v2/search?noticeid=bee559d931f94ab8b068f92010713a5c&limit=1'}","Questions regarding this solicitation should be emailed to the buyer listed in block 5 of the solicitation document which can be found under the Additional Information link.
If the Additional Information link does not work, please go to https://www.dibbs.bsm.dla.mil/Solicitations/ and type the solicitation number in the Global Search box.
",DibbsBSM@dla.mil,Primary NAICS 336411,Partial Refresh — Capacity Reached,High
Accepted,C,-3,RFP / Solicitation,"16--VALVE,CONVERTER,LIQ",DEPT OF DEFENSE.DEFENSE LOGISTICS AGENCY.DLA AVIATION.DLA AV RICHMOND.DLA AVIATION,,Solicitation,a609ff4658504a2b857694b4edd7115c,SPE4A726T684B,2026-08-28,0,336411,16,SBA Certified Women-Owned Small Business (WOSB) Program Set-Aside (FAR 19.15),,Not stated,,"Relevant Butler intelligence or subcontract lead, but prime feasibility is limited. Matched: dla aviation. Scope reads as hardware supply/manufacturing with no clear design, redesign, or engineering work (matched: supply-class PSC 16), so it is tracked as a subcontract/competitive-intelligence lead rather than a prime fit.",Set-aside eligibility may limit prime feasibility,Check set-aside,No obvious vehicle restriction,Unknown — check Butler contract vehicles,Requires small-business set-aside eligibility.,Prime uncertain,Check whether Butler can qualify directly or should team with an eligible prime.,wosb,https://sam.gov/workspace/contract/opp/a609ff4658504a2b857694b4edd7115c/view,"{'rel': 'self', 'href': 'https://api.sam.gov/prod/opportunities/v2/search?noticeid=a609ff4658504a2b857694b4edd7115c&limit=1'}","Questions regarding this solicitation should be emailed to the buyer listed in block 5 of the solicitation document which can be found under the Additional Information link.
If the Additional Information link does not work, please go to https://www.dibbs.bsm.dla.mil/Solicitations/ and type the solicitation number in the Global Search box.
",DibbsBSM@dla.mil,Primary NAICS 336411,Partial Refresh — Capacity Reached,High
Accepted,C,0,RFP / Solicitation,"29--DETECTOR,CHIP,ELECT",DEPT OF DEFENSE.DEFENSE LOGISTICS AGENCY.DLA AVIATION.DLA AV RICHMOND.DLA AVIATION,,Solicitation,7e2e6b4f1a864bb9a127c9d9bd0a632e,SPE4A726T686U,2026-08-28,0,336412,29,,,Not stated,,"Relevant Butler intelligence or subcontract lead, but prime feasibility is limited. Matched: dla aviation. Scope reads as hardware supply/manufacturing with no clear design, redesign, or engineering work (matched: supply-class PSC 29), so it is tracked as a subcontract/competitive-intelligence lead rather than a prime fit.",None identified,Possible subcontract lead,No obvious vehicle restriction,Not Applicable,No special eligibility found in SAM.gov fields.,Prime feasible,Monitor as a direct pursuit unless attachments indicate otherwise.,None detected,https://sam.gov/workspace/contract/opp/7e2e6b4f1a864bb9a127c9d9bd0a632e/view,"{'rel': 'self', 'href': 'https://api.sam.gov/prod/opportunities/v2/search?noticeid=7e2e6b4f1a864bb9a127c9d9bd0a632e&limit=1'}","Questions regarding this solicitation should be emailed to the buyer listed in block 5 of the solicitation document which can be found under the Additional Information link.
If the Additional Information link does not work, please go to https://www.dibbs.bsm.dla.mil/Solicitations/ and type the solicitation number in the Global Search box.
",DibbsBSM@dla.mil,Primary NAICS 336412,Partial Refresh — Capacity Reached,High
Accepted,C,2,RFP / Solicitation,"28--SEAL,AIR,AIRCRAFT G",DEPT OF DEFENSE.DEFENSE LOGISTICS AGENCY.DLA AVIATION.DLA AV RICHMOND.DLA AVIATION,,Solicitation,99f48088adda4d3e9b07f944ef0f3265,SPE4A726T686J,2026-08-28,0,336412,28,Small Business Set Aside - Total,,Not stated,,"Relevant Butler intelligence or subcontract lead, but prime feasibility is limited. Matched: aircraft, dla aviation. Scope reads as hardware supply/manufacturing with no clear design, redesign, or engineering work (matched: supply-class PSC 28), so it is tracked as a subcontract/competitive-intelligence lead rather than a prime fit.",Set-aside eligibility may limit prime feasibility,Check set-aside,No obvious vehicle restriction,Unknown — check Butler contract vehicles,Requires small-business set-aside eligibility.,Prime uncertain,Check whether Butler can qualify directly or should team with an eligible prime.,small business set aside,https://sam.gov/workspace/contract/opp/99f48088adda4d3e9b07f944ef0f3265/view,"{'rel': 'self', 'href': 'https://api.sam.gov/prod/opportunities/v2/search?noticeid=99f48088adda4d3e9b07f944ef0f3265&limit=1'}","Questions regarding this solicitation should be emailed to the buyer listed in block 5 of the solicitation document which can be found under the Additional Information link.
If the Additional Information link does not work, please go to https://www.dibbs.bsm.dla.mil/Solicitations/ and type the solicitation number in the Global Search box.
",DibbsBSM@dla.mil,Primary NAICS 336412,Partial Refresh — Capacity Reached,High
Accepted,C,0,RFP / Solicitation,"29--FILTER ELEMENT,FLUID",DEPT OF DEFENSE.DEFENSE LOGISTICS AGENCY.DLA AVIATION.DLA AV RICHMOND.DLA AVIATION,,Solicitation,afa7d416a3864d79991157033b6ed049,SPE4A726T685Y,2026-08-28,0,336412,29,,,Not stated,,"Relevant Butler intelligence or subcontract lead, but prime feasibility is limited. Matched: dla aviation. Scope reads as hardware supply/manufacturing with no clear design, redesign, or engineering work (matched: supply-class PSC 29), so it is tracked as a subcontract/competitive-intelligence lead rather than a prime fit.",None identified,Possible subcontract lead,No obvious vehicle restriction,Not Applicable,No special eligibility found in SAM.gov fields.,Prime feasible,Monitor as a direct pursuit unless attachments indicate otherwise.,None detected,https://sam.gov/workspace/contract/opp/afa7d416a3864d79991157033b6ed049/view,"{'rel': 'self', 'href': 'https://api.sam.gov/prod/opportunities/v2/search?noticeid=afa7d416a3864d79991157033b6ed049&limit=1'}","Questions regarding this solicitation should be emailed to the buyer listed in block 5 of the solicitation document which can be found under the Additional Information link.
If the Additional Information link does not work, please go to https://www.dibbs.bsm.dla.mil/Solicitations/ and type the solicitation number in the Global Search box.
",DibbsBSM@dla.mil,Primary NAICS 336412,Partial Refresh — Capacity Reached,High
Accepted,C,0,RFP / Solicitation,"29--VALVE,FUEL PRESSURI",DEPT OF DEFENSE.DEFENSE LOGISTICS AGENCY.DLA AVIATION.DLA AV RICHMOND.DLA AVIATION,,Solicitation,651d8bc402994148b70357e934784f1e,SPE4A726T686A,2026-08-28,0,336412,29,,,Not stated,,"Relevant Butler intelligence or subcontract lead, but prime feasibility is limited. Matched: dla aviation. Scope reads as hardware supply/manufacturing with no clear design, redesign, or engineering work (matched: supply-class PSC 29), so it is tracked as a subcontract/competitive-intelligence lead rather than a prime fit.",None identified,Possible subcontract lead,No obvious vehicle restriction,Not Applicable,No special eligibility found in SAM.gov fields.,Prime feasible,Monitor as a direct pursuit unless attachments indicate otherwise.,None detected,https://sam.gov/workspace/contract/opp/651d8bc402994148b70357e934784f1e/view,"{'rel': 'self', 'href': 'https://api.sam.gov/prod/opportunities/v2/search?noticeid=651d8bc402994148b70357e934784f1e&limit=1'}","Questions regarding this solicitation should be emailed to the buyer listed in block 5 of the solicitation document which can be found under the Additional Information link.
If the Additional Information link does not work, please go to https://www.dibbs.bsm.dla.mil/Solicitations/ and type the solicitation number in the Global Search box.
",DibbsBSM@dla.mil,Primary NAICS 336412,Partial Refresh — Capacity Reached,High
Accepted,C,-3,RFP / Solicitation,"29--PARTS KIT,VALVE,CUR",DEPT OF DEFENSE.DEFENSE LOGISTICS AGENCY.DLA AVIATION.DLA AV RICHMOND.DLA AVIATION,,Solicitation,3c4d04bb8eb3436997e36a506bce284e,SPE4A726T684J,2026-08-28,0,336412,29,Small Business Set Aside - Total,,Not stated,,"Relevant Butler intelligence or subcontract lead, but prime feasibility is limited. Matched: dla aviation. Scope reads as hardware supply/manufacturing with no clear design, redesign, or engineering work (matched: supply-class PSC 29), so it is tracked as a subcontract/competitive-intelligence lead rather than a prime fit.",Set-aside eligibility may limit prime feasibility,Check set-aside,No obvious vehicle restriction,Unknown — check Butler contract vehicles,Requires small-business set-aside eligibility.,Prime uncertain,Check whether Butler can qualify directly or should team with an eligible prime.,small business set aside,https://sam.gov/workspace/contract/opp/3c4d04bb8eb3436997e36a506bce284e/view,"{'rel': 'self', 'href': 'https://api.sam.gov/prod/opportunities/v2/search?noticeid=3c4d04bb8eb3436997e36a506bce284e&limit=1'}","Questions regarding this solicitation should be emailed to the buyer listed in block 5 of the solicitation document which can be found under the Additional Information link.
If the Additional Information link does not work, please go to https://www.dibbs.bsm.dla.mil/Solicitations/ and type the solicitation number in the Global Search box.
",DibbsBSM@dla.mil,Primary NAICS 336412,Partial Refresh — Capacity Reached,High
Accepted,C,2,RFP / Solicitation,Purchase Switch for U.S. Coast Guard Aircraft HC-144,"HOMELAND SECURITY, DEPARTMENT OF.US COAST GUARD.AVIATION LOGISTICS CENTER (ALC)(00038)",,Solicitation,da02f328be2b4743baeb2f04c21c83b9,70Z03826QL0000205,2026-08-28,0,336413,5930,,"Elizabeth City, North Carolina, UNITED STATES",Not stated,,"Relevant Butler intelligence or subcontract lead, but prime feasibility is limited. Matched: aircraft. Attachment text was included in the screen. Scope reads as hardware supply/manufacturing with no clear design, redesign, or engineering work (matched: supply-class PSC 5930), so it is tracked as a subcontract/competitive-intelligence lead rather than a prime fit.",None identified,Possible subcontract lead,No obvious vehicle restriction,Not Applicable,No special eligibility found in SAM.gov fields.,Prime feasible,Monitor as a direct pursuit unless attachments indicate otherwise.,None detected,https://sam.gov/workspace/contract/opp/da02f328be2b4743baeb2f04c21c83b9/view,"https://sam.gov/api/prod/opps/v3/opportunities/resources/files/1f972467308d4672b4bf1b7429222dbf/download
https://sam.gov/api/prod/opps/v3/opportunities/resources/files/28028e7f8b344e2ca7f97153908cdbac/download
{'rel': 'self', 'href': 'https://api.sam.gov/prod/opportunities/v2/search?noticeid=da02f328be2b4743baeb2f04c21c83b9&limit=1'}",Allison T Meads,allison.t.meads@uscg.mil,Primary NAICS 336413,Partial Refresh — Capacity Reached,High — attachment text read
Accepted,C,0,RFP / Solicitation,"16--ARM ASSEMBLY,TORQUE",DEPT OF DEFENSE.DEPT OF THE NAVY.NAVSUP.NAVSUP WEAPON SYSTEMS SUPPORT.NAVSUP WSS PHILADELPHIA.NAVSUP WEAPON SYSTEMS SUPPORT,,Solicitation,878ea9767b1d4d59bae0970e67673791,N0038326QFA44,2026-08-28,0,336413,1620,,,Not stated,,"Relevant Butler intelligence or subcontract lead, but prime feasibility is limited. Matched: navy, navsup. Scope reads as hardware supply/manufacturing with no clear design, redesign, or engineering work (matched: supply-class PSC 1620), so it is tracked as a subcontract/competitive-intelligence lead rather than a prime fit.",None identified,Possible subcontract lead,No obvious vehicle restriction,Not Applicable,No special eligibility found in SAM.gov fields.,Prime feasible,Monitor as a direct pursuit unless attachments indicate otherwise.,None detected,https://sam.gov/workspace/contract/opp/878ea9767b1d4d59bae0970e67673791/view,"{'rel': 'self', 'href': 'https://api.sam.gov/prod/opportunities/v2/search?noticeid=878ea9767b1d4d59bae0970e67673791&limit=1'}",Telephone: 2156971020,KATE.N.SCHALCK.CIV@US.NAVY.MIL,Primary NAICS 336413,Partial Refresh — Capacity Reached,High
Accepted,C,-1,RFP / Solicitation,PROCUREMENT OF VARIOUS SPARES FOR MH-65,"HOMELAND SECURITY, DEPARTMENT OF.US COAST GUARD.AVIATION LOGISTICS CENTER (ALC)(00038)",,Solicitation,a7c85d039aa5439389c08fc7bc25b97c,70Z03826QB0000197,2026-08-28,0,336413,1730,No Set aside used,,Not stated,,"Relevant Butler intelligence or subcontract lead, but prime feasibility is limited. Matched: iot. Attachment text was included in the screen. Scope reads as hardware supply/manufacturing with no clear design, redesign, or engineering work (matched: procurement of, spares, supply-class PSC 1730), so it is tracked as a subcontract/competitive-intelligence lead rather than a prime fit.",None identified,Possible subcontract lead,No obvious vehicle restriction,Not Applicable,No special eligibility found in SAM.gov fields.,Prime feasible,Monitor as a direct pursuit unless attachments indicate otherwise.,None detected,https://sam.gov/workspace/contract/opp/a7c85d039aa5439389c08fc7bc25b97c/view,"https://sam.gov/api/prod/opps/v3/opportunities/resources/files/06499e2e657948d1aa24fa9f4a46bee9/download
https://sam.gov/api/prod/opps/v3/opportunities/resources/files/1be4c2111be4463f94239633ea184417/download
https://sam.gov/api/prod/opps/v3/opportunities/resources/files/1c39bcb3466a46c0be58f806a30e6510/download
{'rel': 'self', 'href': 'https://api.sam.gov/prod/opportunities/v2/search?noticeid=a7c85d039aa5439389c08fc7bc25b97c&limit=1'}",Alex-Marie Midgett,Alex-Marie.B.Midgett@uscg.mil,Primary NAICS 336413,Partial Refresh — Capacity Reached,High — attachment text read
Accepted,C,-5,Special Notice,Inertia Assy,"HOMELAND SECURITY, DEPARTMENT OF.US COAST GUARD.AVIATION LOGISTICS CENTER (ALC)(00038)",,Special Notice,7f038efeec204528afdfa44fb7d32112,70Z03826QJ0000314,2026-08-28,0,336413,1560,,,Not stated,,"Relevant Butler intelligence or subcontract lead, but prime feasibility is limited. Attachment text was included in the screen. Scope reads as hardware supply/manufacturing with no clear design, redesign, or engineering work (matched: supply-class PSC 1560), so it is tracked as a subcontract/competitive-intelligence lead rather than a prime fit.",None identified,Possible subcontract lead,No obvious vehicle restriction,Not Applicable,No special eligibility found in SAM.gov fields.,Prime feasible,Monitor as a direct pursuit unless attachments indicate otherwise.,None detected,https://sam.gov/workspace/contract/opp/7f038efeec204528afdfa44fb7d32112/view,"https://sam.gov/api/prod/opps/v3/opportunities/resources/files/7ef12daacb9f4c98a2ef0a48880415e5/download
{'rel': 'self', 'href': 'https://api.sam.gov/prod/opportunities/v2/search?noticeid=7f038efeec204528afdfa44fb7d32112&limit=1'}",Adam Finnell,Adam.A.Finnell2@uscg.mil,Primary NAICS 336413,Partial Refresh — Capacity Reached,High — attachment text read
Accepted,C,-3,RFP / Solicitation,"16--LINK ASSEMBLY,CANOPY",DEPT OF DEFENSE.DEFENSE LOGISTICS AGENCY.DLA AVIATION.DLA AV RICHMOND.DLA AVIATION,,Solicitation,f7e1233bd27e46219f5806f97b19f271,SPE4A726T686M,2026-08-28,0,336413,16,Small Business Set Aside - Total,,Not stated,,"Relevant Butler intelligence or subcontract lead, but prime feasibility is limited. Matched: dla aviation. Scope reads as hardware supply/manufacturing with no clear design, redesign, or engineering work (matched: supply-class PSC 16), so it is tracked as a subcontract/competitive-intelligence lead rather than a prime fit.",Set-aside eligibility may limit prime feasibility,Check set-aside,No obvious vehicle restriction,Unknown — check Butler contract vehicles,Requires small-business set-aside eligibility.,Prime uncertain,Check whether Butler can qualify directly or should team with an eligible prime.,small business set aside,https://sam.gov/workspace/contract/opp/f7e1233bd27e46219f5806f97b19f271/view,"{'rel': 'self', 'href': 'https://api.sam.gov/prod/opportunities/v2/search?noticeid=f7e1233bd27e46219f5806f97b19f271&limit=1'}","Questions regarding this solicitation should be emailed to the buyer listed in block 5 of the solicitation document which can be found under the Additional Information link.
If the Additional Information link does not work, please go to https://www.dibbs.bsm.dla.mil/Solicitations/ and type the solicitation number in the Global Search box.
",DibbsBSM@dla.mil,Primary NAICS 336413,Partial Refresh — Capacity Reached,High
Accepted,C,0,RFP / Solicitation,"15--INSULATION,THERMAL,",DEPT OF DEFENSE.DEFENSE LOGISTICS AGENCY.DLA AVIATION.DLA AV RICHMOND.DLA AVIATION,,Solicitation,89f56a9b8575485da5f2c7b0727fa821,SPE4A626Q1346,2026-08-28,0,336413,15,,,Not stated,,"Relevant Butler intelligence or subcontract lead, but prime feasibility is limited. Matched: dla aviation. Scope reads as hardware supply/manufacturing with no clear design, redesign, or engineering work (matched: supply-class PSC 15), so it is tracked as a subcontract/competitive-intelligence lead rather than a prime fit.",None identified,Possible subcontract lead,No obvious vehicle restriction,Not Applicable,No special eligibility found in SAM.gov fields.,Prime feasible,Monitor as a direct pursuit unless attachments indicate otherwise.,None detected,https://sam.gov/workspace/contract/opp/89f56a9b8575485da5f2c7b0727fa821/view,"{'rel': 'self', 'href': 'https://api.sam.gov/prod/opportunities/v2/search?noticeid=89f56a9b8575485da5f2c7b0727fa821&limit=1'}","Questions regarding this solicitation should be emailed to the buyer listed in block 5 of the solicitation document which can be found under the Additional Information link.
If the Additional Information link does not work, please go to https://www.dibbs.bsm.dla.mil/Solicitations/ and type the solicitation number in the Global Search box.
",DibbsBSM@dla.mil,Primary NAICS 336413,Partial Refresh — Capacity Reached,High
Accepted,C,0,RFP / Solicitation,"16--CABLE ASSEMBLY,CONT",DEPT OF DEFENSE.DEFENSE LOGISTICS AGENCY.DLA AVIATION.DLA AV RICHMOND.DLA AVIATION,,Solicitation,68c4c074a12f40acb92b02c5115678e7,SPE4A726T686S,2026-08-28,0,336413,16,,,Not stated,,"Relevant Butler intelligence or subcontract lead, but prime feasibility is limited. Matched: dla aviation. Scope reads as hardware supply/manufacturing with no clear design, redesign, or engineering work (matched: supply-class PSC 16), so it is tracked as a subcontract/competitive-intelligence lead rather than a prime fit.",None identified,Possible subcontract lead,No obvious vehicle restriction,Not Applicable,No special eligibility found in SAM.gov fields.,Prime feasible,Monitor as a direct pursuit unless attachments indicate otherwise.,None detected,https://sam.gov/workspace/contract/opp/68c4c074a12f40acb92b02c5115678e7/view,"{'rel': 'self', 'href': 'https://api.sam.gov/prod/opportunities/v2/search?noticeid=68c4c074a12f40acb92b02c5115678e7&limit=1'}","Questions regarding this solicitation should be emailed to the buyer listed in block 5 of the solicitation document which can be found under the Additional Information link.
If the Additional Information link does not work, please go to https://www.dibbs.bsm.dla.mil/Solicitations/ and type the solicitation number in the Global Search box.
",DibbsBSM@dla.mil,Primary NAICS 336413,Partial Refresh — Capacity Reached,High
Accepted,C,-3,RFP / Solicitation,16--TERMINAL BOOT,DEPT OF DEFENSE.DEFENSE LOGISTICS AGENCY.DLA AVIATION.DLA AV RICHMOND.DLA AVIATION,,Solicitation,b8ba64df0b3342be909f71a5e5915789,SPE4A726T686E,2026-08-28,0,336413,16,Small Business Set Aside - Total,,Not stated,,"Relevant Butler intelligence or subcontract lead, but prime feasibility is limited. Matched: dla aviation. Scope reads as hardware supply/manufacturing with no clear design, redesign, or engineering work (matched: supply-class PSC 16), so it is tracked as a subcontract/competitive-intelligence lead rather than a prime fit.",Set-aside eligibility may limit prime feasibility,Check set-aside,No obvious vehicle restriction,Unknown — check Butler contract vehicles,Requires small-business set-aside eligibility.,Prime uncertain,Check whether Butler can qualify directly or should team with an eligible prime.,small business set aside,https://sam.gov/workspace/contract/opp/b8ba64df0b3342be909f71a5e5915789/view,"{'rel': 'self', 'href': 'https://api.sam.gov/prod/opportunities/v2/search?noticeid=b8ba64df0b3342be909f71a5e5915789&limit=1'}","Questions regarding this solicitation should be emailed to the buyer listed in block 5 of the solicitation document which can be found under the Additional Information link.
If the Additional Information link does not work, please go to https://www.dibbs.bsm.dla.mil/Solicitations/ and type the solicitation number in the Global Search box.
",DibbsBSM@dla.mil,Primary NAICS 336413,Partial Refresh — Capacity Reached,High
Accepted,C,0,RFP / Solicitation,"16--CHIP DETECTOR,AIRCR",DEPT OF DEFENSE.DEFENSE LOGISTICS AGENCY.DLA AVIATION.DLA AV RICHMOND.DLA AVIATION,,Solicitation,c737e355807645feb8baf5d19ef9d91b,SPE4A726T684W,2026-08-28,0,336413,16,,,Not stated,,"Relevant Butler intelligence or subcontract lead, but prime feasibility is limited. Matched: dla aviation. Scope reads as hardware supply/manufacturing with no clear design, redesign, or engineering work (matched: supply-class PSC 16), so it is tracked as a subcontract/competitive-intelligence lead rather than a prime fit.",None identified,Possible subcontract lead,No obvious vehicle restriction,Not Applicable,No special eligibility found in SAM.gov fields.,Prime feasible,Monitor as a direct pursuit unless attachments indicate otherwise.,None detected,https://sam.gov/workspace/contract/opp/c737e355807645feb8baf5d19ef9d91b/view,"{'rel': 'self', 'href': 'https://api.sam.gov/prod/opportunities/v2/search?noticeid=c737e355807645feb8baf5d19ef9d91b&limit=1'}","Questions regarding this solicitation should be emailed to the buyer listed in block 5 of the solicitation document which can be found under the Additional Information link.
If the Additional Information link does not work, please go to https://www.dibbs.bsm.dla.mil/Solicitations/ and type the solicitation number in the Global Search box.
",DibbsBSM@dla.mil,Primary NAICS 336413,Partial Refresh — Capacity Reached,High
Accepted,C,0,RFP / Solicitation,"15--DUCT,OIL COOLER EJE",DEPT OF DEFENSE.DEFENSE LOGISTICS AGENCY.DLA AVIATION.DLA AV RICHMOND.DLA AVIATION,,Solicitation,a1cf316e58e44db5b4371ae1847ddf3c,SPE4A626T21EP,2026-08-28,0,336413,15,,,Not stated,,"Relevant Butler intelligence or subcontract lead, but prime feasibility is limited. Matched: dla aviation. Scope reads as hardware supply/manufacturing with no clear design, redesign, or engineering work (matched: supply-class PSC 15), so it is tracked as a subcontract/competitive-intelligence lead rather than a prime fit.",None identified,Possible subcontract lead,No obvious vehicle restriction,Not Applicable,No special eligibility found in SAM.gov fields.,Prime feasible,Monitor as a direct pursuit unless attachments indicate otherwise.,None detected,https://sam.gov/workspace/contract/opp/a1cf316e58e44db5b4371ae1847ddf3c/view,"{'rel': 'self', 'href': 'https://api.sam.gov/prod/opportunities/v2/search?noticeid=a1cf316e58e44db5b4371ae1847ddf3c&limit=1'}","Questions regarding this solicitation should be emailed to the buyer listed in block 5 of the solicitation document which can be found under the Additional Information link.
If the Additional Information link does not work, please go to https://www.dibbs.bsm.dla.mil/Solicitations/ and type the solicitation number in the Global Search box.
",DibbsBSM@dla.mil,Primary NAICS 336413,Partial Refresh — Capacity Reached,High
Accepted,C,-3,RFP / Solicitation,"16--HARNESS,PERSONNEL P",DEPT OF DEFENSE.DEFENSE LOGISTICS AGENCY.DLA AVIATION.DLA AV RICHMOND.DLA AVIATION,,Solicitation,7c138ebcc1984f0d879d64a5641d33ca,SPE4A726T684Z,2026-08-28,0,336413,16,Small Business Set Aside - Total,,Not stated,,"Relevant Butler intelligence or subcontract lead, but prime feasibility is limited. Matched: dla aviation. Scope reads as hardware supply/manufacturing with no clear design, redesign, or engineering work (matched: supply-class PSC 16), so it is tracked as a subcontract/competitive-intelligence lead rather than a prime fit.",Set-aside eligibility may limit prime feasibility,Check set-aside,No obvious vehicle restriction,Unknown — check Butler contract vehicles,Requires small-business set-aside eligibility.,Prime uncertain,Check whether Butler can qualify directly or should team with an eligible prime.,small business set aside,https://sam.gov/workspace/contract/opp/7c138ebcc1984f0d879d64a5641d33ca/view,"{'rel': 'self', 'href': 'https://api.sam.gov/prod/opportunities/v2/search?noticeid=7c138ebcc1984f0d879d64a5641d33ca&limit=1'}","Questions regarding this solicitation should be emailed to the buyer listed in block 5 of the solicitation document which can be found under the Additional Information link.
If the Additional Information link does not work, please go to https://www.dibbs.bsm.dla.mil/Solicitations/ and type the solicitation number in the Global Search box.
",DibbsBSM@dla.mil,Primary NAICS 336413,Partial Refresh — Capacity Reached,High
Accepted,C,-3,RFP / Solicitation,"16--SENSOR,ANTI-LOCK BR",DEPT OF DEFENSE.DEFENSE LOGISTICS AGENCY.DLA AVIATION.DLA AV RICHMOND.DLA AVIATION,,Solicitation,55512f77b7fa4808936799f827cbae10,SPE4A726T685A,2026-08-28,0,336413,16,Small Business Set Aside - Total,,Not stated,,"Relevant Butler intelligence or subcontract lead, but prime feasibility is limited. Matched: dla aviation. Scope reads as hardware supply/manufacturing with no clear design, redesign, or engineering work (matched: supply-class PSC 16), so it is tracked as a subcontract/competitive-intelligence lead rather than a prime fit.",Set-aside eligibility may limit prime feasibility,Check set-aside,No obvious vehicle restriction,Unknown — check Butler contract vehicles,Requires small-business set-aside eligibility.,Prime uncertain,Check whether Butler can qualify directly or should team with an eligible prime.,small business set aside,https://sam.gov/workspace/contract/opp/55512f77b7fa4808936799f827cbae10/view,"{'rel': 'self', 'href': 'https://api.sam.gov/prod/opportunities/v2/search?noticeid=55512f77b7fa4808936799f827cbae10&limit=1'}","Questions regarding this solicitation should be emailed to the buyer listed in block 5 of the solicitation document which can be found under the Additional Information link.
If the Additional Information link does not work, please go to https://www.dibbs.bsm.dla.mil/Solicitations/ and type the solicitation number in the Global Search box.
",DibbsBSM@dla.mil,Primary NAICS 336413,Partial Refresh — Capacity Reached,High
Accepted,C,0,RFP / Solicitation,15--DOOR ASSEMBLY,DEPT OF DEFENSE.DEFENSE LOGISTICS AGENCY.DLA AVIATION.DLA AV RICHMOND.DLA AVIATION,,Solicitation,22b0b31cb6bc4e7295181da4ff9b173a,SPE4A726T684D,2026-08-28,0,336413,15,,,Not stated,,"Relevant Butler intelligence or subcontract lead, but prime feasibility is limited. Matched: dla aviation. Scope reads as hardware supply/manufacturing with no clear design, redesign, or engineering work (matched: supply-class PSC 15), so it is tracked as a subcontract/competitive-intelligence lead rather than a prime fit.",None identified,Possible subcontract lead,No obvious vehicle restriction,Not Applicable,No special eligibility found in SAM.gov fields.,Prime feasible,Monitor as a direct pursuit unless attachments indicate otherwise.,None detected,https://sam.gov/workspace/contract/opp/22b0b31cb6bc4e7295181da4ff9b173a/view,"{'rel': 'self', 'href': 'https://api.sam.gov/prod/opportunities/v2/search?noticeid=22b0b31cb6bc4e7295181da4ff9b173a&limit=1'}","Questions regarding this solicitation should be emailed to the buyer listed in block 5 of the solicitation document which can be found under the Additional Information link.
If the Additional Information link does not work, please go to https://www.dibbs.bsm.dla.mil/Solicitations/ and type the solicitation number in the Global Search box.
",DibbsBSM@dla.mil,Primary NAICS 336413,Partial Refresh — Capacity Reached,High
Accepted,C,-5,RFP / Solicitation,"Procurement of Cable, Special Purpose","HOMELAND SECURITY, DEPARTMENT OF.US COAST GUARD.AVIATION LOGISTICS CENTER (ALC)(00038)",,Solicitation,1485568a3f044663969ffb2f02594af6,70Z03826QJ0000323,2026-08-28,0,336413,6145,No Set aside used,,Not stated,,"Relevant Butler intelligence or subcontract lead, but prime feasibility is limited. Attachment text was included in the screen. Scope reads as hardware supply/manufacturing with no clear design, redesign, or engineering work (matched: procurement of, supply-class PSC 6145), so it is tracked as a subcontract/competitive-intelligence lead rather than a prime fit.",None identified,Possible subcontract lead,No obvious vehicle restriction,Not Applicable,No special eligibility found in SAM.gov fields.,Prime feasible,Monitor as a direct pursuit unless attachments indicate otherwise.,None detected,https://sam.gov/workspace/contract/opp/1485568a3f044663969ffb2f02594af6/view,"https://sam.gov/api/prod/opps/v3/opportunities/resources/files/233bda65e68f4d28aee232410a06aecf/download
https://sam.gov/api/prod/opps/v3/opportunities/resources/files/3dfb790e8ef540dfadb33a998b7894e0/download
{'rel': 'self', 'href': 'https://api.sam.gov/prod/opportunities/v2/search?noticeid=1485568a3f044663969ffb2f02594af6&limit=1'}",Cindy Harmes,Cindy.K.Harmes@uscg.mil,Primary NAICS 336413,Partial Refresh — Capacity Reached,High — attachment text read
