Status,Fit Category,Fit Score,Opportunity Stage,Opportunity Title,Agency,Office,Notice Type,Notice ID,Solicitation Number,Due Date,Days Until Due,NAICS,PSC,Set-Aside,Place of Performance,Contract Value / Ceiling,Contract Value Source Text,Why It Fits Butler,Feasibility Concern,Recommended Next Step,SeaPort / Vehicle Required,Eligibility Status,Eligibility Requirement,Prime Feasibility,Subcontract / Teaming Path,Eligibility Notes,SAM.gov Link,Attachment Links,Contact Name,Contact Email,Search Source,Refresh Status,Data Confidence
Accepted,B,8,RFP / Solicitation,"15--RUDDER,AIRCRAFT, IN REPAIR/MODIFICATION OF",DEPT OF DEFENSE.DEPT OF THE NAVY.NAVSUP.NAVSUP WEAPON SYSTEMS SUPPORT.NAVSUP WSS PHILADELPHIA.NAVSUP WEAPON SYSTEMS SUPPORT,,Solicitation,a7e79b3e93744a0e800a6e07e17432a7,N0038326RHA64,2026-11-20,86,336413,1560,,,Not stated,,"Possible Butler fit through broader defense engineering, logistics, testing, or program support. Matched: aircraft, navy, navsup.",None identified,Add to tracker,No obvious vehicle restriction,Not Applicable,No special eligibility found in SAM.gov fields.,Prime feasible,Monitor as a direct pursuit unless attachments indicate otherwise.,None detected,https://sam.gov/workspace/contract/opp/a7e79b3e93744a0e800a6e07e17432a7/view,"{'rel': 'self', 'href': 'https://api.sam.gov/prod/opportunities/v2/search?noticeid=a7e79b3e93744a0e800a6e07e17432a7&limit=1'}",Telephone: 2156972974,ALBERT.J.RUSSO17.CIV@US.NAVY.MIL,Primary NAICS 336413,Partial Refresh — Capacity Reached,High
Accepted,C,3,RFP / Solicitation,"STRAP,WEBBING",DEPT OF DEFENSE.DEPT OF THE NAVY.NAVSUP.NAVSUP WEAPON SYSTEMS SUPPORT.NAVSUP WSS PHILADELPHIA.NAVSUP WEAPON SYSTEMS SUPPORT,,Solicitation,515a52abaa1a4d279606e2db2a53b327,N0038326RAA51,2026-11-17,83,336413,1680,,,Not stated,,"Relevant Butler intelligence or subcontract lead, but prime feasibility is limited. Matched: navy, navsup. Scope reads as hardware supply/manufacturing with no clear design, redesign, or engineering work (matched: supply-class PSC 1680), so it is tracked as a subcontract/competitive-intelligence lead rather than a prime fit.",None identified,Possible subcontract lead,No obvious vehicle restriction,Not Applicable,No special eligibility found in SAM.gov fields.,Prime feasible,Monitor as a direct pursuit unless attachments indicate otherwise.,None detected,https://sam.gov/workspace/contract/opp/515a52abaa1a4d279606e2db2a53b327/view,"{'rel': 'self', 'href': 'https://api.sam.gov/prod/opportunities/v2/search?noticeid=515a52abaa1a4d279606e2db2a53b327&limit=1'}",Telephone: 2156972782,JOHN.A.MAIER11.CIV@US.NAVY.MIL,Primary NAICS 336413,Partial Refresh — Capacity Reached,High
Accepted,B,8,Sources Sought / RFI,"SYSTEM DELTA 84 (SYD 84/MT) MEDIUM EARTH ORBIT MISSILE WARNING / MISSILE TRACKING   EPOCH 3 and EPOCH 4, REQUEST FOR INFORMATION (RFI)",DEPT OF DEFENSE.DEPT OF THE AIR FORCE.SPACE SYSTEMS COMMAND.PEO SPACE SENSING.FA8810  SPACE SENSING SSC/SNK,,Sources Sought,0cd637419e794be7bee14a0867762722,FA8810-RFI-26-SYD84-E3E4,2026-10-31,66,541715,,No Set aside used,"El Segundo, California, UNITED STATES",Not stated,,"Possible Butler fit through broader defense engineering, logistics, testing, or program support. Matched: missile, air force.",None identified,Add to tracker,No obvious vehicle restriction,Not Applicable,No special eligibility found in SAM.gov fields.,Prime feasible,Monitor as a direct pursuit unless attachments indicate otherwise.,None detected,https://sam.gov/workspace/contract/opp/0cd637419e794be7bee14a0867762722/view,"{'rel': 'self', 'href': 'https://api.sam.gov/prod/opportunities/v2/search?noticeid=0cd637419e794be7bee14a0867762722&limit=1'}","Kerry Kearschner, Capt, USAF",kerry.kearschner@spaceforce.mil,Primary NAICS 541715,Partial Refresh — Capacity Reached,High
Accepted,C,3,RFP / Solicitation,"DRIVE UNIT,HYDRAULIC","DEPT OF DEFENSE.DEFENSE LOGISTICS AGENCY.DLA AVIATION.DLA AVIATION OKLAHOMA CITY.DLA AVIATION AT OKLAHOMA CITY, OK",,Solicitation,cfbb6f29073344bc9a2812afa615fcd1,SPRTA126R0001,2026-10-30,65,336413,1650,No Set aside used,"0, Oklahoma, UNITED STATES",Not stated,,"Relevant Butler intelligence or subcontract lead, but prime feasibility is limited. Matched: dla aviation. Attachment text was included in the screen. Scope reads as hardware supply/manufacturing with no clear design, redesign, or engineering work (matched: supply-class PSC 1650), so it is tracked as a subcontract/competitive-intelligence lead rather than a prime fit.",None identified,Possible subcontract lead,No obvious vehicle restriction,Not Applicable,No special eligibility found in SAM.gov fields.,Prime feasible,Monitor as a direct pursuit unless attachments indicate otherwise.,None detected,https://sam.gov/workspace/contract/opp/cfbb6f29073344bc9a2812afa615fcd1/view,"https://sam.gov/api/prod/opps/v3/opportunities/resources/files/05ede5d947d74fada8c648753ce84939/download
https://sam.gov/api/prod/opps/v3/opportunities/resources/files/4b4221df24ed4645a632b41b67378001/download
https://sam.gov/api/prod/opps/v3/opportunities/resources/files/ecf080dc6c0f4610b79aa33970a90abd/download
https://sam.gov/api/prod/opps/v3/opportunities/resources/files/f5cf959bc3c64cedab10e0dacf40ff3e/download
{'rel': 'self', 'href': 'https://api.sam.gov/prod/opportunities/v2/search?noticeid=cfbb6f29073344bc9a2812afa615fcd1&limit=1'}",Clifford Dockter,clifford.dockter@us.af.mil,Primary NAICS 336413,Partial Refresh — Capacity Reached,High — attachment text read
Accepted,C,3,RFP / Solicitation,SENSOR DEVICE,DEPT OF DEFENSE.DEPT OF THE NAVY.NAVSUP.NAVSUP WEAPON SYSTEMS SUPPORT.NAVSUP WSS PHILADELPHIA.NAVSUP WEAPON SYSTEMS SUPPORT,,Solicitation,f6faa76eb4094480bb03ffa4ee07db0e,N0038326RMA90,2026-10-19,54,336413,1680,,,Not stated,,"Relevant Butler intelligence or subcontract lead, but prime feasibility is limited. Matched: navy, navsup. Scope reads as hardware supply/manufacturing with no clear design, redesign, or engineering work (matched: supply-class PSC 1680), so it is tracked as a subcontract/competitive-intelligence lead rather than a prime fit.",None identified,Possible subcontract lead,No obvious vehicle restriction,Not Applicable,No special eligibility found in SAM.gov fields.,Prime feasible,Monitor as a direct pursuit unless attachments indicate otherwise.,None detected,https://sam.gov/workspace/contract/opp/f6faa76eb4094480bb03ffa4ee07db0e/view,"{'rel': 'self', 'href': 'https://api.sam.gov/prod/opportunities/v2/search?noticeid=f6faa76eb4094480bb03ffa4ee07db0e&limit=1'}",Telephone: 2156972983,ETHAN.T.STEIN.CIV@US.NAVY.MIL,Primary NAICS 336413,Partial Refresh — Capacity Reached,High
Accepted,C,8,Sources Sought / RFI,Evolved SEASPARROW Missile (ESSM) Next Significant Variant (NSV) Sources Sought,DEPT OF DEFENSE.DEPT OF THE NAVY.NAVSEA.NAVSEA HQ.NAVSEA HQ,,Sources Sought,222df33b0e244fa9bd104ab888c22b72,N00024-26-R-5445,2026-10-19,54,336414,1410,No Set aside used,"Washington Navy Yard, District of Columbia, UNITED STATES",Not stated,,"Relevant Butler intelligence or subcontract lead, but prime feasibility is limited. Matched: missile, navy, navsea. Attachment text was included in the screen. Scope reads as hardware supply/manufacturing with no clear design, redesign, or engineering work (matched: supply-class PSC 1410), so it is tracked as a subcontract/competitive-intelligence lead rather than a prime fit.",None identified,Possible subcontract lead,No obvious vehicle restriction,Not Applicable,No special eligibility found in SAM.gov fields.,Prime feasible,Monitor as a direct pursuit unless attachments indicate otherwise.,None detected,https://sam.gov/workspace/contract/opp/222df33b0e244fa9bd104ab888c22b72/view,"https://sam.gov/api/prod/opps/v3/opportunities/resources/files/a35e0df66cb640abb8cbef548ee7310a/download
{'rel': 'self', 'href': 'https://api.sam.gov/prod/opportunities/v2/search?noticeid=222df33b0e244fa9bd104ab888c22b72&limit=1'}",Megan Galloway,megan.e.galloway2.civ@us.navy.mil,Primary NAICS 336414,Partial Refresh — Capacity Reached,High — attachment text read
Accepted,C,8,RFP / Solicitation,KC-135 Center Console Refresh (CCR) Revision 2,DEPT OF DEFENSE.DEPT OF THE AIR FORCE.AIR FORCE MATERIEL COMMAND.AIR FORCE LIFE CYCLE MANAGEMENT CENTER.MOBILITY AIRCRAFT.FA8105  AFLCMC  WKK,,Solicitation,861605ca4f444ed7a4bfe2553258e004,FA8105_CCR_Rev2,2026-10-15,50,336413,1680,,"0, Oklahoma, UNITED STATES",Not stated,,"Relevant Butler intelligence or subcontract lead, but prime feasibility is limited. Matched: uav, air force, aflcmc. Attachment text was included in the screen. Scope reads as hardware supply/manufacturing with no clear design, redesign, or engineering work (matched: supply-class PSC 1680), so it is tracked as a subcontract/competitive-intelligence lead rather than a prime fit.",None identified,Possible subcontract lead,No obvious vehicle restriction,Not Applicable,No special eligibility found in SAM.gov fields.,Prime feasible,Monitor as a direct pursuit unless attachments indicate otherwise.,None detected,https://sam.gov/workspace/contract/opp/861605ca4f444ed7a4bfe2553258e004/view,"https://sam.gov/api/prod/opps/v3/opportunities/resources/files/040818b748734d5abcd23fb93e83fead/download
https://sam.gov/api/prod/opps/v3/opportunities/resources/files/0f84eb3edc9d424dbc1a84ff5fce67e7/download
https://sam.gov/api/prod/opps/v3/opportunities/resources/files/203c3128f78a4eee865ed3f99fd54a40/download
https://sam.gov/api/prod/opps/v3/opportunities/resources/files/38b1d5b829c842f28e2df78722cda27d/download
https://sam.gov/api/prod/opps/v3/opportunities/resources/files/4f0f1f7d753f4ff2aba891a2b0be768c/download
https://sam.gov/api/prod/opps/v3/opportunities/resources/files/51f4f16b93804cd9aae0cb9f872bb4f9/download
https://sam.gov/api/prod/opps/v3/opportunities/resources/files/5500ed6c281f4040a8c1a54f0abb456f/download
https://sam.gov/api/prod/opps/v3/opportunities/resources/files/5c2b9c8ec05e495bb63b9bc685087a5b/download
https://sam.gov/api/prod/opps/v3/opportunities/resources/files/6be1683035d547e4bd3822bc266155ba/download
https://sam.gov/api/prod/opps/v3/opportunities/resources/files/98e46dc51cb54c6c92ee1e726b3e24c2/download
https://sam.gov/api/prod/opps/v3/opportunities/resources/files/ad0632bce2bd44b58c0bba027c35ee72/download
https://sam.gov/api/prod/opps/v3/opportunities/resources/files/adbc552664744f9aa58f078eba6fd029/download
https://sam.gov/api/prod/opps/v3/opportunities/resources/files/aea0d3eff9984990b670237a5537909e/download
https://sam.gov/api/prod/opps/v3/opportunities/resources/files/b03a9d6d088c40bcad69d8b85ad968f5/download
https://sam.gov/api/prod/opps/v3/opportunities/resources/files/bd8bc5ac1eb341c0812c0e393187ee63/download
https://sam.gov/api/prod/opps/v3/opportunities/resources/files/c3b44b826e3243529b079d7c9041599c/download
https://sam.gov/api/prod/opps/v3/opportunities/resources/files/cb9a40c63a0344dc8f5c361b42ef27ad/download
https://sam.gov/api/prod/opps/v3/opportunities/resources/files/e01c84f058e84311aa2e327a37452571/download
https://sam.gov/api/prod/opps/v3/opportunities/resources/files/e90fbb8da75849c8a36fb22df651469b/download
https://sam.gov/api/prod/opps/v3/opportunities/resources/files/fd63fcfdeecd4d568dc1b13c1fcbbfe5/download
{'rel': 'self', 'href': 'https://api.sam.gov/prod/opportunities/v2/search?noticeid=861605ca4f444ed7a4bfe2553258e004&limit=1'}",Brandi Shelden,brandi.shelden@us.af.mil,Primary NAICS 336413,Partial Refresh — Capacity Reached,High — attachment text read
Accepted,C,0,RFP / Solicitation,"PISTON INSULATOR, THERMAL BRAKE",DEPT OF DEFENSE.DEFENSE LOGISTICS AGENCY.DLA AVIATION.DLA AV RICHMOND.DLA AVIATION,,Solicitation,e5e1f18f5dd044e2ba36e0e184994df5,SPE4A726R0780,2026-10-08,43,336413,1630,Small Business Set Aside - Total,,Not stated,,"Relevant Butler intelligence or subcontract lead, but prime feasibility is limited. Matched: dla aviation. Scope reads as hardware supply/manufacturing with no clear design, redesign, or engineering work (matched: supply-class PSC 1630), so it is tracked as a subcontract/competitive-intelligence lead rather than a prime fit.",Set-aside eligibility may limit prime feasibility,Check set-aside,No obvious vehicle restriction,Unknown — check Butler contract vehicles,Requires small-business set-aside eligibility.,Prime uncertain,Check whether Butler can qualify directly or should team with an eligible prime.,small business set aside,https://sam.gov/workspace/contract/opp/e5e1f18f5dd044e2ba36e0e184994df5/view,"{'rel': 'self', 'href': 'https://api.sam.gov/prod/opportunities/v2/search?noticeid=e5e1f18f5dd044e2ba36e0e184994df5&limit=1'}",Renee Griffin,Renee.Griffin@dla.mil,Primary NAICS 336413,Partial Refresh — Capacity Reached,High
Accepted,C,8,RFP / Solicitation,"1620-006540641, ARM,TOW,NOSE LANDIN/ 06F, C-130 HERCULES AIRCRAFT",DEPT OF DEFENSE.DEFENSE LOGISTICS AGENCY.DLA AVIATION.DLA AV RICHMOND.DLA AVIATION,,Solicitation,c16eb9690f014fb9893eec1358f7806d,SPE4A726R0739,2026-10-08,43,336413,1620,,"Virginia, UNITED STATES",Not stated,,"Relevant Butler intelligence or subcontract lead, but prime feasibility is limited. Matched: aircraft, dla aviation. Scope reads as hardware supply/manufacturing with no clear design, redesign, or engineering work (matched: supply-class PSC 1620), so it is tracked as a subcontract/competitive-intelligence lead rather than a prime fit.",None identified,Possible subcontract lead,No obvious vehicle restriction,Not Applicable,No special eligibility found in SAM.gov fields.,Prime feasible,Monitor as a direct pursuit unless attachments indicate otherwise.,None detected,https://sam.gov/workspace/contract/opp/c16eb9690f014fb9893eec1358f7806d/view,"{'rel': 'self', 'href': 'https://api.sam.gov/prod/opportunities/v2/search?noticeid=c16eb9690f014fb9893eec1358f7806d&limit=1'}",XUAN T PHAN,Xuan.Phan@dla.mil,Primary NAICS 336413,Partial Refresh — Capacity Reached,High
Accepted,C,0,RFP / Solicitation,ICBM Bulkhead Assembly,"DEPT OF DEFENSE.DEFENSE LOGISTICS AGENCY.DLA AVIATION.DLA AVIATION OGDEN.DLA  AVIATION AT OGDEN, UT",,Solicitation,b7aadba0c31f4dffb4d60a0d04db748e,SPRHA2-26-R-0039,2026-10-07,42,336419,1420,Small Business Set Aside - Total,,Not stated,,"Relevant Butler intelligence or subcontract lead, but prime feasibility is limited. Matched: dla aviation. Attachment text was included in the screen. Scope reads as hardware supply/manufacturing with no clear design, redesign, or engineering work (matched: supply-class PSC 1420), so it is tracked as a subcontract/competitive-intelligence lead rather than a prime fit.",Set-aside eligibility may limit prime feasibility,Check set-aside,No obvious vehicle restriction,Unknown — check Butler contract vehicles,Requires small-business set-aside eligibility.,Prime uncertain,Check whether Butler can qualify directly or should team with an eligible prime.,small business set aside,https://sam.gov/workspace/contract/opp/b7aadba0c31f4dffb4d60a0d04db748e/view,"https://sam.gov/api/prod/opps/v3/opportunities/resources/files/05de5979a2ff45e699ac99ec87ade54c/download
https://sam.gov/api/prod/opps/v3/opportunities/resources/files/9d3e522a1ed744cc8cd0715a5d47f39c/download
https://sam.gov/api/prod/opps/v3/opportunities/resources/files/b160aecd48fd423fa721c70c0d6133fd/download
https://sam.gov/api/prod/opps/v3/opportunities/resources/files/cb83ddbd720342c89c65d6a53dbe88d7/download
https://sam.gov/api/prod/opps/v3/opportunities/resources/files/cb9d11b3109c40cd8760795f32ae20ce/download
https://sam.gov/api/prod/opps/v3/opportunities/resources/files/ce670a75db404df39d47090d486118b8/download
{'rel': 'self', 'href': 'https://api.sam.gov/prod/opportunities/v2/search?noticeid=b7aadba0c31f4dffb4d60a0d04db748e&limit=1'}",Kody Quayle,kody.quayle@us.af.mil,Primary NAICS 336419,Partial Refresh — Capacity Reached,High — attachment text read
Accepted,A,12,Sources Sought / RFI,RFI for Next Generation Hypersonic Cruise Missiles,DEPT OF DEFENSE.DEFENSE ADVANCED RESEARCH PROJECTS AGENCY  (DARPA).DEF ADVANCED RESEARCH PROJECTS AGCY,,Special Notice,8859f9cfa2c045219b0148ef69b0ef6a,DARPA-SN-26-93,2026-10-06,41,541715,AC12,,,Not stated,,"Direct match to Butler aerospace/defense engineering or sustainment capabilities. Matched: missile, cnc, darpa. Attachment text was included in the screen.",None identified,Add to tracker,No obvious vehicle restriction,Not Applicable,No special eligibility found in SAM.gov fields.,Prime feasible,Monitor as a direct pursuit unless attachments indicate otherwise.,None detected,https://sam.gov/workspace/contract/opp/8859f9cfa2c045219b0148ef69b0ef6a/view,"https://sam.gov/api/prod/opps/v3/opportunities/resources/files/0ea9b880c30f4e169c6083525e5cbb43/download
https://sam.gov/api/prod/opps/v3/opportunities/resources/files/dcda66e296f44afbbe778abc58c07045/download
{'rel': 'self', 'href': 'https://api.sam.gov/prod/opportunities/v2/search?noticeid=8859f9cfa2c045219b0148ef69b0ef6a&limit=1'}",TTO Acquisition Team,DARPA-SN-26-93@darpa.mil,Primary NAICS 541715,Partial Refresh — Capacity Reached,High — attachment text read
Accepted,C,-2,RFP / Solicitation,"F110 VALVE ASSEMBLY, NSN: 2995-01-390-3690PR, PN: 1584M19P02","DEPT OF DEFENSE.DEFENSE LOGISTICS AGENCY.DLA AVIATION.DLA AVIATION OKLAHOMA CITY.DLA AVIATION AT OKLAHOMA CITY, OK",,Solicitation,a0069910668745c2b4377d6110d66154,SPRTA1-26-R-0371,2026-10-05,40,336412,2995,,"Irvine, California, UNITED STATES",Not stated,,"Relevant Butler intelligence or subcontract lead, but prime feasibility is limited. Matched: dla aviation. Attachment text was included in the screen. Scope reads as hardware supply/manufacturing with no clear design, redesign, or engineering work (matched: nsn, supply-class PSC 2995), so it is tracked as a subcontract/competitive-intelligence lead rather than a prime fit.",Sole-source/OEM/brand-name restriction detected,Check incumbent,No obvious vehicle restriction,Not Applicable,No special eligibility found in SAM.gov fields.,Prime unlikely,Monitor as a direct pursuit unless attachments indicate otherwise.,j&a,https://sam.gov/workspace/contract/opp/a0069910668745c2b4377d6110d66154/view,"https://sam.gov/api/prod/opps/v3/opportunities/resources/files/0a439e025e6d4d67a9d643e6c456e858/download
{'rel': 'self', 'href': 'https://api.sam.gov/prod/opportunities/v2/search?noticeid=a0069910668745c2b4377d6110d66154&limit=1'}",John Nolan,john.nolan.8@us.af.mil,Primary NAICS 336412,Partial Refresh — Capacity Reached,High — attachment text read
Accepted,C,8,RFP / Solicitation,"2945-01-050-5726, SUPPORT, FILTER ELEMENT,FLUID/05F, C/KC-135 STRATOLIFTER AIRCRAFT",DEPT OF DEFENSE.DEFENSE LOGISTICS AGENCY.DLA AVIATION.DLA AV RICHMOND.DLA AVIATION,,Solicitation,94966d26499443aab23137c5d60c3430,SPE4A726R0723,2026-10-05,40,336412,2945,,"Richmond, Virginia, UNITED STATES",Not stated,,"Relevant Butler intelligence or subcontract lead, but prime feasibility is limited. Matched: aircraft, dla aviation. Scope reads as hardware supply/manufacturing with no clear design, redesign, or engineering work (matched: supply-class PSC 2945), so it is tracked as a subcontract/competitive-intelligence lead rather than a prime fit.",None identified,Possible subcontract lead,No obvious vehicle restriction,Not Applicable,No special eligibility found in SAM.gov fields.,Prime feasible,Monitor as a direct pursuit unless attachments indicate otherwise.,None detected,https://sam.gov/workspace/contract/opp/94966d26499443aab23137c5d60c3430/view,"{'rel': 'self', 'href': 'https://api.sam.gov/prod/opportunities/v2/search?noticeid=94966d26499443aab23137c5d60c3430&limit=1'}",XUAN THANH PHAN,XUAN.PHAN@DLA.MIL,Primary NAICS 336412,Partial Refresh — Capacity Reached,High
Accepted,C,-2,RFP / Solicitation,Bulkhead Assy,"HOMELAND SECURITY, DEPARTMENT OF.US COAST GUARD.AVIATION LOGISTICS CENTER (ALC)(00038)",,Special Notice,0e571b3954944db28f3b6c72ee2ee86a,70Z03826QJ0000348,2026-09-30,35,336413,1560,No Set aside used,,Not stated,,"Relevant Butler intelligence or subcontract lead, but prime feasibility is limited. Attachment text was included in the screen. Scope reads as hardware supply/manufacturing with no clear design, redesign, or engineering work (matched: supply-class PSC 1560), so it is tracked as a subcontract/competitive-intelligence lead rather than a prime fit.",None identified,Possible subcontract lead,No obvious vehicle restriction,Not Applicable,No special eligibility found in SAM.gov fields.,Prime feasible,Monitor as a direct pursuit unless attachments indicate otherwise.,None detected,https://sam.gov/workspace/contract/opp/0e571b3954944db28f3b6c72ee2ee86a/view,"https://sam.gov/api/prod/opps/v3/opportunities/resources/files/cc3639ebf87840668436727f47e8b0d9/download
https://sam.gov/api/prod/opps/v3/opportunities/resources/files/cf4ec06cec0149f58e6f888e696cd2b2/download
{'rel': 'self', 'href': 'https://api.sam.gov/prod/opportunities/v2/search?noticeid=0e571b3954944db28f3b6c72ee2ee86a&limit=1'}",Austin Ivins,Austin.R.Ivins@uscg.mil,Primary NAICS 336413,Partial Refresh — Capacity Reached,High — attachment text read
Accepted,C,3,Low-Feasibility / J&A,"SOLE SOURCE – Procurement of Neuron, Linear Accelerator (LINAC) and Combined Environmental Testing Services",DEPT OF DEFENSE.DEPT OF THE NAVY.NAVSEA.NAVSEA WARFARE CENTER.NSWC CRANE,,Special Notice,9ea116071aba41eb9790892513d09a17,N0016426SNC03,2026-09-29,34,541715,B529,No Set aside used,"Crane, Indiana, UNITED STATES",Not stated,,"Relevant Butler intelligence or subcontract lead, but prime feasibility is limited. Matched: testing, navy, navsea, nswc. Scope reads as hardware supply/manufacturing with no clear design, redesign, or engineering work (matched: procurement of), so it is tracked as a subcontract/competitive-intelligence lead rather than a prime fit.",Sole-source/OEM/brand-name restriction detected,Check incumbent,No obvious vehicle restriction,Not Applicable,No special eligibility found in SAM.gov fields.,Prime unlikely,Monitor as a direct pursuit unless attachments indicate otherwise.,sole source,https://sam.gov/workspace/contract/opp/9ea116071aba41eb9790892513d09a17/view,"{'rel': 'self', 'href': 'https://api.sam.gov/prod/opportunities/v2/search?noticeid=9ea116071aba41eb9790892513d09a17&limit=1'}",Jamie Wilson,jamie.k.wilson1.civ@us.navy.mil,Primary NAICS 541715,Partial Refresh — Capacity Reached,High
Accepted,C,3,Sources Sought / RFI,Request for Information (RFI) for Silent Anvil Air-Launched Torpedo (SAA-LT) Standoff Delivery Solutions,DEPT OF DEFENSE.DEPT OF THE NAVY.NAVAIR.NAVAIR HQS.NAVAL AIR SYSTEMS COMMAND,,Sources Sought,54fe60e827954a45a71bc4b3ff892f27,N00019-27-RFI-PMX201-SILENTANVIL,2026-09-29,34,336414,1410,,"0, Maryland, UNITED STATES",Not stated,,"Relevant Butler intelligence or subcontract lead, but prime feasibility is limited. Matched: navy, navair. Attachment text was included in the screen. Scope reads as hardware supply/manufacturing with no clear design, redesign, or engineering work (matched: supply-class PSC 1410), so it is tracked as a subcontract/competitive-intelligence lead rather than a prime fit.",None identified,Possible subcontract lead,No obvious vehicle restriction,Not Applicable,No special eligibility found in SAM.gov fields.,Prime feasible,Monitor as a direct pursuit unless attachments indicate otherwise.,None detected,https://sam.gov/workspace/contract/opp/54fe60e827954a45a71bc4b3ff892f27/view,"https://sam.gov/api/prod/opps/v3/opportunities/resources/files/40b02e46bdfb45dfab0e9cae5d8606a7/download
{'rel': 'self', 'href': 'https://api.sam.gov/prod/opportunities/v2/search?noticeid=54fe60e827954a45a71bc4b3ff892f27&limit=1'}",Joseph Perriello,joseph.c.perriello.civ@us.navy.mil,Primary NAICS 336414,Partial Refresh — Capacity Reached,High — attachment text read
Accepted,C,3,Sources Sought / RFI,Request for Information (RFI)  for  Aerial Targets Branch (EBAY) Air Force Aerial Target Solutions,DEPT OF DEFENSE.DEPT OF THE AIR FORCE.AIR FORCE MATERIEL COMMAND.AIR FORCE LIFE CYCLE MANAGEMENT CENTER.WEAPONS.FA8678 AFLCMC EBAY,,Sources Sought,6a06ee44aa41434aac93b415257c05ea,FA8678-26-AFSAT-R0001,2026-09-28,33,336413,1550,,"0, Florida, UNITED STATES",Not stated,,"Relevant Butler intelligence or subcontract lead, but prime feasibility is limited. Matched: air force, aflcmc. Attachment text was included in the screen. Scope reads as hardware supply/manufacturing with no clear design, redesign, or engineering work (matched: supply-class PSC 1550), so it is tracked as a subcontract/competitive-intelligence lead rather than a prime fit.",None identified,Possible subcontract lead,No obvious vehicle restriction,Not Applicable,No special eligibility found in SAM.gov fields.,Prime feasible,Monitor as a direct pursuit unless attachments indicate otherwise.,None detected,https://sam.gov/workspace/contract/opp/6a06ee44aa41434aac93b415257c05ea/view,"https://sam.gov/api/prod/opps/v3/opportunities/resources/files/bb617ad4433b476583813b36c82eeca2/download
https://sam.gov/api/prod/opps/v3/opportunities/resources/files/f9f8c73fb37b40f785ed0629e663a749/download
{'rel': 'self', 'href': 'https://api.sam.gov/prod/opportunities/v2/search?noticeid=6a06ee44aa41434aac93b415257c05ea&limit=1'}",Nicholas Ardito,nicholas.ardito@us.af.mil,Primary NAICS 336413,Partial Refresh — Capacity Reached,High — attachment text read
Accepted,C,0,RFP / Solicitation,"Shroud, Segment, Turb","DEPT OF DEFENSE.DEFENSE LOGISTICS AGENCY.DLA AVIATION.DLA AVIATION OKLAHOMA CITY.DLA AVIATION AT OKLAHOMA CITY, OK",,Solicitation,0c69e5c4bba341be94d1c20be8bc14e4,SPRTA1-26-Q-1166,2026-09-25,30,336412,2840,Small Business Set Aside - Total,,Not stated,,"Relevant Butler intelligence or subcontract lead, but prime feasibility is limited. Matched: dla aviation. Attachment text was included in the screen. Scope reads as hardware supply/manufacturing with no clear design, redesign, or engineering work (matched: supply-class PSC 2840), so it is tracked as a subcontract/competitive-intelligence lead rather than a prime fit.",Set-aside eligibility may limit prime feasibility,Check set-aside,No obvious vehicle restriction,Unknown — check Butler contract vehicles,Requires small-business set-aside eligibility.,Prime uncertain,Check whether Butler can qualify directly or should team with an eligible prime.,small business set aside,https://sam.gov/workspace/contract/opp/0c69e5c4bba341be94d1c20be8bc14e4/view,"https://sam.gov/api/prod/opps/v3/opportunities/resources/files/f84f936da20c483bbe49e6644f3faba4/download
{'rel': 'self', 'href': 'https://api.sam.gov/prod/opportunities/v2/search?noticeid=0c69e5c4bba341be94d1c20be8bc14e4&limit=1'}",Jayson Skalla,jayson.skalla@us.af.mil,Primary NAICS 336412,Partial Refresh — Capacity Reached,High — attachment text read
Accepted,C,3,RFP / Solicitation,Solicitation for FMS BUY QTY 6 1RM 1680 015612487 E7,DEPT OF DEFENSE.DEPT OF THE NAVY.NAVSUP.NAVSUP WEAPON SYSTEMS SUPPORT.NAVSUP WSS PHILADELPHIA.NAVSUP WEAPON SYSTEMS SUPPORT,,Solicitation,c29efdbe238b4f7885b9b1a6887d57a5,N00383-26-Q-DA29,2026-09-25,30,336413,1680,,"Philadelphia, Pennsylvania, UNITED STATES",Not stated,,"Relevant Butler intelligence or subcontract lead, but prime feasibility is limited. Matched: navy, navsup. Scope reads as hardware supply/manufacturing with no clear design, redesign, or engineering work (matched: supply-class PSC 1680), so it is tracked as a subcontract/competitive-intelligence lead rather than a prime fit.",None identified,Possible subcontract lead,No obvious vehicle restriction,Not Applicable,No special eligibility found in SAM.gov fields.,Prime feasible,Monitor as a direct pursuit unless attachments indicate otherwise.,None detected,https://sam.gov/workspace/contract/opp/c29efdbe238b4f7885b9b1a6887d57a5/view,"{'rel': 'self', 'href': 'https://api.sam.gov/prod/opportunities/v2/search?noticeid=c29efdbe238b4f7885b9b1a6887d57a5&limit=1'}",Lara Szott 2156973473,lara.l.szott.civ@us.navy.mil,Primary NAICS 336413,Partial Refresh — Capacity Reached,High
Accepted,C,3,RFP / Solicitation,"Reeling Machine, Air N0038326RB065",DEPT OF DEFENSE.DEPT OF THE NAVY.NAVSUP.NAVSUP WEAPON SYSTEMS SUPPORT.NAVSUP WSS PHILADELPHIA.NAVSUP WEAPON SYSTEMS SUPPORT,,Solicitation,66a4a353f8134e21bb1501add58f071e,N0038326RB065,2026-09-25,30,336413,1680,,"Philadelphia, Pennsylvania, UNITED STATES",Not stated,,"Relevant Butler intelligence or subcontract lead, but prime feasibility is limited. Matched: navy, navsup. Scope reads as hardware supply/manufacturing with no clear design, redesign, or engineering work (matched: supply-class PSC 1680), so it is tracked as a subcontract/competitive-intelligence lead rather than a prime fit.",None identified,Possible subcontract lead,No obvious vehicle restriction,Not Applicable,No special eligibility found in SAM.gov fields.,Prime feasible,Monitor as a direct pursuit unless attachments indicate otherwise.,None detected,https://sam.gov/workspace/contract/opp/66a4a353f8134e21bb1501add58f071e/view,"{'rel': 'self', 'href': 'https://api.sam.gov/prod/opportunities/v2/search?noticeid=66a4a353f8134e21bb1501add58f071e&limit=1'}","BRIAN C. FURNESS, N733.21, PHONE (215)697-2000, EMAIL BRIAN.C.FURNESS.CIV@US.NAVY.MIL",BRIAN.C.FURNESS.CIV@US.NAVY.MIL,Primary NAICS 336413,Partial Refresh — Capacity Reached,High
Accepted,C,5,RFP / Solicitation,"Adapter, Hellfire Missile (Upper) and Adapter, Hellfire Missile (Lower)",DEPT OF DEFENSE.DEPT OF THE NAVY.NAVAIR.NAVAIR NAWC AD.NAVAIR WARFARE CTR AIRCRAFT DIV,,Solicitation,0282e1c056a04dda95c626f51101fe97,N6833526Q1186,2026-09-25,30,336419,1450,Small Business Set Aside - Total,,Not stated,,"Relevant Butler intelligence or subcontract lead, but prime feasibility is limited. Matched: missile, navy, navair, nawc. Attachment text was included in the screen. Scope reads as hardware supply/manufacturing with no clear design, redesign, or engineering work (matched: supply-class PSC 1450), so it is tracked as a subcontract/competitive-intelligence lead rather than a prime fit.",Set-aside eligibility may limit prime feasibility,Check set-aside,No obvious vehicle restriction,Unknown — check Butler contract vehicles,Requires small-business set-aside eligibility.,Prime uncertain,Check whether Butler can qualify directly or should team with an eligible prime.,small business set aside,https://sam.gov/workspace/contract/opp/0282e1c056a04dda95c626f51101fe97/view,"https://sam.gov/api/prod/opps/v3/opportunities/resources/files/a9465f7679cd4b66ba8a35196683abe0/download
{'rel': 'self', 'href': 'https://api.sam.gov/prod/opportunities/v2/search?noticeid=0282e1c056a04dda95c626f51101fe97&limit=1'}",Juan Carlos Belmonte,juancarlos.r.belmonte.civ@us.navy.mil,Primary NAICS 336419,Partial Refresh — Capacity Reached,High — attachment text read
Accepted,C,3,RFP / Solicitation,513 CVN MCS Seaport  ,DEPT OF DEFENSE.DEPT OF THE NAVY.NAVSEA.NAVSEA WARFARE CENTER.NSWC PHILADELPHIA DIV,,Solicitation,fcf3a631b4884f70ad3a01652dac0e7a,N6449826R3105,2026-09-24,29,541330,R425,,,Not stated,,"Relevant Butler intelligence or subcontract lead, but prime feasibility is limited. Matched: navy, navsea, nswc.",None identified,Possible subcontract lead,No obvious vehicle restriction,Not Applicable,No special eligibility found in SAM.gov fields.,Prime feasible,Monitor as a direct pursuit unless attachments indicate otherwise.,None detected,https://sam.gov/workspace/contract/opp/fcf3a631b4884f70ad3a01652dac0e7a/view,"{'rel': 'self', 'href': 'https://api.sam.gov/prod/opportunities/v2/search?noticeid=fcf3a631b4884f70ad3a01652dac0e7a&limit=1'}",WILLIAM DEVITO,william.j.devito8.civ@us.navy.mil,Primary NAICS 541330,Partial Refresh — Capacity Reached,High
Accepted,B,6,RFP / Solicitation,Code 34 Engineering Services for Electronic Warfare (EW) and Electromagnetic (EM) Special Programs,DEPT OF DEFENSE.DEPT OF THE NAVY.NAVSEA.NAVSEA WARFARE CENTER.NUWC DIV NEWPORT,,Solicitation,3224bb5e16f447bfb1bf36accefbd054,N6660426R3103,2026-09-24,29,541330,AC33,,,Not stated,,"Possible Butler fit through broader defense engineering, logistics, testing, or program support. Matched: engineering services, navy, navsea, nuwc.",None identified,Add to tracker,No obvious vehicle restriction,Not Applicable,No special eligibility found in SAM.gov fields.,Prime feasible,Monitor as a direct pursuit unless attachments indicate otherwise.,None detected,https://sam.gov/workspace/contract/opp/3224bb5e16f447bfb1bf36accefbd054/view,"{'rel': 'self', 'href': 'https://api.sam.gov/prod/opportunities/v2/search?noticeid=3224bb5e16f447bfb1bf36accefbd054&limit=1'}",Levi Andrews,levi.s.andrews2.civ@us.navy.mil,Primary NAICS 541330,Partial Refresh — Capacity Reached,High
Accepted,C,3,RFP / Solicitation,SPRTA1-26-R-0294 (NSN:2840-01-278-3281),"DEPT OF DEFENSE.DEFENSE LOGISTICS AGENCY.DLA AVIATION.DLA AVIATION OKLAHOMA CITY.DLA AVIATION AT OKLAHOMA CITY, OK",,Solicitation,b1a43edf40914eebb3be0b89990200af,SPRTA126R0294,2026-09-24,29,336412,2840,No Set aside used,,Not stated,,"Relevant Butler intelligence or subcontract lead, but prime feasibility is limited. Matched: dla aviation. Attachment text was included in the screen. Scope reads as hardware supply/manufacturing with no clear design, redesign, or engineering work (matched: nsn, supply-class PSC 2840), so it is tracked as a subcontract/competitive-intelligence lead rather than a prime fit.",None identified,Possible subcontract lead,No obvious vehicle restriction,Not Applicable,No special eligibility found in SAM.gov fields.,Prime feasible,Monitor as a direct pursuit unless attachments indicate otherwise.,None detected,https://sam.gov/workspace/contract/opp/b1a43edf40914eebb3be0b89990200af/view,"https://sam.gov/api/prod/opps/v3/opportunities/resources/files/76230e22fd5241ed8f8602f8312c90c3/download
{'rel': 'self', 'href': 'https://api.sam.gov/prod/opportunities/v2/search?noticeid=b1a43edf40914eebb3be0b89990200af&limit=1'}",Alson Dacalio,alson.dacalio@us.af.mil,Primary NAICS 336412,Partial Refresh — Capacity Reached,High — attachment text read
Accepted,C,3,RFP / Solicitation,Valve Assembly,"DEPT OF DEFENSE.DEFENSE LOGISTICS AGENCY.DLA AVIATION.DLA AVIATION OKLAHOMA CITY.DLA AVIATION AT OKLAHOMA CITY, OK",,Solicitation,5707c39b7bb9499ba25021e6feb91865,SPRTA1-26-Q-0854,2026-09-24,29,336412,2915,,,Not stated,,"Relevant Butler intelligence or subcontract lead, but prime feasibility is limited. Matched: dla aviation. Attachment text was included in the screen. Scope reads as hardware supply/manufacturing with no clear design, redesign, or engineering work (matched: supply-class PSC 2915), so it is tracked as a subcontract/competitive-intelligence lead rather than a prime fit.",None identified,Possible subcontract lead,No obvious vehicle restriction,Not Applicable,No special eligibility found in SAM.gov fields.,Prime feasible,Monitor as a direct pursuit unless attachments indicate otherwise.,None detected,https://sam.gov/workspace/contract/opp/5707c39b7bb9499ba25021e6feb91865/view,"https://sam.gov/api/prod/opps/v3/opportunities/resources/files/253ac022828e437b892694aeec86add5/download
{'rel': 'self', 'href': 'https://api.sam.gov/prod/opportunities/v2/search?noticeid=5707c39b7bb9499ba25021e6feb91865&limit=1'}",Jayson Skalla,jayson.skalla@us.af.mil,Primary NAICS 336412,Partial Refresh — Capacity Reached,High — attachment text read
Accepted,C,3,RFP / Solicitation,"Valve Assembly, Hydr","DEPT OF DEFENSE.DEFENSE LOGISTICS AGENCY.DLA AVIATION.DLA AVIATION OKLAHOMA CITY.DLA AVIATION AT OKLAHOMA CITY, OK",,Solicitation,cc07e3721340455b840083447485a317,SPRTA1-26-Q-0444,2026-09-24,29,336413,1650,No Set aside used,,Not stated,,"Relevant Butler intelligence or subcontract lead, but prime feasibility is limited. Matched: dla aviation. Attachment text was included in the screen. Scope reads as hardware supply/manufacturing with no clear design, redesign, or engineering work (matched: supply-class PSC 1650), so it is tracked as a subcontract/competitive-intelligence lead rather than a prime fit.",None identified,Possible subcontract lead,No obvious vehicle restriction,Not Applicable,No special eligibility found in SAM.gov fields.,Prime feasible,Monitor as a direct pursuit unless attachments indicate otherwise.,None detected,https://sam.gov/workspace/contract/opp/cc07e3721340455b840083447485a317/view,"https://sam.gov/api/prod/opps/v3/opportunities/resources/files/74c7076b922b48f5b4b17d07f0d12859/download
{'rel': 'self', 'href': 'https://api.sam.gov/prod/opportunities/v2/search?noticeid=cc07e3721340455b840083447485a317&limit=1'}",Micah Miller,micah.miller.5@us.af.mil,Primary NAICS 336413,Partial Refresh — Capacity Reached,High — attachment text read
Accepted,C,-2,Special Notice,Support Assembly,"HOMELAND SECURITY, DEPARTMENT OF.US COAST GUARD.AVIATION LOGISTICS CENTER (ALC)(00038)",,Special Notice,ae80f38d294648c387b086d6c8b9db2c,70Z03826QJ0000335,2026-09-24,29,336413,1615,,,Not stated,,"Relevant Butler intelligence or subcontract lead, but prime feasibility is limited. Attachment text was included in the screen. Scope reads as hardware supply/manufacturing with no clear design, redesign, or engineering work (matched: supply-class PSC 1615), so it is tracked as a subcontract/competitive-intelligence lead rather than a prime fit.",None identified,Possible subcontract lead,No obvious vehicle restriction,Not Applicable,No special eligibility found in SAM.gov fields.,Prime feasible,Monitor as a direct pursuit unless attachments indicate otherwise.,None detected,https://sam.gov/workspace/contract/opp/ae80f38d294648c387b086d6c8b9db2c/view,"https://sam.gov/api/prod/opps/v3/opportunities/resources/files/18ccfe5d9ee14c6b96cfa5ed244d9709/download
https://sam.gov/api/prod/opps/v3/opportunities/resources/files/a1878c0212824bb18bafce9ea0a0d439/download
{'rel': 'self', 'href': 'https://api.sam.gov/prod/opportunities/v2/search?noticeid=ae80f38d294648c387b086d6c8b9db2c&limit=1'}",Dempsey Teachey,Dempsey.L.Teachey@uscg.mil,Primary NAICS 336413,Partial Refresh — Capacity Reached,High — attachment text read
Accepted,C,3,Sources Sought / RFI,Compressor Housing,"DEPT OF DEFENSE.DEFENSE LOGISTICS AGENCY.DLA AVIATION.DLA AVIATION OKLAHOMA CITY.DLA AVIATION AT OKLAHOMA CITY, OK",,Sources Sought,9bfe707c818a40f9a0d93a06b719cc3b,FD20302601035,2026-09-24,29,336413,1660,No Set aside used,UNITED STATES,Not stated,,"Relevant Butler intelligence or subcontract lead, but prime feasibility is limited. Matched: dla aviation. Attachment text was included in the screen. Scope reads as hardware supply/manufacturing with no clear design, redesign, or engineering work (matched: supply-class PSC 1660), so it is tracked as a subcontract/competitive-intelligence lead rather than a prime fit.",None identified,Possible subcontract lead,No obvious vehicle restriction,Not Applicable,No special eligibility found in SAM.gov fields.,Prime feasible,Monitor as a direct pursuit unless attachments indicate otherwise.,None detected,https://sam.gov/workspace/contract/opp/9bfe707c818a40f9a0d93a06b719cc3b/view,"https://sam.gov/api/prod/opps/v3/opportunities/resources/files/7ccecbf994e54b93b36e4c926fbaad63/download
{'rel': 'self', 'href': 'https://api.sam.gov/prod/opportunities/v2/search?noticeid=9bfe707c818a40f9a0d93a06b719cc3b&limit=1'}",423 Workflow,423scms.guea.workflow@us.af.mil,Primary NAICS 336413,Partial Refresh — Capacity Reached,High — attachment text read
Accepted,C,3,RFP / Solicitation,"FMS, QTY 2, NIIN 016460641",DEPT OF DEFENSE.DEPT OF THE NAVY.NAVSUP.NAVSUP WEAPON SYSTEMS SUPPORT.NAVSUP WSS PHILADELPHIA.NAVSUP WEAPON SYSTEMS SUPPORT,,Solicitation,6e3433a3b5534b6485f12673d5eda675,N0038326QM076,2026-09-24,29,336413,1680,,"45080, Florida, UNITED STATES",Not stated,,"Relevant Butler intelligence or subcontract lead, but prime feasibility is limited. Matched: navy, navsup. Attachment text was included in the screen. Scope reads as hardware supply/manufacturing with no clear design, redesign, or engineering work (matched: supply-class PSC 1680), so it is tracked as a subcontract/competitive-intelligence lead rather than a prime fit.",Set-aside eligibility may limit prime feasibility,Check set-aside,No obvious vehicle restriction,Unknown — check Butler contract vehicles,Requires small-business set-aside eligibility.,Prime uncertain,Check whether Butler can qualify directly or should team with an eligible prime.,small business set-aside,https://sam.gov/workspace/contract/opp/6e3433a3b5534b6485f12673d5eda675/view,"https://sam.gov/api/prod/opps/v3/opportunities/resources/files/19114b8af8d7434480398f2bacb51a42/download
{'rel': 'self', 'href': 'https://api.sam.gov/prod/opportunities/v2/search?noticeid=6e3433a3b5534b6485f12673d5eda675&limit=1'}",TARA B. KUPPERSTEIN,TARA.B.KUPPERSTEIN.CIV@US.NAVY.MIL,Primary NAICS 336413,Partial Refresh — Capacity Reached,High — attachment text read
Accepted,C,5,Special Notice,"Fairing, Aircraft","HOMELAND SECURITY, DEPARTMENT OF.US COAST GUARD.AVIATION LOGISTICS CENTER (ALC)(00038)",,Special Notice,208cb3694e824c15a7f566936cb48185,70Z03826QJ0000178,2026-09-24,29,336413,1560,,,Not stated,,"Relevant Butler intelligence or subcontract lead, but prime feasibility is limited. Matched: aircraft. Attachment text was included in the screen. Scope reads as hardware supply/manufacturing with no clear design, redesign, or engineering work (matched: supply-class PSC 1560), so it is tracked as a subcontract/competitive-intelligence lead rather than a prime fit.",None identified,Possible subcontract lead,No obvious vehicle restriction,Not Applicable,No special eligibility found in SAM.gov fields.,Prime feasible,Monitor as a direct pursuit unless attachments indicate otherwise.,None detected,https://sam.gov/workspace/contract/opp/208cb3694e824c15a7f566936cb48185/view,"https://sam.gov/api/prod/opps/v3/opportunities/resources/files/2ef16150999a42e991fff3c1d3436681/download
https://sam.gov/api/prod/opps/v3/opportunities/resources/files/c7216aaf6fb645dd95141228f3036cee/download
{'rel': 'self', 'href': 'https://api.sam.gov/prod/opportunities/v2/search?noticeid=208cb3694e824c15a7f566936cb48185&limit=1'}",Austin Ivins,Austin.R.Ivins@uscg.mil,Primary NAICS 336413,Partial Refresh — Capacity Reached,High — attachment text read
Accepted,C,3,RFP / Solicitation,"F-100 Case, Compressor, Air","DEPT OF DEFENSE.DEFENSE LOGISTICS AGENCY.DLA AVIATION.DLA AVIATION OKLAHOMA CITY.DLA AVIATION AT OKLAHOMA CITY, OK",,Solicitation,39b0284d0b3746398168bebea824135f,SPRTA126R1234,2026-09-23,28,336412,2840,No Set aside used,UNITED STATES,Not stated,,"Relevant Butler intelligence or subcontract lead, but prime feasibility is limited. Matched: dla aviation. Attachment text was included in the screen. Scope reads as hardware supply/manufacturing with no clear design, redesign, or engineering work (matched: supply-class PSC 2840), so it is tracked as a subcontract/competitive-intelligence lead rather than a prime fit.",None identified,Possible subcontract lead,No obvious vehicle restriction,Not Applicable,No special eligibility found in SAM.gov fields.,Prime feasible,Monitor as a direct pursuit unless attachments indicate otherwise.,None detected,https://sam.gov/workspace/contract/opp/39b0284d0b3746398168bebea824135f/view,"https://sam.gov/api/prod/opps/v3/opportunities/resources/files/035972a5ebfb4c6eb08117057f9b543a/download
https://sam.gov/api/prod/opps/v3/opportunities/resources/files/f390186dd51a41a88d00d34f56b4eef8/download
{'rel': 'self', 'href': 'https://api.sam.gov/prod/opportunities/v2/search?noticeid=39b0284d0b3746398168bebea824135f&limit=1'}",Jeremy Bryant,Jeremy.bryant@us.af.mil,Primary NAICS 336412,Partial Refresh — Capacity Reached,High — attachment text read
Accepted,C,3,RFP / Solicitation,"Request for Proposal (RFP) FA8504-26-R-B005, Center Wing Box",DEPT OF DEFENSE.DEPT OF THE AIR FORCE.AIR FORCE MATERIEL COMMAND.AIR FORCE LIFE CYCLE MANAGEMENT CENTER.MOBILITY AIRCRAFT.FA8504  AFLCMC WLNKA,,Solicitation,7bd7e78c1c7b479a8485b9ece6582a55,FA8504-26-R-B005,2026-09-21,26,336411,1510,No Set aside used,UNITED STATES,Not stated,,"Relevant Butler intelligence or subcontract lead, but prime feasibility is limited. Matched: air force, aflcmc. Attachment text was included in the screen. Scope reads as hardware supply/manufacturing with no clear design, redesign, or engineering work (matched: supply-class PSC 1510), so it is tracked as a subcontract/competitive-intelligence lead rather than a prime fit.",None identified,Possible subcontract lead,No obvious vehicle restriction,Not Applicable,No special eligibility found in SAM.gov fields.,Prime feasible,Monitor as a direct pursuit unless attachments indicate otherwise.,None detected,https://sam.gov/workspace/contract/opp/7bd7e78c1c7b479a8485b9ece6582a55/view,"https://sam.gov/api/prod/opps/v3/opportunities/resources/files/0396c9507a36478cb09cf131e173c6c4/download
https://sam.gov/api/prod/opps/v3/opportunities/resources/files/3a4f5a1b811a4962910a2ded6a342579/download
https://sam.gov/api/prod/opps/v3/opportunities/resources/files/46997c6efe224ed9a5ec3cecf4e08c66/download
https://sam.gov/api/prod/opps/v3/opportunities/resources/files/4ee1d3d0542c4a9cb2ff52d2377de977/download
https://sam.gov/api/prod/opps/v3/opportunities/resources/files/7b91a66de1674cf085dbabc8253b323d/download
https://sam.gov/api/prod/opps/v3/opportunities/resources/files/8ec27367417c4f78b47bd1509c180174/download
https://sam.gov/api/prod/opps/v3/opportunities/resources/files/aa10e33a0c70459a9713dc29863dc2c3/download
https://sam.gov/api/prod/opps/v3/opportunities/resources/files/e3178651e4a54ac1b43affa74ab536b5/download
https://sam.gov/api/prod/opps/v3/opportunities/resources/files/ef081d13b3224ce890b513d660e0b030/download
{'rel': 'self', 'href': 'https://api.sam.gov/prod/opportunities/v2/search?noticeid=7bd7e78c1c7b479a8485b9ece6582a55&limit=1'}",Oya Harrison,oya.harrison.1@us.af.mil,Primary NAICS 336411,Partial Refresh — Capacity Reached,High — attachment text read
Accepted,C,3,RFP / Solicitation,"28--BLADE,COMPRESSOR,AI","DEPT OF DEFENSE.DEFENSE LOGISTICS AGENCY.DLA AVIATION.DLA AVIATION PHILADELPHIA.DLA AVIATION AT PHILADELPHIA, PA",,Solicitation,ab64eb89184b483885e3b7938dc683c4,SPRPA126QYC98,2026-09-21,26,336412,2840,,,Not stated,,"Relevant Butler intelligence or subcontract lead, but prime feasibility is limited. Matched: dla aviation. Scope reads as hardware supply/manufacturing with no clear design, redesign, or engineering work (matched: supply-class PSC 2840), so it is tracked as a subcontract/competitive-intelligence lead rather than a prime fit.",None identified,Possible subcontract lead,No obvious vehicle restriction,Not Applicable,No special eligibility found in SAM.gov fields.,Prime feasible,Monitor as a direct pursuit unless attachments indicate otherwise.,None detected,https://sam.gov/workspace/contract/opp/ab64eb89184b483885e3b7938dc683c4/view,"{'rel': 'self', 'href': 'https://api.sam.gov/prod/opportunities/v2/search?noticeid=ab64eb89184b483885e3b7938dc683c4&limit=1'}",Telephone: 2157378600,BRETT.DUFFEY@DLA.MIL,Primary NAICS 336412,Partial Refresh — Capacity Reached,High
Accepted,C,3,RFP / Solicitation,"28--BLADE,TURBINE ROTOR","DEPT OF DEFENSE.DEFENSE LOGISTICS AGENCY.DLA AVIATION.DLA AVIATION PHILADELPHIA.DLA AVIATION AT PHILADELPHIA, PA",,Solicitation,20ff2d282c2c4e75b0c81e6c7bef6e56,SPRPA126QYC97,2026-09-21,26,336412,2840,,,Not stated,,"Relevant Butler intelligence or subcontract lead, but prime feasibility is limited. Matched: dla aviation. Scope reads as hardware supply/manufacturing with no clear design, redesign, or engineering work (matched: supply-class PSC 2840), so it is tracked as a subcontract/competitive-intelligence lead rather than a prime fit.",None identified,Possible subcontract lead,No obvious vehicle restriction,Not Applicable,No special eligibility found in SAM.gov fields.,Prime feasible,Monitor as a direct pursuit unless attachments indicate otherwise.,None detected,https://sam.gov/workspace/contract/opp/20ff2d282c2c4e75b0c81e6c7bef6e56/view,"{'rel': 'self', 'href': 'https://api.sam.gov/prod/opportunities/v2/search?noticeid=20ff2d282c2c4e75b0c81e6c7bef6e56&limit=1'}",Telephone: 2157378600,BRETT.DUFFEY@DLA.MIL,Primary NAICS 336412,Partial Refresh — Capacity Reached,High
Accepted,C,3,RFP / Solicitation,"28--VALVE,BLEED START","DEPT OF DEFENSE.DEFENSE LOGISTICS AGENCY.DLA AVIATION.DLA AVIATION PHILADELPHIA.DLA AVIATION AT PHILADELPHIA, PA",,Solicitation,1a2a4cbf5aaf43c8a7b098db584ea405,SPRPA126QYC95,2026-09-21,26,336412,2840,,,Not stated,,"Relevant Butler intelligence or subcontract lead, but prime feasibility is limited. Matched: dla aviation. Scope reads as hardware supply/manufacturing with no clear design, redesign, or engineering work (matched: supply-class PSC 2840), so it is tracked as a subcontract/competitive-intelligence lead rather than a prime fit.",None identified,Possible subcontract lead,No obvious vehicle restriction,Not Applicable,No special eligibility found in SAM.gov fields.,Prime feasible,Monitor as a direct pursuit unless attachments indicate otherwise.,None detected,https://sam.gov/workspace/contract/opp/1a2a4cbf5aaf43c8a7b098db584ea405/view,"{'rel': 'self', 'href': 'https://api.sam.gov/prod/opportunities/v2/search?noticeid=1a2a4cbf5aaf43c8a7b098db584ea405&limit=1'}",Telephone: 2157378600,BRETT.DUFFEY@DLA.MIL,Primary NAICS 336412,Partial Refresh — Capacity Reached,High
Accepted,C,3,RFP / Solicitation,"28--BLADE,TURBINE ROTOR","DEPT OF DEFENSE.DEFENSE LOGISTICS AGENCY.DLA AVIATION.DLA AVIATION PHILADELPHIA.DLA AVIATION AT PHILADELPHIA, PA",,Solicitation,16eb3f1794a54e9c97d4fd65b7d03fcc,SPRPA126QYC96,2026-09-21,26,336412,2840,,,Not stated,,"Relevant Butler intelligence or subcontract lead, but prime feasibility is limited. Matched: dla aviation. Scope reads as hardware supply/manufacturing with no clear design, redesign, or engineering work (matched: supply-class PSC 2840), so it is tracked as a subcontract/competitive-intelligence lead rather than a prime fit.",None identified,Possible subcontract lead,No obvious vehicle restriction,Not Applicable,No special eligibility found in SAM.gov fields.,Prime feasible,Monitor as a direct pursuit unless attachments indicate otherwise.,None detected,https://sam.gov/workspace/contract/opp/16eb3f1794a54e9c97d4fd65b7d03fcc/view,"{'rel': 'self', 'href': 'https://api.sam.gov/prod/opportunities/v2/search?noticeid=16eb3f1794a54e9c97d4fd65b7d03fcc&limit=1'}",Telephone: 2157378600,BRETT.DUFFEY@DLA.MIL,Primary NAICS 336412,Partial Refresh — Capacity Reached,High
Accepted,C,3,RFP / Solicitation,"Valve, Fuel System","DEPT OF DEFENSE.DEFENSE LOGISTICS AGENCY.DLA AVIATION.DLA AVIATION OKLAHOMA CITY.DLA AVIATION AT OKLAHOMA CITY, OK",,Solicitation,6300084457c24e9ca8402faa7226974d,SPRTA1-26-Q-0652,2026-09-21,26,336412,2915,,,Not stated,,"Relevant Butler intelligence or subcontract lead, but prime feasibility is limited. Matched: dla aviation. Attachment text was included in the screen. Scope reads as hardware supply/manufacturing with no clear design, redesign, or engineering work (matched: supply-class PSC 2915), so it is tracked as a subcontract/competitive-intelligence lead rather than a prime fit.",None identified,Possible subcontract lead,No obvious vehicle restriction,Not Applicable,No special eligibility found in SAM.gov fields.,Prime feasible,Monitor as a direct pursuit unless attachments indicate otherwise.,None detected,https://sam.gov/workspace/contract/opp/6300084457c24e9ca8402faa7226974d/view,"https://sam.gov/api/prod/opps/v3/opportunities/resources/files/bd30cb88e1174226b2f896b4254b0dc9/download
{'rel': 'self', 'href': 'https://api.sam.gov/prod/opportunities/v2/search?noticeid=6300084457c24e9ca8402faa7226974d&limit=1'}",Jayson Skalla,jayson.skalla@us.af.mil,Primary NAICS 336412,Partial Refresh — Capacity Reached,High — attachment text read
Accepted,C,3,RFP / Solicitation,"SUPPORT,TURBINE COM","DEPT OF DEFENSE.DEFENSE LOGISTICS AGENCY.DLA AVIATION.DLA AVIATION PHILADELPHIA.DLA AVIATION AT PHILADELPHIA, PA",,Solicitation,504724bc83d84958be3290f7cc4286c6,SPRPA126QYD04,2026-09-21,26,336412,2840,,,Not stated,,"Relevant Butler intelligence or subcontract lead, but prime feasibility is limited. Matched: dla aviation. Scope reads as hardware supply/manufacturing with no clear design, redesign, or engineering work (matched: supply-class PSC 2840), so it is tracked as a subcontract/competitive-intelligence lead rather than a prime fit.",None identified,Possible subcontract lead,No obvious vehicle restriction,Not Applicable,No special eligibility found in SAM.gov fields.,Prime feasible,Monitor as a direct pursuit unless attachments indicate otherwise.,None detected,https://sam.gov/workspace/contract/opp/504724bc83d84958be3290f7cc4286c6/view,"{'rel': 'self', 'href': 'https://api.sam.gov/prod/opportunities/v2/search?noticeid=504724bc83d84958be3290f7cc4286c6&limit=1'}",Telephone: 2157373416,JOHN.MCCARRY@DLA.MIL,Primary NAICS 336412,Partial Refresh — Capacity Reached,High
Accepted,C,3,RFP / Solicitation,"ENCLOSURE,COMPUTER","DEPT OF DEFENSE.DEFENSE LOGISTICS AGENCY.DLA AVIATION.DLA AVIATION PHILADELPHIA.DLA AVIATION AT PHILADELPHIA, PA",,Solicitation,f4dab56413b849f2a2925ec5a9d9b35d,SPRPA126QZB93,2026-09-21,26,336413,1680,,,Not stated,,"Relevant Butler intelligence or subcontract lead, but prime feasibility is limited. Matched: dla aviation. Scope reads as hardware supply/manufacturing with no clear design, redesign, or engineering work (matched: supply-class PSC 1680), so it is tracked as a subcontract/competitive-intelligence lead rather than a prime fit.",None identified,Possible subcontract lead,No obvious vehicle restriction,Not Applicable,No special eligibility found in SAM.gov fields.,Prime feasible,Monitor as a direct pursuit unless attachments indicate otherwise.,None detected,https://sam.gov/workspace/contract/opp/f4dab56413b849f2a2925ec5a9d9b35d/view,"{'rel': 'self', 'href': 'https://api.sam.gov/prod/opportunities/v2/search?noticeid=f4dab56413b849f2a2925ec5a9d9b35d&limit=1'}",Telephone: 2157376795,BRIAN.BLANCO@DLA.MIL,Primary NAICS 336413,Partial Refresh — Capacity Reached,High
Accepted,C,8,RFP / Solicitation,"RF LRM,AIRCRAFT","DEPT OF DEFENSE.DEFENSE LOGISTICS AGENCY.DLA AVIATION.DLA AVIATION PHILADELPHIA.DLA AVIATION AT PHILADELPHIA, PA",,Solicitation,e2c2068dde07470fb06201a90b049f0d,SPRPA126QZB81,2026-09-21,26,336413,1680,,,Not stated,,"Relevant Butler intelligence or subcontract lead, but prime feasibility is limited. Matched: aircraft, dla aviation. Scope reads as hardware supply/manufacturing with no clear design, redesign, or engineering work (matched: supply-class PSC 1680), so it is tracked as a subcontract/competitive-intelligence lead rather than a prime fit.",None identified,Possible subcontract lead,No obvious vehicle restriction,Not Applicable,No special eligibility found in SAM.gov fields.,Prime feasible,Monitor as a direct pursuit unless attachments indicate otherwise.,None detected,https://sam.gov/workspace/contract/opp/e2c2068dde07470fb06201a90b049f0d/view,"{'rel': 'self', 'href': 'https://api.sam.gov/prod/opportunities/v2/search?noticeid=e2c2068dde07470fb06201a90b049f0d&limit=1'}",Telephone: 2157376795,BRIAN.BLANCO@DLA.MIL,Primary NAICS 336413,Partial Refresh — Capacity Reached,High
Accepted,C,3,RFP / Solicitation,MANUAL DRIVE SHAFT,"DEPT OF DEFENSE.DEFENSE LOGISTICS AGENCY.DLA AVIATION.DLA AVIATION PHILADELPHIA.DLA AVIATION AT PHILADELPHIA, PA",,Solicitation,bf56bc5ecc17428fbc851a97a585d85e,SPRPA126QYD34,2026-09-21,26,336413,1680,,,Not stated,,"Relevant Butler intelligence or subcontract lead, but prime feasibility is limited. Matched: dla aviation. Scope reads as hardware supply/manufacturing with no clear design, redesign, or engineering work (matched: supply-class PSC 1680), so it is tracked as a subcontract/competitive-intelligence lead rather than a prime fit.",None identified,Possible subcontract lead,No obvious vehicle restriction,Not Applicable,No special eligibility found in SAM.gov fields.,Prime feasible,Monitor as a direct pursuit unless attachments indicate otherwise.,None detected,https://sam.gov/workspace/contract/opp/bf56bc5ecc17428fbc851a97a585d85e/view,"{'rel': 'self', 'href': 'https://api.sam.gov/prod/opportunities/v2/search?noticeid=bf56bc5ecc17428fbc851a97a585d85e&limit=1'}",Telephone: 2157376835,KAILEIGH.BLAKER@DLA.MIL,Primary NAICS 336413,Partial Refresh — Capacity Reached,High
Accepted,C,3,RFP / Solicitation,VALVE WINDSHIELD WA,"DEPT OF DEFENSE.DEFENSE LOGISTICS AGENCY.DLA AVIATION.DLA AVIATION PHILADELPHIA.DLA AVIATION AT PHILADELPHIA, PA",,Solicitation,b9b2aeb6b6ec4e83ab8375feabe213d0,SPRPA126QUB64,2026-09-21,26,336413,1680,,,Not stated,,"Relevant Butler intelligence or subcontract lead, but prime feasibility is limited. Matched: dla aviation. Scope reads as hardware supply/manufacturing with no clear design, redesign, or engineering work (matched: supply-class PSC 1680), so it is tracked as a subcontract/competitive-intelligence lead rather than a prime fit.",None identified,Possible subcontract lead,No obvious vehicle restriction,Not Applicable,No special eligibility found in SAM.gov fields.,Prime feasible,Monitor as a direct pursuit unless attachments indicate otherwise.,None detected,https://sam.gov/workspace/contract/opp/b9b2aeb6b6ec4e83ab8375feabe213d0/view,"{'rel': 'self', 'href': 'https://api.sam.gov/prod/opportunities/v2/search?noticeid=b9b2aeb6b6ec4e83ab8375feabe213d0&limit=1'}",Telephone: 2157372488,SAMUEL.EVERETT@DLA.MIL,Primary NAICS 336413,Partial Refresh — Capacity Reached,High
Accepted,C,3,RFP / Solicitation,PANEL ASSEMBLY - CD,"DEPT OF DEFENSE.DEFENSE LOGISTICS AGENCY.DLA AVIATION.DLA AVIATION PHILADELPHIA.DLA AVIATION AT PHILADELPHIA, PA",,Solicitation,779f01c2f6304e049d49bfefe25df649,SPRPA126QUB67,2026-09-21,26,336413,1680,,,Not stated,,"Relevant Butler intelligence or subcontract lead, but prime feasibility is limited. Matched: dla aviation. Scope reads as hardware supply/manufacturing with no clear design, redesign, or engineering work (matched: supply-class PSC 1680), so it is tracked as a subcontract/competitive-intelligence lead rather than a prime fit.",None identified,Possible subcontract lead,No obvious vehicle restriction,Not Applicable,No special eligibility found in SAM.gov fields.,Prime feasible,Monitor as a direct pursuit unless attachments indicate otherwise.,None detected,https://sam.gov/workspace/contract/opp/779f01c2f6304e049d49bfefe25df649/view,"{'rel': 'self', 'href': 'https://api.sam.gov/prod/opportunities/v2/search?noticeid=779f01c2f6304e049d49bfefe25df649&limit=1'}",Telephone: 2157372488,SAMUEL.EVERETT@DLA.MIL,Primary NAICS 336413,Partial Refresh — Capacity Reached,High
Accepted,C,3,RFP / Solicitation,"ACTUATOR TRAY ASSY,","DEPT OF DEFENSE.DEFENSE LOGISTICS AGENCY.DLA AVIATION.DLA AVIATION PHILADELPHIA.DLA AVIATION AT PHILADELPHIA, PA",,Solicitation,7231f1d3f74b41f6b326973a328c3de4,SPRPA126QUB68,2026-09-21,26,336413,1680,,,Not stated,,"Relevant Butler intelligence or subcontract lead, but prime feasibility is limited. Matched: dla aviation. Scope reads as hardware supply/manufacturing with no clear design, redesign, or engineering work (matched: supply-class PSC 1680), so it is tracked as a subcontract/competitive-intelligence lead rather than a prime fit.",None identified,Possible subcontract lead,No obvious vehicle restriction,Not Applicable,No special eligibility found in SAM.gov fields.,Prime feasible,Monitor as a direct pursuit unless attachments indicate otherwise.,None detected,https://sam.gov/workspace/contract/opp/7231f1d3f74b41f6b326973a328c3de4/view,"{'rel': 'self', 'href': 'https://api.sam.gov/prod/opportunities/v2/search?noticeid=7231f1d3f74b41f6b326973a328c3de4&limit=1'}",Electronic Mail: SAMUEL.EVERETT@DLA.MIL,SAMUEL.EVERETT@DLA.MIL,Primary NAICS 336413,Partial Refresh — Capacity Reached,High
Accepted,C,3,RFP / Solicitation,RADOME ASSEMBLY,"DEPT OF DEFENSE.DEFENSE LOGISTICS AGENCY.DLA AVIATION.DLA AVIATION PHILADELPHIA.DLA AVIATION AT PHILADELPHIA, PA",,Solicitation,71ca4161b7d94779a0f26d23ba6db10e,SPRPA126QUB62,2026-09-21,26,336413,1680,,,Not stated,,"Relevant Butler intelligence or subcontract lead, but prime feasibility is limited. Matched: dla aviation. Scope reads as hardware supply/manufacturing with no clear design, redesign, or engineering work (matched: supply-class PSC 1680), so it is tracked as a subcontract/competitive-intelligence lead rather than a prime fit.",None identified,Possible subcontract lead,No obvious vehicle restriction,Not Applicable,No special eligibility found in SAM.gov fields.,Prime feasible,Monitor as a direct pursuit unless attachments indicate otherwise.,None detected,https://sam.gov/workspace/contract/opp/71ca4161b7d94779a0f26d23ba6db10e/view,"{'rel': 'self', 'href': 'https://api.sam.gov/prod/opportunities/v2/search?noticeid=71ca4161b7d94779a0f26d23ba6db10e&limit=1'}",Telephone: 2157372488,SAMUEL.EVERETT@DLA.MIL,Primary NAICS 336413,Partial Refresh — Capacity Reached,High
Accepted,C,3,RFP / Solicitation,MOISTURE SEPARATOR,"DEPT OF DEFENSE.DEFENSE LOGISTICS AGENCY.DLA AVIATION.DLA AVIATION PHILADELPHIA.DLA AVIATION AT PHILADELPHIA, PA",,Solicitation,3c4aad61c37a41f7b8613af4d6f5e0db,SPRPA126QUB63,2026-09-21,26,336413,1680,,,Not stated,,"Relevant Butler intelligence or subcontract lead, but prime feasibility is limited. Matched: dla aviation. Scope reads as hardware supply/manufacturing with no clear design, redesign, or engineering work (matched: supply-class PSC 1680), so it is tracked as a subcontract/competitive-intelligence lead rather than a prime fit.",None identified,Possible subcontract lead,No obvious vehicle restriction,Not Applicable,No special eligibility found in SAM.gov fields.,Prime feasible,Monitor as a direct pursuit unless attachments indicate otherwise.,None detected,https://sam.gov/workspace/contract/opp/3c4aad61c37a41f7b8613af4d6f5e0db/view,"{'rel': 'self', 'href': 'https://api.sam.gov/prod/opportunities/v2/search?noticeid=3c4aad61c37a41f7b8613af4d6f5e0db&limit=1'}",Telephone: 2157372488,SAMUEL.EVERETT@DLA.MIL,Primary NAICS 336413,Partial Refresh — Capacity Reached,High
Accepted,C,3,RFP / Solicitation,MANUAL DRIVE SHAFT,"DEPT OF DEFENSE.DEFENSE LOGISTICS AGENCY.DLA AVIATION.DLA AVIATION PHILADELPHIA.DLA AVIATION AT PHILADELPHIA, PA",,Solicitation,23c3ac1305454b59a34f81e84ccae669,SPRPA126QYD33,2026-09-21,26,336413,1680,,,Not stated,,"Relevant Butler intelligence or subcontract lead, but prime feasibility is limited. Matched: dla aviation. Scope reads as hardware supply/manufacturing with no clear design, redesign, or engineering work (matched: supply-class PSC 1680), so it is tracked as a subcontract/competitive-intelligence lead rather than a prime fit.",None identified,Possible subcontract lead,No obvious vehicle restriction,Not Applicable,No special eligibility found in SAM.gov fields.,Prime feasible,Monitor as a direct pursuit unless attachments indicate otherwise.,None detected,https://sam.gov/workspace/contract/opp/23c3ac1305454b59a34f81e84ccae669/view,"{'rel': 'self', 'href': 'https://api.sam.gov/prod/opportunities/v2/search?noticeid=23c3ac1305454b59a34f81e84ccae669&limit=1'}",Telephone: 2157376835,KAILEIGH.BLAKER@DLA.MIL,Primary NAICS 336413,Partial Refresh — Capacity Reached,High
Accepted,C,8,RFP / Solicitation,"FUEL CELL,AIRCRAFT,","DEPT OF DEFENSE.DEFENSE LOGISTICS AGENCY.DLA AVIATION.DLA AVIATION PHILADELPHIA.DLA AVIATION AT PHILADELPHIA, PA",,Solicitation,c7f1fa860c3e4841ab21ffe8ebc0c4a5,SPRPA126QWB72,2026-09-21,26,336413,1680,,,Not stated,,"Relevant Butler intelligence or subcontract lead, but prime feasibility is limited. Matched: aircraft, dla aviation. Scope reads as hardware supply/manufacturing with no clear design, redesign, or engineering work (matched: supply-class PSC 1680), so it is tracked as a subcontract/competitive-intelligence lead rather than a prime fit.",None identified,Possible subcontract lead,No obvious vehicle restriction,Not Applicable,No special eligibility found in SAM.gov fields.,Prime feasible,Monitor as a direct pursuit unless attachments indicate otherwise.,None detected,https://sam.gov/workspace/contract/opp/c7f1fa860c3e4841ab21ffe8ebc0c4a5/view,"{'rel': 'self', 'href': 'https://api.sam.gov/prod/opportunities/v2/search?noticeid=c7f1fa860c3e4841ab21ffe8ebc0c4a5&limit=1'}",Telephone: 2676608638,GINA.PALUMBO@DLA.MIL,Primary NAICS 336413,Partial Refresh — Capacity Reached,High
Accepted,C,3,RFP / Solicitation,C-141/C-17  Box Assembly Slipway,"DEPT OF DEFENSE.DEFENSE LOGISTICS AGENCY.DLA AVIATION.DLA AVIATION OKLAHOMA CITY.DLA AVIATION AT OKLAHOMA CITY, OK",,Solicitation,acb9862296bf4a04882286804b22330c,SPRTA126R0348,2026-09-21,26,336413,1680,No Set aside used,UNITED STATES,Not stated,,"Relevant Butler intelligence or subcontract lead, but prime feasibility is limited. Matched: dla aviation. Attachment text was included in the screen. Scope reads as hardware supply/manufacturing with no clear design, redesign, or engineering work (matched: supply-class PSC 1680), so it is tracked as a subcontract/competitive-intelligence lead rather than a prime fit.",None identified,Possible subcontract lead,No obvious vehicle restriction,Not Applicable,No special eligibility found in SAM.gov fields.,Prime feasible,Monitor as a direct pursuit unless attachments indicate otherwise.,None detected,https://sam.gov/workspace/contract/opp/acb9862296bf4a04882286804b22330c/view,"https://sam.gov/api/prod/opps/v3/opportunities/resources/files/27c3e44fed3340ca8803c12612a6fe7e/download
https://sam.gov/api/prod/opps/v3/opportunities/resources/files/35c068572a5447c1a8c7a7fb8b3892b0/download
https://sam.gov/api/prod/opps/v3/opportunities/resources/files/647e1f2b82f842539ac532c19a1b1db7/download
https://sam.gov/api/prod/opps/v3/opportunities/resources/files/9afdcef6b4824f278c46c71eb8e01373/download
https://sam.gov/api/prod/opps/v3/opportunities/resources/files/c757ef535c1c4caa8ff835a0378c22c9/download
{'rel': 'self', 'href': 'https://api.sam.gov/prod/opportunities/v2/search?noticeid=acb9862296bf4a04882286804b22330c&limit=1'}",Lori Lumsden,lori.lumsden.1@us.af.mil,Primary NAICS 336413,Partial Refresh — Capacity Reached,High — attachment text read
Accepted,C,3,RFP / Solicitation,16--STOP ASSEMBLY UNIT,DEPT OF DEFENSE.DEPT OF THE NAVY.NAVSUP.NAVSUP WEAPON SYSTEMS SUPPORT.NAVSUP WSS PHILADELPHIA.NAVSUP WEAPON SYSTEMS SUPPORT,,Solicitation,a8fd1fa91a09411d9172531b54fb2957,N0038326QFB04,2026-09-21,26,336413,1630,,,Not stated,,"Relevant Butler intelligence or subcontract lead, but prime feasibility is limited. Matched: navy, navsup. Scope reads as hardware supply/manufacturing with no clear design, redesign, or engineering work (matched: supply-class PSC 1630), so it is tracked as a subcontract/competitive-intelligence lead rather than a prime fit.",None identified,Possible subcontract lead,No obvious vehicle restriction,Not Applicable,No special eligibility found in SAM.gov fields.,Prime feasible,Monitor as a direct pursuit unless attachments indicate otherwise.,None detected,https://sam.gov/workspace/contract/opp/a8fd1fa91a09411d9172531b54fb2957/view,"{'rel': 'self', 'href': 'https://api.sam.gov/prod/opportunities/v2/search?noticeid=a8fd1fa91a09411d9172531b54fb2957&limit=1'}",Telephone: 2156971020,KATE.N.SCHALCK.CIV@US.NAVY.MIL,Primary NAICS 336413,Partial Refresh — Capacity Reached,High
Accepted,C,8,RFP / Solicitation,"FUEL CELL,AIRCRAFT,","DEPT OF DEFENSE.DEFENSE LOGISTICS AGENCY.DLA AVIATION.DLA AVIATION PHILADELPHIA.DLA AVIATION AT PHILADELPHIA, PA",,Solicitation,9ec39e8ea2fe4d0fa09c29cc294e3ec1,SPRPA126QWB74,2026-09-21,26,336413,1680,,,Not stated,,"Relevant Butler intelligence or subcontract lead, but prime feasibility is limited. Matched: aircraft, dla aviation. Scope reads as hardware supply/manufacturing with no clear design, redesign, or engineering work (matched: supply-class PSC 1680), so it is tracked as a subcontract/competitive-intelligence lead rather than a prime fit.",None identified,Possible subcontract lead,No obvious vehicle restriction,Not Applicable,No special eligibility found in SAM.gov fields.,Prime feasible,Monitor as a direct pursuit unless attachments indicate otherwise.,None detected,https://sam.gov/workspace/contract/opp/9ec39e8ea2fe4d0fa09c29cc294e3ec1/view,"{'rel': 'self', 'href': 'https://api.sam.gov/prod/opportunities/v2/search?noticeid=9ec39e8ea2fe4d0fa09c29cc294e3ec1&limit=1'}",Telephone: 2676608638,GINA.PALUMBO@DLA.MIL,Primary NAICS 336413,Partial Refresh — Capacity Reached,High
Accepted,C,3,RFP / Solicitation,"FUEL FEED CELL,AIRC","DEPT OF DEFENSE.DEFENSE LOGISTICS AGENCY.DLA AVIATION.DLA AVIATION PHILADELPHIA.DLA AVIATION AT PHILADELPHIA, PA",,Solicitation,89756e871f424fbdb15a619e13ebe832,SPRPA126QWB70,2026-09-21,26,336413,1680,,,Not stated,,"Relevant Butler intelligence or subcontract lead, but prime feasibility is limited. Matched: dla aviation. Scope reads as hardware supply/manufacturing with no clear design, redesign, or engineering work (matched: supply-class PSC 1680), so it is tracked as a subcontract/competitive-intelligence lead rather than a prime fit.",None identified,Possible subcontract lead,No obvious vehicle restriction,Not Applicable,No special eligibility found in SAM.gov fields.,Prime feasible,Monitor as a direct pursuit unless attachments indicate otherwise.,None detected,https://sam.gov/workspace/contract/opp/89756e871f424fbdb15a619e13ebe832/view,"{'rel': 'self', 'href': 'https://api.sam.gov/prod/opportunities/v2/search?noticeid=89756e871f424fbdb15a619e13ebe832&limit=1'}",Telephone: 2676608638,GINA.PALUMBO@DLA.MIL,Primary NAICS 336413,Partial Refresh — Capacity Reached,High
Accepted,C,3,RFP / Solicitation,"New Manufacture of PANEL,CONTROL,ELECT/1680012808653RK/ L5304289-031","DEPT OF DEFENSE.DEFENSE LOGISTICS AGENCY.DLA AVIATION.DLA AVIATION OKLAHOMA CITY.DLA AVIATION AT OKLAHOMA CITY, OK",,Solicitation,7fe5f199a64f40d387694eeed07b3584,SPRTA1-26-R-0382,2026-09-21,26,336413,1680,No Set aside used,UNITED STATES,Not stated,,"Relevant Butler intelligence or subcontract lead, but prime feasibility is limited. Matched: dla aviation. Scope reads as hardware supply/manufacturing with no clear design, redesign, or engineering work (matched: manufacture of, new manufacture, supply-class PSC 1680), so it is tracked as a subcontract/competitive-intelligence lead rather than a prime fit.",None identified,Possible subcontract lead,No obvious vehicle restriction,Not Applicable,No special eligibility found in SAM.gov fields.,Prime feasible,Monitor as a direct pursuit unless attachments indicate otherwise.,None detected,https://sam.gov/workspace/contract/opp/7fe5f199a64f40d387694eeed07b3584/view,"https://sam.gov/api/prod/opps/v3/opportunities/resources/files/7c7d1368b5ea4f7ea6fda7fac6d8f65c/download
{'rel': 'self', 'href': 'https://api.sam.gov/prod/opportunities/v2/search?noticeid=7fe5f199a64f40d387694eeed07b3584&limit=1'}",Jessie Payne,Jessie.payne@us.af.mil,Primary NAICS 336413,Partial Refresh — Capacity Reached,High
Accepted,C,8,RFP / Solicitation,"CELL,FUEL,AIRCRAFT","DEPT OF DEFENSE.DEFENSE LOGISTICS AGENCY.DLA AVIATION.DLA AVIATION PHILADELPHIA.DLA AVIATION AT PHILADELPHIA, PA",,Solicitation,63a13a5529f94619b49d8ec13104a3ff,SPRPA126QWB73,2026-09-21,26,336413,1560,,,Not stated,,"Relevant Butler intelligence or subcontract lead, but prime feasibility is limited. Matched: aircraft, dla aviation. Scope reads as hardware supply/manufacturing with no clear design, redesign, or engineering work (matched: supply-class PSC 1560), so it is tracked as a subcontract/competitive-intelligence lead rather than a prime fit.",None identified,Possible subcontract lead,No obvious vehicle restriction,Not Applicable,No special eligibility found in SAM.gov fields.,Prime feasible,Monitor as a direct pursuit unless attachments indicate otherwise.,None detected,https://sam.gov/workspace/contract/opp/63a13a5529f94619b49d8ec13104a3ff/view,"{'rel': 'self', 'href': 'https://api.sam.gov/prod/opportunities/v2/search?noticeid=63a13a5529f94619b49d8ec13104a3ff&limit=1'}",Telephone: 2676608638,GINA.PALUMBO@DLA.MIL,Primary NAICS 336413,Partial Refresh — Capacity Reached,High
Accepted,C,3,RFP / Solicitation,"NRP,FWD UPLOCK FAIR",DEPT OF DEFENSE.DEPT OF THE NAVY.NAVSUP.NAVSUP WEAPON SYSTEMS SUPPORT.NAVSUP WSS PHILADELPHIA.NAVSUP WEAPON SYSTEMS SUPPORT,,Solicitation,6101da2e9caa454e9d5b360605a05010,N0038326QTC66,2026-09-21,26,336413,1680,,,Not stated,,"Relevant Butler intelligence or subcontract lead, but prime feasibility is limited. Matched: navy, navsup. Scope reads as hardware supply/manufacturing with no clear design, redesign, or engineering work (matched: supply-class PSC 1680), so it is tracked as a subcontract/competitive-intelligence lead rather than a prime fit.",None identified,Possible subcontract lead,No obvious vehicle restriction,Not Applicable,No special eligibility found in SAM.gov fields.,Prime feasible,Monitor as a direct pursuit unless attachments indicate otherwise.,None detected,https://sam.gov/workspace/contract/opp/6101da2e9caa454e9d5b360605a05010/view,"{'rel': 'self', 'href': 'https://api.sam.gov/prod/opportunities/v2/search?noticeid=6101da2e9caa454e9d5b360605a05010&limit=1'}",Telephone: 2156974787,KELLY.A.GIPSON2.CIV@US.NAVY.MIL,Primary NAICS 336413,Partial Refresh — Capacity Reached,High
Accepted,C,3,RFP / Solicitation,"RAMP,TUNNEL CLOSURE",DEPT OF DEFENSE.DEPT OF THE NAVY.NAVSUP.NAVSUP WEAPON SYSTEMS SUPPORT.NAVSUP WSS PHILADELPHIA.NAVSUP WEAPON SYSTEMS SUPPORT,,Solicitation,358da10f17964210a0dcddb455289589,N0038326QTC73,2026-09-21,26,336413,1680,,,Not stated,,"Relevant Butler intelligence or subcontract lead, but prime feasibility is limited. Matched: navy, navsup. Scope reads as hardware supply/manufacturing with no clear design, redesign, or engineering work (matched: supply-class PSC 1680), so it is tracked as a subcontract/competitive-intelligence lead rather than a prime fit.",None identified,Possible subcontract lead,No obvious vehicle restriction,Not Applicable,No special eligibility found in SAM.gov fields.,Prime feasible,Monitor as a direct pursuit unless attachments indicate otherwise.,None detected,https://sam.gov/workspace/contract/opp/358da10f17964210a0dcddb455289589/view,"{'rel': 'self', 'href': 'https://api.sam.gov/prod/opportunities/v2/search?noticeid=358da10f17964210a0dcddb455289589&limit=1'}",Telephone: 2156974787,KELLY.A.GIPSON2.CIV@US.NAVY.MIL,Primary NAICS 336413,Partial Refresh — Capacity Reached,High
Accepted,C,3,RFP / Solicitation,"NRP,SERVO,TAIL ROTO","DEPT OF DEFENSE.DEFENSE LOGISTICS AGENCY.DLA AVIATION.DLA AVIATION PHILADELPHIA.DLA AVIATION AT PHILADELPHIA, PA",,Solicitation,0591169e9ee847478128849d608044d7,SPRPA126QYD00,2026-09-21,26,336413,1650,,,Not stated,,"Relevant Butler intelligence or subcontract lead, but prime feasibility is limited. Matched: dla aviation. Scope reads as hardware supply/manufacturing with no clear design, redesign, or engineering work (matched: supply-class PSC 1650), so it is tracked as a subcontract/competitive-intelligence lead rather than a prime fit.",None identified,Possible subcontract lead,No obvious vehicle restriction,Not Applicable,No special eligibility found in SAM.gov fields.,Prime feasible,Monitor as a direct pursuit unless attachments indicate otherwise.,None detected,https://sam.gov/workspace/contract/opp/0591169e9ee847478128849d608044d7/view,"{'rel': 'self', 'href': 'https://api.sam.gov/prod/opportunities/v2/search?noticeid=0591169e9ee847478128849d608044d7&limit=1'}",Telephone: 2157376835,KAILEIGH.BLAKER@DLA.MIL,Primary NAICS 336413,Partial Refresh — Capacity Reached,High
Accepted,C,3,RFP / Solicitation,"Dome, Sonar",DEPT OF DEFENSE.DEPT OF THE NAVY.NAVSUP.NAVSUP WEAPON SYSTEMS SUPPORT.NAVSUP WSS PHILADELPHIA.NAVSUP WEAPON SYSTEMS SUPPORT,,Solicitation,c2ec0beb31d04ba082e77e867f8ed71b, N0038326RB064,2026-09-21,26,336413,5845,,"57551, Pennsylvania, UNITED STATES",Not stated,,"Relevant Butler intelligence or subcontract lead, but prime feasibility is limited. Matched: navy, navsup. Scope reads as hardware supply/manufacturing with no clear design, redesign, or engineering work (matched: supply-class PSC 5845), so it is tracked as a subcontract/competitive-intelligence lead rather than a prime fit.",None identified,Possible subcontract lead,No obvious vehicle restriction,Not Applicable,No special eligibility found in SAM.gov fields.,Prime feasible,Monitor as a direct pursuit unless attachments indicate otherwise.,None detected,https://sam.gov/workspace/contract/opp/c2ec0beb31d04ba082e77e867f8ed71b/view,"{'rel': 'self', 'href': 'https://api.sam.gov/prod/opportunities/v2/search?noticeid=c2ec0beb31d04ba082e77e867f8ed71b&limit=1'}","BRIAN C. FURNESS, N733.21, PHONE (215)697-2000, EMAIL BRIAN.C.FURNESS.CIV@US.NAVY.MIL",BRIAN.C.FURNESS.CIV@US.NAVY.MIL,Primary NAICS 336413,Partial Refresh — Capacity Reached,High
Accepted,C,3,RFP / Solicitation,Equipped Helmet,DEPT OF DEFENSE.DEPT OF THE NAVY.NAVSUP.NAVSUP WEAPON SYSTEMS SUPPORT.NAVSUP WSS PHILADELPHIA.NAVSUP WEAPON SYSTEMS SUPPORT,,Solicitation,7e70dc51c09641e4ad026bfedba4457e,N0038326QB099,2026-09-21,26,336413,1270,,"57551, Pennsylvania, UNITED STATES",Not stated,,"Relevant Butler intelligence or subcontract lead, but prime feasibility is limited. Matched: navy, navsup. Scope reads as hardware supply/manufacturing with no clear design, redesign, or engineering work (matched: supply-class PSC 1270), so it is tracked as a subcontract/competitive-intelligence lead rather than a prime fit.",None identified,Possible subcontract lead,No obvious vehicle restriction,Not Applicable,No special eligibility found in SAM.gov fields.,Prime feasible,Monitor as a direct pursuit unless attachments indicate otherwise.,None detected,https://sam.gov/workspace/contract/opp/7e70dc51c09641e4ad026bfedba4457e/view,"{'rel': 'self', 'href': 'https://api.sam.gov/prod/opportunities/v2/search?noticeid=7e70dc51c09641e4ad026bfedba4457e&limit=1'}","BRIAN C. FURNESS, N733.21, PHONE (215)697-2000, EMAIL BRIAN.C.FURNESS.CIV@US.NAVY.MIL",BRIAN.C.FURNESS.CIV@US.NAVY.MIL,Primary NAICS 336413,Partial Refresh — Capacity Reached,High
Accepted,C,3,RFP / Solicitation,"PUMP, AXIAL PISTONS","DEPT OF DEFENSE.DEFENSE LOGISTICS AGENCY.DLA AVIATION.DLA AVIATION OKLAHOMA CITY.DLA AVIATION AT OKLAHOMA CITY, OK",,Solicitation,33309197ad584fb4bf18eeb87290b0e0,SPRTA1-26-Q-1865,2026-09-20,25,336413,4320,,UNITED STATES,Not stated,,"Relevant Butler intelligence or subcontract lead, but prime feasibility is limited. Matched: dla aviation. Attachment text was included in the screen. Scope reads as hardware supply/manufacturing with no clear design, redesign, or engineering work (matched: supply-class PSC 4320), so it is tracked as a subcontract/competitive-intelligence lead rather than a prime fit.",None identified,Possible subcontract lead,No obvious vehicle restriction,Not Applicable,No special eligibility found in SAM.gov fields.,Prime feasible,Monitor as a direct pursuit unless attachments indicate otherwise.,None detected,https://sam.gov/workspace/contract/opp/33309197ad584fb4bf18eeb87290b0e0/view,"https://sam.gov/api/prod/opps/v3/opportunities/resources/files/3a006106d8eb4ababdd716cf3e2d6fed/download
{'rel': 'self', 'href': 'https://api.sam.gov/prod/opportunities/v2/search?noticeid=33309197ad584fb4bf18eeb87290b0e0&limit=1'}",Genevee Suba,genevee.suba@us.af.mil,Primary NAICS 336413,Partial Refresh — Capacity Reached,High — attachment text read
Accepted,C,3,Sources Sought / RFI,"NOZZLE SEGMENT,TURB _End_Item_F100_NSN_2840014559142NZ_PN_4088060","DEPT OF DEFENSE.DEFENSE LOGISTICS AGENCY.DLA AVIATION.DLA AVIATION OKLAHOMA CITY.DLA AVIATION AT OKLAHOMA CITY, OK",,Sources Sought,2c5d8490e020456a9f07e9279dcb2c05,FD20302602484,2026-09-19,24,336412,2840,No Set aside used,UNITED STATES,Not stated,,"Relevant Butler intelligence or subcontract lead, but prime feasibility is limited. Matched: dla aviation. Attachment text was included in the screen. Scope reads as hardware supply/manufacturing with no clear design, redesign, or engineering work (matched: nsn, supply-class PSC 2840), so it is tracked as a subcontract/competitive-intelligence lead rather than a prime fit.",None identified,Possible subcontract lead,No obvious vehicle restriction,Not Applicable,No special eligibility found in SAM.gov fields.,Prime feasible,Monitor as a direct pursuit unless attachments indicate otherwise.,None detected,https://sam.gov/workspace/contract/opp/2c5d8490e020456a9f07e9279dcb2c05/view,"https://sam.gov/api/prod/opps/v3/opportunities/resources/files/b606ffba27064368a963fd28972ec443/download
{'rel': 'self', 'href': 'https://api.sam.gov/prod/opportunities/v2/search?noticeid=2c5d8490e020456a9f07e9279dcb2c05&limit=1'}",430 SCMS,430scms.afmc.rfiresponses@us.af.mil,Primary NAICS 336412,Partial Refresh — Capacity Reached,High — attachment text read
Accepted,C,8,RFP / Solicitation,"NSN 1560-01-731-2349; SKIN,AIRCRAFT; WSDC: EFN; MQ-4C TRITON UAS",DEPT OF DEFENSE.DEFENSE LOGISTICS AGENCY.DLA AVIATION.DLA AV RICHMOND.DLA AVIATION,,Solicitation,8c251210bd14412282aade8d2b9ca9de,SPE4A626R0276,2026-09-19,24,336413,1560,No Set aside used,"Richmond, Virginia, UNITED STATES",Not stated,,"Relevant Butler intelligence or subcontract lead, but prime feasibility is limited. Matched: aircraft, uas, dla aviation. Scope reads as hardware supply/manufacturing with no clear design, redesign, or engineering work (matched: nsn, supply-class PSC 1560), so it is tracked as a subcontract/competitive-intelligence lead rather than a prime fit.",None identified,Possible subcontract lead,No obvious vehicle restriction,Not Applicable,No special eligibility found in SAM.gov fields.,Prime feasible,Monitor as a direct pursuit unless attachments indicate otherwise.,None detected,https://sam.gov/workspace/contract/opp/8c251210bd14412282aade8d2b9ca9de/view,"{'rel': 'self', 'href': 'https://api.sam.gov/prod/opportunities/v2/search?noticeid=8c251210bd14412282aade8d2b9ca9de&limit=1'}",Matthew Diefes,matthew.diefes@dla.mil,Primary NAICS 336413,Partial Refresh — Capacity Reached,High
Accepted,C,3,RFP / Solicitation,FAN ASSEMBLY,DEPT OF DEFENSE.DEPT OF THE NAVY.NAVSUP.NAVSUP WEAPON SYSTEMS SUPPORT.NAVSUP WSS PHILADELPHIA.NAVSUP WEAPON SYSTEMS SUPPORT,,Solicitation,fa5e954aef304a34ade0dedf5ab1b104,N0038326QLB03,2026-09-18,23,336413,1680,,,Not stated,,"Relevant Butler intelligence or subcontract lead, but prime feasibility is limited. Matched: navy, navsup. Scope reads as hardware supply/manufacturing with no clear design, redesign, or engineering work (matched: supply-class PSC 1680), so it is tracked as a subcontract/competitive-intelligence lead rather than a prime fit.",None identified,Possible subcontract lead,No obvious vehicle restriction,Not Applicable,No special eligibility found in SAM.gov fields.,Prime feasible,Monitor as a direct pursuit unless attachments indicate otherwise.,None detected,https://sam.gov/workspace/contract/opp/fa5e954aef304a34ade0dedf5ab1b104/view,"{'rel': 'self', 'href': 'https://api.sam.gov/prod/opportunities/v2/search?noticeid=fa5e954aef304a34ade0dedf5ab1b104&limit=1'}",Telephone: 2156975271,TIA.JOHNSON.CIV@US.NAVY.MIL,Primary NAICS 336413,Partial Refresh — Capacity Reached,High
Accepted,C,3,RFP / Solicitation,"LATCH ASSEMBLY,AIRC",DEPT OF DEFENSE.DEPT OF THE NAVY.NAVSUP.NAVSUP WEAPON SYSTEMS SUPPORT.NAVSUP WSS PHILADELPHIA.NAVSUP WEAPON SYSTEMS SUPPORT,,Solicitation,e0e96be4356d42c8bb0ae9c6849d57ba,N0038326QSB74,2026-09-18,23,336413,1560,,,Not stated,,"Relevant Butler intelligence or subcontract lead, but prime feasibility is limited. Matched: navy, navsup. Scope reads as hardware supply/manufacturing with no clear design, redesign, or engineering work (matched: supply-class PSC 1560), so it is tracked as a subcontract/competitive-intelligence lead rather than a prime fit.",None identified,Possible subcontract lead,No obvious vehicle restriction,Not Applicable,No special eligibility found in SAM.gov fields.,Prime feasible,Monitor as a direct pursuit unless attachments indicate otherwise.,None detected,https://sam.gov/workspace/contract/opp/e0e96be4356d42c8bb0ae9c6849d57ba/view,"{'rel': 'self', 'href': 'https://api.sam.gov/prod/opportunities/v2/search?noticeid=e0e96be4356d42c8bb0ae9c6849d57ba&limit=1'}",Telephone: 2156974002,JULIANNA.M.FIANDRA.CIV@US.NAVY.MIL,Primary NAICS 336413,Partial Refresh — Capacity Reached,High
Accepted,C,8,RFP / Solicitation,"SLAT,AIRCRAFT",DEPT OF DEFENSE.DEPT OF THE NAVY.NAVSUP.NAVSUP WEAPON SYSTEMS SUPPORT.NAVSUP WSS PHILADELPHIA.NAVSUP WEAPON SYSTEMS SUPPORT,,Solicitation,d2bf7a9d9c58495b9c6d55dbc332ee50,N0038326QTC67,2026-09-18,23,336413,1560,,,Not stated,,"Relevant Butler intelligence or subcontract lead, but prime feasibility is limited. Matched: aircraft, navy, navsup. Scope reads as hardware supply/manufacturing with no clear design, redesign, or engineering work (matched: supply-class PSC 1560), so it is tracked as a subcontract/competitive-intelligence lead rather than a prime fit.",None identified,Possible subcontract lead,No obvious vehicle restriction,Not Applicable,No special eligibility found in SAM.gov fields.,Prime feasible,Monitor as a direct pursuit unless attachments indicate otherwise.,None detected,https://sam.gov/workspace/contract/opp/d2bf7a9d9c58495b9c6d55dbc332ee50/view,"{'rel': 'self', 'href': 'https://api.sam.gov/prod/opportunities/v2/search?noticeid=d2bf7a9d9c58495b9c6d55dbc332ee50&limit=1'}",Telephone: 2156972579,DYLAN.E.PAYNE.CIV@US.NAVY.MIL,Primary NAICS 336413,Partial Refresh — Capacity Reached,High
Accepted,C,3,RFP / Solicitation,"VALVE ASSEMBLY,HYDR",DEPT OF DEFENSE.DEPT OF THE NAVY.NAVSUP.NAVSUP WEAPON SYSTEMS SUPPORT.NAVSUP WSS PHILADELPHIA.NAVSUP WEAPON SYSTEMS SUPPORT,,Solicitation,cfeef7eee8a54726bdb3acffe3ef6ee3,N0038326QTC64,2026-09-18,23,336413,1650,,,Not stated,,"Relevant Butler intelligence or subcontract lead, but prime feasibility is limited. Matched: navy, navsup. Scope reads as hardware supply/manufacturing with no clear design, redesign, or engineering work (matched: supply-class PSC 1650), so it is tracked as a subcontract/competitive-intelligence lead rather than a prime fit.",None identified,Possible subcontract lead,No obvious vehicle restriction,Not Applicable,No special eligibility found in SAM.gov fields.,Prime feasible,Monitor as a direct pursuit unless attachments indicate otherwise.,None detected,https://sam.gov/workspace/contract/opp/cfeef7eee8a54726bdb3acffe3ef6ee3/view,"{'rel': 'self', 'href': 'https://api.sam.gov/prod/opportunities/v2/search?noticeid=cfeef7eee8a54726bdb3acffe3ef6ee3&limit=1'}",Telephone: 2156974787,KELLY.A.GIPSON2.CIV@US.NAVY.MIL,Primary NAICS 336413,Partial Refresh — Capacity Reached,High
Accepted,C,3,RFP / Solicitation,"NEW MANUFACTURE OF DISC,BRAKE","DEPT OF DEFENSE.DEFENSE LOGISTICS AGENCY.DLA AVIATION.DLA AVIATION OKLAHOMA CITY.DLA AVIATION AT OKLAHOMA CITY, OK",,Solicitation,c24f4f6f83c84a95841db6380a21974e,SPRTA126Q0451,2026-09-18,23,336413,1650,No Set aside used,UNITED STATES,Not stated,,"Relevant Butler intelligence or subcontract lead, but prime feasibility is limited. Matched: dla aviation. Attachment text was included in the screen. Scope reads as hardware supply/manufacturing with no clear design, redesign, or engineering work (matched: manufacture of, new manufacture, supply-class PSC 1650), so it is tracked as a subcontract/competitive-intelligence lead rather than a prime fit.",None identified,Possible subcontract lead,No obvious vehicle restriction,Not Applicable,No special eligibility found in SAM.gov fields.,Prime feasible,Monitor as a direct pursuit unless attachments indicate otherwise.,None detected,https://sam.gov/workspace/contract/opp/c24f4f6f83c84a95841db6380a21974e/view,"https://sam.gov/api/prod/opps/v3/opportunities/resources/files/63fb8bd030e7415192d2967649fc3b52/download
{'rel': 'self', 'href': 'https://api.sam.gov/prod/opportunities/v2/search?noticeid=c24f4f6f83c84a95841db6380a21974e&limit=1'}",Sara Johnnie,sara.johnnie@us.af.mil,Primary NAICS 336413,Partial Refresh — Capacity Reached,High — attachment text read
Accepted,C,3,RFP / Solicitation,"POWER SUPPLY CARD,A","DEPT OF DEFENSE.DEFENSE LOGISTICS AGENCY.DLA AVIATION.DLA AVIATION PHILADELPHIA.DLA AVIATION AT PHILADELPHIA, PA",,Solicitation,b150c7997e0c4965a6033b958690780d,SPRPA126QZB66,2026-09-18,23,336413,1680,,,Not stated,,"Relevant Butler intelligence or subcontract lead, but prime feasibility is limited. Matched: dla aviation. Scope reads as hardware supply/manufacturing with no clear design, redesign, or engineering work (matched: supply-class PSC 1680), so it is tracked as a subcontract/competitive-intelligence lead rather than a prime fit.",None identified,Possible subcontract lead,No obvious vehicle restriction,Not Applicable,No special eligibility found in SAM.gov fields.,Prime feasible,Monitor as a direct pursuit unless attachments indicate otherwise.,None detected,https://sam.gov/workspace/contract/opp/b150c7997e0c4965a6033b958690780d/view,"{'rel': 'self', 'href': 'https://api.sam.gov/prod/opportunities/v2/search?noticeid=b150c7997e0c4965a6033b958690780d&limit=1'}",Telephone: 4457374000,LORAINE.SMITH@DLA.MIL,Primary NAICS 336413,Partial Refresh — Capacity Reached,High
Accepted,C,3,RFP / Solicitation,"FUEL QUANTITY DATA,","DEPT OF DEFENSE.DEFENSE LOGISTICS AGENCY.DLA AVIATION.DLA AVIATION PHILADELPHIA.DLA AVIATION AT PHILADELPHIA, PA",,Solicitation,ac66a62195bb4d2aa0465b274f04844c,SPRPA126QZB64,2026-09-18,23,336413,1680,,,Not stated,,"Relevant Butler intelligence or subcontract lead, but prime feasibility is limited. Matched: dla aviation. Scope reads as hardware supply/manufacturing with no clear design, redesign, or engineering work (matched: supply-class PSC 1680), so it is tracked as a subcontract/competitive-intelligence lead rather than a prime fit.",None identified,Possible subcontract lead,No obvious vehicle restriction,Not Applicable,No special eligibility found in SAM.gov fields.,Prime feasible,Monitor as a direct pursuit unless attachments indicate otherwise.,None detected,https://sam.gov/workspace/contract/opp/ac66a62195bb4d2aa0465b274f04844c/view,"{'rel': 'self', 'href': 'https://api.sam.gov/prod/opportunities/v2/search?noticeid=ac66a62195bb4d2aa0465b274f04844c&limit=1'}",Telephone: 4457374000,LORAINE.SMITH@DLA.MIL,Primary NAICS 336413,Partial Refresh — Capacity Reached,High
Accepted,C,3,RFP / Solicitation,"Remanufacture of B-1 Interlock Assembly, Wing Sweep",DEPT OF DEFENSE.DEPT OF THE AIR FORCE.AIR FORCE MATERIEL COMMAND.AIR FORCE SUSTAINMENT CENTER.FA8118  AFSC PZABB,,Solicitation,8a32d3150dc04693b6c1ea7a8e2445ba,FA811826Q0005,2026-09-18,23,336413,3040,No Set aside used,"0, Oklahoma, UNITED STATES",Not stated,,"Relevant Butler intelligence or subcontract lead, but prime feasibility is limited. Matched: dod, air force. Attachment text was included in the screen. Scope reads as hardware supply/manufacturing with no clear design, redesign, or engineering work (matched: remanufacture, supply-class PSC 3040), so it is tracked as a subcontract/competitive-intelligence lead rather than a prime fit.",None identified,Possible subcontract lead,No obvious vehicle restriction,Not Applicable,No special eligibility found in SAM.gov fields.,Prime feasible,Monitor as a direct pursuit unless attachments indicate otherwise.,None detected,https://sam.gov/workspace/contract/opp/8a32d3150dc04693b6c1ea7a8e2445ba/view,"https://sam.gov/api/prod/opps/v3/opportunities/resources/files/130247875a2d41be8d71e1ddde892b8b/download
https://sam.gov/api/prod/opps/v3/opportunities/resources/files/16d08dfbd2494367866055948d4ab4e4/download
https://sam.gov/api/prod/opps/v3/opportunities/resources/files/1bb2d654fed94c32bc23667bfafa96fe/download
https://sam.gov/api/prod/opps/v3/opportunities/resources/files/1f5b89cdbaca43b8a327dbb17763c6b7/download
https://sam.gov/api/prod/opps/v3/opportunities/resources/files/3484e5e8945145f5b54da12a6a445799/download
https://sam.gov/api/prod/opps/v3/opportunities/resources/files/55ed48e9ec90472ca11e2e8811035ec6/download
https://sam.gov/api/prod/opps/v3/opportunities/resources/files/5dda936c8f24481981ea569ccc0c988c/download
https://sam.gov/api/prod/opps/v3/opportunities/resources/files/78c9069a6a1d4f8a821e6918bfc9845c/download
https://sam.gov/api/prod/opps/v3/opportunities/resources/files/b6f8a76e4d5140aaafce64ffc877c05e/download
https://sam.gov/api/prod/opps/v3/opportunities/resources/files/bf9df46f41364774bc5f2030232de4c6/download
https://sam.gov/api/prod/opps/v3/opportunities/resources/files/c5fda767b9454efd9b2d758151071d3e/download
https://sam.gov/api/prod/opps/v3/opportunities/resources/files/c6f493de0cd64fcd9bbcc5906a558325/download
https://sam.gov/api/prod/opps/v3/opportunities/resources/files/c92e3f79154a46d38b7f4eec53da7eeb/download
https://sam.gov/api/prod/opps/v3/opportunities/resources/files/ca58944cb029446bb48cd3579c17a2ac/download
https://sam.gov/api/prod/opps/v3/opportunities/resources/files/cdda780d586f4ffa81965c61ddd84e45/download
https://sam.gov/api/prod/opps/v3/opportunities/resources/files/de77ca1d77974dbbb430d0d9ffc99cdf/download
https://sam.gov/api/prod/opps/v3/opportunities/resources/files/e0a9c4fa2f314f82b780442ea798484b/download
https://sam.gov/api/prod/opps/v3/opportunities/resources/files/eacf9d8f0ffc42adafd5632fc3847fd5/download
https://sam.gov/api/prod/opps/v3/opportunities/resources/files/edd5ccd090eb4ddf9f3df3ee177c61db/download
https://sam.gov/api/prod/opps/v3/opportunities/resources/files/f258539e59984dddb37d5cbdcd341dd9/download
{'rel': 'self', 'href': 'https://api.sam.gov/prod/opportunities/v2/search?noticeid=8a32d3150dc04693b6c1ea7a8e2445ba&limit=1'}",Dessie Breslin,dessie.breslin@us.af.mil,Primary NAICS 336413,Partial Refresh — Capacity Reached,High — attachment text read
Accepted,C,3,RFP / Solicitation,SIGNAL CONVERTOR,"DEPT OF DEFENSE.DEFENSE LOGISTICS AGENCY.DLA AVIATION.DLA AVIATION PHILADELPHIA.DLA AVIATION AT PHILADELPHIA, PA",,Solicitation,7fdb9f90210245d7958e10e0a073cdf0,SPRPA126QRB15,2026-09-18,23,336413,1680,,,Not stated,,"Relevant Butler intelligence or subcontract lead, but prime feasibility is limited. Matched: dla aviation. Scope reads as hardware supply/manufacturing with no clear design, redesign, or engineering work (matched: supply-class PSC 1680), so it is tracked as a subcontract/competitive-intelligence lead rather than a prime fit.",None identified,Possible subcontract lead,No obvious vehicle restriction,Not Applicable,No special eligibility found in SAM.gov fields.,Prime feasible,Monitor as a direct pursuit unless attachments indicate otherwise.,None detected,https://sam.gov/workspace/contract/opp/7fdb9f90210245d7958e10e0a073cdf0/view,"{'rel': 'self', 'href': 'https://api.sam.gov/prod/opportunities/v2/search?noticeid=7fdb9f90210245d7958e10e0a073cdf0&limit=1'}",Telephone: 2157373454,DARIA.WILSON@DLA.MIL,Primary NAICS 336413,Partial Refresh — Capacity Reached,High
Accepted,C,3,RFP / Solicitation,"NRP,CCA,BOARD,ANALO","DEPT OF DEFENSE.DEFENSE LOGISTICS AGENCY.DLA AVIATION.DLA AVIATION PHILADELPHIA.DLA AVIATION AT PHILADELPHIA, PA",,Solicitation,6839b03a21d04b569bfc2048e7cad69c,SPRPA126QZB55,2026-09-18,23,336413,1680,,,Not stated,,"Relevant Butler intelligence or subcontract lead, but prime feasibility is limited. Matched: dla aviation. Scope reads as hardware supply/manufacturing with no clear design, redesign, or engineering work (matched: supply-class PSC 1680), so it is tracked as a subcontract/competitive-intelligence lead rather than a prime fit.",None identified,Possible subcontract lead,No obvious vehicle restriction,Not Applicable,No special eligibility found in SAM.gov fields.,Prime feasible,Monitor as a direct pursuit unless attachments indicate otherwise.,None detected,https://sam.gov/workspace/contract/opp/6839b03a21d04b569bfc2048e7cad69c/view,"{'rel': 'self', 'href': 'https://api.sam.gov/prod/opportunities/v2/search?noticeid=6839b03a21d04b569bfc2048e7cad69c&limit=1'}",Telephone: 4457374000,LORAINE.SMITH@DLA.MIL,Primary NAICS 336413,Partial Refresh — Capacity Reached,High
Accepted,C,3,RFP / Solicitation,"NEW MANUFACTURE OF VALVE,REGULATING,FL","DEPT OF DEFENSE.DEFENSE LOGISTICS AGENCY.DLA AVIATION.DLA AVIATION OKLAHOMA CITY.DLA AVIATION AT OKLAHOMA CITY, OK",,Solicitation,643fc811a55d432abb8fe6443cdce2d0,SPRTA126Q0432,2026-09-18,23,336413,4810,No Set aside used,UNITED STATES,Not stated,,"Relevant Butler intelligence or subcontract lead, but prime feasibility is limited. Matched: dla aviation. Scope reads as hardware supply/manufacturing with no clear design, redesign, or engineering work (matched: manufacture of, new manufacture, supply-class PSC 4810), so it is tracked as a subcontract/competitive-intelligence lead rather than a prime fit.",None identified,Possible subcontract lead,No obvious vehicle restriction,Not Applicable,No special eligibility found in SAM.gov fields.,Prime feasible,Monitor as a direct pursuit unless attachments indicate otherwise.,None detected,https://sam.gov/workspace/contract/opp/643fc811a55d432abb8fe6443cdce2d0/view,"https://sam.gov/api/prod/opps/v3/opportunities/resources/files/d7416358d9704a1ebca7faa8ce14072a/download
{'rel': 'self', 'href': 'https://api.sam.gov/prod/opportunities/v2/search?noticeid=643fc811a55d432abb8fe6443cdce2d0&limit=1'}",Sara Johnnie,sara.johnnie@us.af.mil,Primary NAICS 336413,Partial Refresh — Capacity Reached,High
Accepted,C,3,RFP / Solicitation,"BALUN SHIELD BOX,AI",DEPT OF DEFENSE.DEPT OF THE NAVY.NAVSUP.NAVSUP WEAPON SYSTEMS SUPPORT.NAVSUP WSS PHILADELPHIA.NAVSUP WEAPON SYSTEMS SUPPORT,,Solicitation,5f00f71504f244aaab94acb95df72cc2,N0038326QTC69,2026-09-18,23,336413,1680,,,Not stated,,"Relevant Butler intelligence or subcontract lead, but prime feasibility is limited. Matched: navy, navsup. Scope reads as hardware supply/manufacturing with no clear design, redesign, or engineering work (matched: supply-class PSC 1680), so it is tracked as a subcontract/competitive-intelligence lead rather than a prime fit.",None identified,Possible subcontract lead,No obvious vehicle restriction,Not Applicable,No special eligibility found in SAM.gov fields.,Prime feasible,Monitor as a direct pursuit unless attachments indicate otherwise.,None detected,https://sam.gov/workspace/contract/opp/5f00f71504f244aaab94acb95df72cc2/view,"{'rel': 'self', 'href': 'https://api.sam.gov/prod/opportunities/v2/search?noticeid=5f00f71504f244aaab94acb95df72cc2&limit=1'}",Telephone: 2156972579,DYLAN.E.PAYNE.CIV@US.NAVY.MIL,Primary NAICS 336413,Partial Refresh — Capacity Reached,High
Accepted,C,3,RFP / Solicitation,"WINCH,CARGO P47","DEPT OF DEFENSE.DEFENSE LOGISTICS AGENCY.DLA AVIATION.DLA AVIATION PHILADELPHIA.DLA AVIATION AT PHILADELPHIA, PA",,Solicitation,43bf81d70c024c05b7e3b95370028a61,SPRPA126QZB62,2026-09-18,23,336413,1680,,,Not stated,,"Relevant Butler intelligence or subcontract lead, but prime feasibility is limited. Matched: dla aviation. Scope reads as hardware supply/manufacturing with no clear design, redesign, or engineering work (matched: supply-class PSC 1680), so it is tracked as a subcontract/competitive-intelligence lead rather than a prime fit.",None identified,Possible subcontract lead,No obvious vehicle restriction,Not Applicable,No special eligibility found in SAM.gov fields.,Prime feasible,Monitor as a direct pursuit unless attachments indicate otherwise.,None detected,https://sam.gov/workspace/contract/opp/43bf81d70c024c05b7e3b95370028a61/view,"{'rel': 'self', 'href': 'https://api.sam.gov/prod/opportunities/v2/search?noticeid=43bf81d70c024c05b7e3b95370028a61&limit=1'}",Telephone: 4457374000,LORAINE.SMITH@DLA.MIL,Primary NAICS 336413,Partial Refresh — Capacity Reached,High
Accepted,C,3,RFP / Solicitation,"NEW MANUFACTURE OF VALVE,REGULATING,FL","DEPT OF DEFENSE.DEFENSE LOGISTICS AGENCY.DLA AVIATION.DLA AVIATION OKLAHOMA CITY.DLA AVIATION AT OKLAHOMA CITY, OK",,Solicitation,367a1daf5b3446e6a3a683873b461269,SPRTA126Q0432,2026-09-18,23,336413,4810,No Set aside used,UNITED STATES,Not stated,,"Relevant Butler intelligence or subcontract lead, but prime feasibility is limited. Matched: dla aviation. Attachment text was included in the screen. Scope reads as hardware supply/manufacturing with no clear design, redesign, or engineering work (matched: manufacture of, new manufacture, supply-class PSC 4810), so it is tracked as a subcontract/competitive-intelligence lead rather than a prime fit.",None identified,Possible subcontract lead,No obvious vehicle restriction,Not Applicable,No special eligibility found in SAM.gov fields.,Prime feasible,Monitor as a direct pursuit unless attachments indicate otherwise.,None detected,https://sam.gov/workspace/contract/opp/367a1daf5b3446e6a3a683873b461269/view,"https://sam.gov/api/prod/opps/v3/opportunities/resources/files/8eac750fc5404cd89f16911c9fa82493/download
{'rel': 'self', 'href': 'https://api.sam.gov/prod/opportunities/v2/search?noticeid=367a1daf5b3446e6a3a683873b461269&limit=1'}",Sara Johnnie,sara.johnnie@us.af.mil,Primary NAICS 336413,Partial Refresh — Capacity Reached,High — attachment text read
Accepted,C,3,RFP / Solicitation,"PAN,DRIP",DEPT OF DEFENSE.DEPT OF THE NAVY.NAVSUP.NAVSUP WEAPON SYSTEMS SUPPORT.NAVSUP WSS PHILADELPHIA.NAVSUP WEAPON SYSTEMS SUPPORT,,Solicitation,179e8797ead041da9e814624633a0d06,N0038326QTC59,2026-09-18,23,336413,1660,,,Not stated,,"Relevant Butler intelligence or subcontract lead, but prime feasibility is limited. Matched: navy, navsup. Scope reads as hardware supply/manufacturing with no clear design, redesign, or engineering work (matched: supply-class PSC 1660), so it is tracked as a subcontract/competitive-intelligence lead rather than a prime fit.",None identified,Possible subcontract lead,No obvious vehicle restriction,Not Applicable,No special eligibility found in SAM.gov fields.,Prime feasible,Monitor as a direct pursuit unless attachments indicate otherwise.,None detected,https://sam.gov/workspace/contract/opp/179e8797ead041da9e814624633a0d06/view,"{'rel': 'self', 'href': 'https://api.sam.gov/prod/opportunities/v2/search?noticeid=179e8797ead041da9e814624633a0d06&limit=1'}",Telephone: 2156972579,DYLAN.E.PAYNE.CIV@US.NAVY.MIL,Primary NAICS 336413,Partial Refresh — Capacity Reached,High
Accepted,C,8,RFP / Solicitation,"INSULATION,AIRCRAFT",DEPT OF DEFENSE.DEPT OF THE NAVY.NAVSUP.NAVSUP WEAPON SYSTEMS SUPPORT.NAVSUP WSS PHILADELPHIA.NAVSUP WEAPON SYSTEMS SUPPORT,,Solicitation,0fcf90f81a26448099307faee4bd9475,N0038326QTC53,2026-09-18,23,336413,1660,,,Not stated,,"Relevant Butler intelligence or subcontract lead, but prime feasibility is limited. Matched: aircraft, navy, navsup. Scope reads as hardware supply/manufacturing with no clear design, redesign, or engineering work (matched: supply-class PSC 1660), so it is tracked as a subcontract/competitive-intelligence lead rather than a prime fit.",None identified,Possible subcontract lead,No obvious vehicle restriction,Not Applicable,No special eligibility found in SAM.gov fields.,Prime feasible,Monitor as a direct pursuit unless attachments indicate otherwise.,None detected,https://sam.gov/workspace/contract/opp/0fcf90f81a26448099307faee4bd9475/view,"{'rel': 'self', 'href': 'https://api.sam.gov/prod/opportunities/v2/search?noticeid=0fcf90f81a26448099307faee4bd9475&limit=1'}",Telephone: 2156972579,DYLAN.E.PAYNE.CIV@US.NAVY.MIL,Primary NAICS 336413,Partial Refresh — Capacity Reached,High
Accepted,C,3,RFP / Solicitation,"NEW MANUFACTURE OF DISC,BRAKE","DEPT OF DEFENSE.DEFENSE LOGISTICS AGENCY.DLA AVIATION.DLA AVIATION OKLAHOMA CITY.DLA AVIATION AT OKLAHOMA CITY, OK",,Solicitation,0b90008e2e9f44a5af40c2a17e0b1f4b,SPRTA126Q0451,2026-09-18,23,336413,1650,No Set aside used,UNITED STATES,Not stated,,"Relevant Butler intelligence or subcontract lead, but prime feasibility is limited. Matched: dla aviation. Attachment text was included in the screen. Scope reads as hardware supply/manufacturing with no clear design, redesign, or engineering work (matched: manufacture of, new manufacture, supply-class PSC 1650), so it is tracked as a subcontract/competitive-intelligence lead rather than a prime fit.",None identified,Possible subcontract lead,No obvious vehicle restriction,Not Applicable,No special eligibility found in SAM.gov fields.,Prime feasible,Monitor as a direct pursuit unless attachments indicate otherwise.,None detected,https://sam.gov/workspace/contract/opp/0b90008e2e9f44a5af40c2a17e0b1f4b/view,"https://sam.gov/api/prod/opps/v3/opportunities/resources/files/1249ae8c549b41b9812b17459dc1849f/download
{'rel': 'self', 'href': 'https://api.sam.gov/prod/opportunities/v2/search?noticeid=0b90008e2e9f44a5af40c2a17e0b1f4b&limit=1'}",Sara Johnnie,sara.johnnie@us.af.mil,Primary NAICS 336413,Partial Refresh — Capacity Reached,High — attachment text read
Accepted,C,8,RFP / Solicitation,"CHANNEL,AIRCRAFT",DEPT OF DEFENSE.DEPT OF THE NAVY.NAVSUP.NAVSUP WEAPON SYSTEMS SUPPORT.NAVSUP WSS PHILADELPHIA.NAVSUP WEAPON SYSTEMS SUPPORT,,Solicitation,0422f32ae0dc4ac1bc1579d9c3b6baa7,N0038326QTC62,2026-09-18,23,336413,1560,,,Not stated,,"Relevant Butler intelligence or subcontract lead, but prime feasibility is limited. Matched: aircraft, navy, navsup. Scope reads as hardware supply/manufacturing with no clear design, redesign, or engineering work (matched: supply-class PSC 1560), so it is tracked as a subcontract/competitive-intelligence lead rather than a prime fit.",None identified,Possible subcontract lead,No obvious vehicle restriction,Not Applicable,No special eligibility found in SAM.gov fields.,Prime feasible,Monitor as a direct pursuit unless attachments indicate otherwise.,None detected,https://sam.gov/workspace/contract/opp/0422f32ae0dc4ac1bc1579d9c3b6baa7/view,"{'rel': 'self', 'href': 'https://api.sam.gov/prod/opportunities/v2/search?noticeid=0422f32ae0dc4ac1bc1579d9c3b6baa7&limit=1'}",Telephone: 2156974787,KELLY.A.GIPSON2.CIV@US.NAVY.MIL,Primary NAICS 336413,Partial Refresh — Capacity Reached,High
Accepted,C,3,RFP / Solicitation,"NRP,INNER CYLINDER",DEPT OF DEFENSE.DEPT OF THE NAVY.NAVSUP.NAVSUP WEAPON SYSTEMS SUPPORT.NAVSUP WSS PHILADELPHIA.NAVSUP WEAPON SYSTEMS SUPPORT,,Solicitation,00af7656876c4f19a3c594ff8d39a211,N0038326QTC51,2026-09-18,23,336413,1680,,,Not stated,,"Relevant Butler intelligence or subcontract lead, but prime feasibility is limited. Matched: navy, navsup. Scope reads as hardware supply/manufacturing with no clear design, redesign, or engineering work (matched: supply-class PSC 1680), so it is tracked as a subcontract/competitive-intelligence lead rather than a prime fit.",None identified,Possible subcontract lead,No obvious vehicle restriction,Not Applicable,No special eligibility found in SAM.gov fields.,Prime feasible,Monitor as a direct pursuit unless attachments indicate otherwise.,None detected,https://sam.gov/workspace/contract/opp/00af7656876c4f19a3c594ff8d39a211/view,"{'rel': 'self', 'href': 'https://api.sam.gov/prod/opportunities/v2/search?noticeid=00af7656876c4f19a3c594ff8d39a211&limit=1'}",Telephone: 2156972579,DYLAN.E.PAYNE.CIV@US.NAVY.MIL,Primary NAICS 336413,Partial Refresh — Capacity Reached,High
Accepted,C,-2,RFP / Solicitation,Pilot Seats,"HOMELAND SECURITY, DEPARTMENT OF.US COAST GUARD.AVIATION LOGISTICS CENTER (ALC)(00038)",,Solicitation,32617a19fbe040679b1bd03760eec512,70Z03826QB0000196,2026-09-17,22,336413,1680,No Set aside used,,Not stated,,"Relevant Butler intelligence or subcontract lead, but prime feasibility is limited. Attachment text was included in the screen. Scope reads as hardware supply/manufacturing with no clear design, redesign, or engineering work (matched: supply-class PSC 1680), so it is tracked as a subcontract/competitive-intelligence lead rather than a prime fit.",None identified,Possible subcontract lead,No obvious vehicle restriction,Not Applicable,No special eligibility found in SAM.gov fields.,Prime feasible,Monitor as a direct pursuit unless attachments indicate otherwise.,None detected,https://sam.gov/workspace/contract/opp/32617a19fbe040679b1bd03760eec512/view,"https://sam.gov/api/prod/opps/v3/opportunities/resources/files/4191c3ca64fd49d3903012973b19ff67/download
https://sam.gov/api/prod/opps/v3/opportunities/resources/files/5b75262b87e74a729ef3b1c0af503585/download
https://sam.gov/api/prod/opps/v3/opportunities/resources/files/a471267b05a4483db66dac8e42d1a75e/download
{'rel': 'self', 'href': 'https://api.sam.gov/prod/opportunities/v2/search?noticeid=32617a19fbe040679b1bd03760eec512&limit=1'}",Raymond V. Marler,raymond.v.marler@uscg.mil,Primary NAICS 336413,Partial Refresh — Capacity Reached,High — attachment text read
Accepted,B,8,RFP / Solicitation,"16--TANK ASSY,AIRCRAFT,, IN REPAIR/MODIFICATION OF",DEPT OF DEFENSE.DEPT OF THE NAVY.NAVSUP.NAVSUP WEAPON SYSTEMS SUPPORT.NAVSUP WSS PHILADELPHIA.NAVSUP WEAPON SYSTEMS SUPPORT,,Solicitation,fd8bb5a61a544309a507ca76f6773b03,N0038325RB333,2026-09-16,21,336413,1680,,,Not stated,,"Possible Butler fit through broader defense engineering, logistics, testing, or program support. Matched: aircraft, navy, navsup.",None identified,Add to tracker,No obvious vehicle restriction,Not Applicable,No special eligibility found in SAM.gov fields.,Prime feasible,Monitor as a direct pursuit unless attachments indicate otherwise.,None detected,https://sam.gov/workspace/contract/opp/fd8bb5a61a544309a507ca76f6773b03/view,"{'rel': 'self', 'href': 'https://api.sam.gov/prod/opportunities/v2/search?noticeid=fd8bb5a61a544309a507ca76f6773b03&limit=1'}",Telephone: 2156973992,JESSICA.P.LAYCHOCK.CIV@US.NAVY.MIL,Primary NAICS 336413,Partial Refresh — Capacity Reached,High
Accepted,C,5,RFP / Solicitation,99 CES Fire Suppression Certification,DEPT OF DEFENSE.DEPT OF THE AIR FORCE.AIR COMBAT COMMAND.FA4861  99 CONS LGC,,Solicitation,711bb489e6744ce388008225eaf437d7,FA486126Q0025,2026-09-15,20,541330,H999,Small Business Set Aside - Total,"0, Nevada, UNITED STATES",Not stated,,"Relevant Butler intelligence or subcontract lead, but prime feasibility is limited. Matched: certification, air force. Attachment text was included in the screen.",Set-aside eligibility may limit prime feasibility,Check set-aside,No obvious vehicle restriction,Unknown — check Butler contract vehicles,Requires small-business set-aside eligibility.,Prime uncertain,Check whether Butler can qualify directly or should team with an eligible prime.,small business set aside,https://sam.gov/workspace/contract/opp/711bb489e6744ce388008225eaf437d7/view,"https://sam.gov/api/prod/opps/v3/opportunities/resources/files/361d1f5d0d964ba1bec75213ecfae69f/download
https://sam.gov/api/prod/opps/v3/opportunities/resources/files/366e2881479f4a92b92018b2790663b7/download
https://sam.gov/api/prod/opps/v3/opportunities/resources/files/4927874e28f3426885bc6706d4900236/download
https://sam.gov/api/prod/opps/v3/opportunities/resources/files/6d85ef8ae9c84840b012d33e1057689d/download
https://sam.gov/api/prod/opps/v3/opportunities/resources/files/6f3e1609a1544fff84aabe6db1e48472/download
https://sam.gov/api/prod/opps/v3/opportunities/resources/files/72c0c72d1b784485862cf78db901fc89/download
https://sam.gov/api/prod/opps/v3/opportunities/resources/files/73ec8602c7ba4b85b19853cb450a5a33/download
https://sam.gov/api/prod/opps/v3/opportunities/resources/files/828c46b321c04c3abae2852edf2d5aa4/download
https://sam.gov/api/prod/opps/v3/opportunities/resources/files/91e9a25ba08e462fbf053f0127241284/download
https://sam.gov/api/prod/opps/v3/opportunities/resources/files/a22415ddc0c24e479b3c7e418b4ec98f/download
https://sam.gov/api/prod/opps/v3/opportunities/resources/files/a2f27f8b233e4997a8a935d219f33453/download
https://sam.gov/api/prod/opps/v3/opportunities/resources/files/ba5749ecd90144ceb6856b05a6744d0c/download
https://sam.gov/api/prod/opps/v3/opportunities/resources/files/de72cdaf60d440579f742f78bbd6e891/download
https://sam.gov/api/prod/opps/v3/opportunities/resources/files/ea0119b4356a497baf73faa1fcf1545f/download
https://sam.gov/api/prod/opps/v3/opportunities/resources/files/ea8e2ef227dc454e99d66d831a2a9256/download
https://sam.gov/api/prod/opps/v3/opportunities/resources/files/f2574fedb7d54010bf861d63ba7a8915/download
https://sam.gov/api/prod/opps/v3/opportunities/resources/files/f8d926984b70477fa6ec95b4ed3fcec0/download
https://sam.gov/api/prod/opps/v3/opportunities/resources/files/fa0d3de178bb49918620e052d0cfb7b4/download
{'rel': 'self', 'href': 'https://api.sam.gov/prod/opportunities/v2/search?noticeid=711bb489e6744ce388008225eaf437d7&limit=1'}",Yeury Castillo Pena,yeury.castillo_pena.1@us.af.mil,Primary NAICS 541330,Partial Refresh — Capacity Reached,High — attachment text read
Accepted,C,3,Sources Sought / RFI,KC-135 Center Console Refresh (CCR) Revision 2,DEPT OF DEFENSE.DEPT OF THE AIR FORCE.AIR FORCE MATERIEL COMMAND.AIR FORCE LIFE CYCLE MANAGEMENT CENTER.MOBILITY AIRCRAFT.FA8105  AFLCMC  WKK,,Sources Sought,511ffa90f8ad4c6596338c66f560ccc3,FA8105_CCR_Rev2,2026-09-15,20,336413,1680,,"0, Oklahoma, UNITED STATES",Not stated,,"Relevant Butler intelligence or subcontract lead, but prime feasibility is limited. Matched: air force, aflcmc. Attachment text was included in the screen. Scope reads as hardware supply/manufacturing with no clear design, redesign, or engineering work (matched: supply-class PSC 1680), so it is tracked as a subcontract/competitive-intelligence lead rather than a prime fit.",None identified,Possible subcontract lead,No obvious vehicle restriction,Not Applicable,No special eligibility found in SAM.gov fields.,Prime feasible,Monitor as a direct pursuit unless attachments indicate otherwise.,None detected,https://sam.gov/workspace/contract/opp/511ffa90f8ad4c6596338c66f560ccc3/view,"https://sam.gov/api/prod/opps/v3/opportunities/resources/files/0ac2958aadc9406298d570e1446c94c1/download
https://sam.gov/api/prod/opps/v3/opportunities/resources/files/0fbecd6e7db94163814fcf9f3e098df6/download
https://sam.gov/api/prod/opps/v3/opportunities/resources/files/1723b47801f4444ba6b945dba4f40052/download
https://sam.gov/api/prod/opps/v3/opportunities/resources/files/1cb8dfb9d29b4e08934279f15c2b4118/download
https://sam.gov/api/prod/opps/v3/opportunities/resources/files/2fbfed4e88dd498abb8e146efc889ac2/download
https://sam.gov/api/prod/opps/v3/opportunities/resources/files/3bfdca9617fd49468549fddf84e7545e/download
https://sam.gov/api/prod/opps/v3/opportunities/resources/files/404a50df6fe44691a4c96f602a3ea41f/download
https://sam.gov/api/prod/opps/v3/opportunities/resources/files/701ede11f8f94809bda95954affd8594/download
https://sam.gov/api/prod/opps/v3/opportunities/resources/files/75f9596c9d274350baf6ed865e352ef0/download
https://sam.gov/api/prod/opps/v3/opportunities/resources/files/a453788858564babbbc93f7c2a4666cb/download
https://sam.gov/api/prod/opps/v3/opportunities/resources/files/ac556da9301a47f6800e7352c4834e06/download
https://sam.gov/api/prod/opps/v3/opportunities/resources/files/be061dc2227e4e1f9f3a5062623eb0eb/download
https://sam.gov/api/prod/opps/v3/opportunities/resources/files/c50f23c76e644d73b8b31ebb86037fda/download
https://sam.gov/api/prod/opps/v3/opportunities/resources/files/d14ba04341fe46f2b2908fdf1b4da952/download
https://sam.gov/api/prod/opps/v3/opportunities/resources/files/d427a1b678384a4fa7cf0b3521df6282/download
https://sam.gov/api/prod/opps/v3/opportunities/resources/files/dc28ab54be124b6cace057d9d0b694cf/download
https://sam.gov/api/prod/opps/v3/opportunities/resources/files/e6da139619f444aaadd456ec495bec40/download
https://sam.gov/api/prod/opps/v3/opportunities/resources/files/ea4fa88a5e474100a2db67f1eb4b8bb4/download
{'rel': 'self', 'href': 'https://api.sam.gov/prod/opportunities/v2/search?noticeid=511ffa90f8ad4c6596338c66f560ccc3&limit=1'}",Brandi Shelden,brandi.shelden@us.af.mil,Primary NAICS 336413,Partial Refresh — Capacity Reached,High — attachment text read
Accepted,C,5,RFP / Solicitation,AIRCRAFT LIFTING SYSTEMS FOR CRASH DAMAGE OR DISABLED AIRCRAFT RECOVERY,DEPT OF DEFENSE.DEPT OF THE ARMY.NATIONAL GUARD BUREAU.JFHQ USPFO WI.USPFO WI PROCUREMENT.W7N8 USPFO ACTIVITY WIANG CRTC,,Solicitation,fe9b4ec8dfd54e9abde865626bfc6314,W50S9H26QA039,2026-09-15,20,336413,1710,Small Business Set Aside - Total,"Camp Douglas, Wisconsin, UNITED STATES",Not stated,,"Relevant Butler intelligence or subcontract lead, but prime feasibility is limited. Matched: aircraft, uas, army. Attachment text was included in the screen. Scope reads as hardware supply/manufacturing with no clear design, redesign, or engineering work (matched: supply-class PSC 1710), so it is tracked as a subcontract/competitive-intelligence lead rather than a prime fit.",Set-aside eligibility may limit prime feasibility,Check set-aside,No obvious vehicle restriction,Unknown — check Butler contract vehicles,Requires small-business set-aside eligibility.,Prime uncertain,Check whether Butler can qualify directly or should team with an eligible prime.,small business set aside,https://sam.gov/workspace/contract/opp/fe9b4ec8dfd54e9abde865626bfc6314/view,"https://sam.gov/api/prod/opps/v3/opportunities/resources/files/34c079398f52458fb80c90c1f7f9338b/download
https://sam.gov/api/prod/opps/v3/opportunities/resources/files/ae63aa4ed2d944089b42d4fe0ad27017/download
https://sam.gov/api/prod/opps/v3/opportunities/resources/files/d0d0e221f10449a3a51c9495c8a2747f/download
https://sam.gov/api/prod/opps/v3/opportunities/resources/files/e0f8abb3713d43199b095d41ecc56c83/download
{'rel': 'self', 'href': 'https://api.sam.gov/prod/opportunities/v2/search?noticeid=fe9b4ec8dfd54e9abde865626bfc6314&limit=1'}",Seth I. Swieter,seth.swieter@us.af.mil,Primary NAICS 336413,Partial Refresh — Capacity Reached,High — attachment text read
Accepted,C,3,Sources Sought / RFI,AGMS Production FY28-37,DEPT OF DEFENSE.DEPT OF THE ARMY.AMC.ACC.ACC-CTRS.ACC RSA.W6QK ACC-RSA,,Sources Sought,26eabe069bcf4e54954b8eb0849e5fdc,26-M0082,2026-09-15,20,336414,1410,No Set aside used,"Redstone Arsenal, Alabama, UNITED STATES",Not stated,,"Relevant Butler intelligence or subcontract lead, but prime feasibility is limited. Matched: army. Scope reads as hardware supply/manufacturing with no clear design, redesign, or engineering work (matched: supply-class PSC 1410), so it is tracked as a subcontract/competitive-intelligence lead rather than a prime fit.",None identified,Possible subcontract lead,No obvious vehicle restriction,Not Applicable,No special eligibility found in SAM.gov fields.,Prime feasible,Monitor as a direct pursuit unless attachments indicate otherwise.,None detected,https://sam.gov/workspace/contract/opp/26eabe069bcf4e54954b8eb0849e5fdc/view,"{'rel': 'self', 'href': 'https://api.sam.gov/prod/opportunities/v2/search?noticeid=26eabe069bcf4e54954b8eb0849e5fdc&limit=1'}",Andrea S. Dixon,andrea.s.dixon1.civ@army.mil,Primary NAICS 336414,Partial Refresh — Capacity Reached,High
Accepted,C,3,RFP / Solicitation,"NSN:1680-00-902-2196 NSN 1680-00-872-7023 NOUN:ACTUATOR,ELECTROMEC P/N: R1668-1 P/N: 817T100-1","DEPT OF DEFENSE.DEFENSE LOGISTICS AGENCY.DLA AVIATION.DLA AVIATION OKLAHOMA CITY.DLA AVIATION AT OKLAHOMA CITY, OK",,Solicitation,0fb05b46169d4180b87be93d87405cbe,SPRTA1-26-Q-0435,2026-09-14,19,336413,1680,,UNITED STATES,Not stated,,"Relevant Butler intelligence or subcontract lead, but prime feasibility is limited. Matched: dla aviation. Attachment text was included in the screen. Scope reads as hardware supply/manufacturing with no clear design, redesign, or engineering work (matched: nsn, supply-class PSC 1680), so it is tracked as a subcontract/competitive-intelligence lead rather than a prime fit.",None identified,Possible subcontract lead,No obvious vehicle restriction,Not Applicable,No special eligibility found in SAM.gov fields.,Prime feasible,Monitor as a direct pursuit unless attachments indicate otherwise.,None detected,https://sam.gov/workspace/contract/opp/0fb05b46169d4180b87be93d87405cbe/view,"https://sam.gov/api/prod/opps/v3/opportunities/resources/files/3aa7485c05c54d8e963727c206175d8b/download
https://sam.gov/api/prod/opps/v3/opportunities/resources/files/52e02f508bd34411a0170a72ce5b12d6/download
https://sam.gov/api/prod/opps/v3/opportunities/resources/files/97fc3cf2cee94716bca11d8250c6e7ff/download
https://sam.gov/api/prod/opps/v3/opportunities/resources/files/b4849e3df7764fe2b6a34f0469c7ca4e/download
https://sam.gov/api/prod/opps/v3/opportunities/resources/files/b62a33b90af14789a736cff59fae72d9/download
https://sam.gov/api/prod/opps/v3/opportunities/resources/files/e7685e0740184ed3bfc456547b7f2fca/download
{'rel': 'self', 'href': 'https://api.sam.gov/prod/opportunities/v2/search?noticeid=0fb05b46169d4180b87be93d87405cbe&limit=1'}",Patrick McGowan,patrick.mcgowan@us.af.mil,Primary NAICS 336413,Partial Refresh — Capacity Reached,High — attachment text read
Accepted,B,6,RFP / Solicitation,"Southwest Regional Maintenance Center (SWRMC) Hull, Mechanical, and Electrical (HM&E) Fleet Technical Assistance (FTA) Follow-On Engineering Services",DEPT OF DEFENSE.DEPT OF THE NAVY.NAVSEA.REGIONAL MAINTENANCE CENTER.SOUTHWEST REGIONAL MAINT CENTER,,Solicitation,62e440f8e51d4bd9a87b914db0ba38f2,N5523626R0007,2026-09-11,16,541330,R425,No Set aside used,"San Diego, California, UNITED STATES",Not stated,,"Possible Butler fit through broader defense engineering, logistics, testing, or program support. Matched: engineering services, navy, navsea. Attachment text was included in the screen.",None identified,Add to tracker,No obvious vehicle restriction,Not Applicable,No special eligibility found in SAM.gov fields.,Prime feasible,Monitor as a direct pursuit unless attachments indicate otherwise.,None detected,https://sam.gov/workspace/contract/opp/62e440f8e51d4bd9a87b914db0ba38f2/view,"https://sam.gov/api/prod/opps/v3/opportunities/resources/files/02f867b127164772bc0127e6051fb1f7/download
https://sam.gov/api/prod/opps/v3/opportunities/resources/files/1907568c97ba46a2b6af081e385d2b98/download
https://sam.gov/api/prod/opps/v3/opportunities/resources/files/27ab3db383a24205840ee25cda24e97b/download
https://sam.gov/api/prod/opps/v3/opportunities/resources/files/2f28ad7d2b044e1893d942ef0f148881/download
https://sam.gov/api/prod/opps/v3/opportunities/resources/files/4a594ed7153a488f840239c7f16982ae/download
https://sam.gov/api/prod/opps/v3/opportunities/resources/files/55c1b463337b43b0901a915c52ca5a93/download
https://sam.gov/api/prod/opps/v3/opportunities/resources/files/63d009f999db43ca8bfbe668be319968/download
https://sam.gov/api/prod/opps/v3/opportunities/resources/files/7194ff8fad6c4a5698231ca3332f46ff/download
https://sam.gov/api/prod/opps/v3/opportunities/resources/files/7ac625f1f20c4b9ebd29f3b16a14b5c5/download
https://sam.gov/api/prod/opps/v3/opportunities/resources/files/7cc1dfa7fdbf423a8760b1594f25589e/download
https://sam.gov/api/prod/opps/v3/opportunities/resources/files/7f1c26e923c94a08b72f4e26dea0afb9/download
https://sam.gov/api/prod/opps/v3/opportunities/resources/files/841854c555e14cceb09ec473f74c4f83/download
https://sam.gov/api/prod/opps/v3/opportunities/resources/files/91acd2a65a4c4c43a85bf5dd6f775005/download
https://sam.gov/api/prod/opps/v3/opportunities/resources/files/b2c77782903f47da89611e63fdf0fb57/download
https://sam.gov/api/prod/opps/v3/opportunities/resources/files/b915a46e6a7b4610aca881577e31aa2c/download
https://sam.gov/api/prod/opps/v3/opportunities/resources/files/c577d64aa3f549dab616d68f32eda5df/download
https://sam.gov/api/prod/opps/v3/opportunities/resources/files/e8f07cdb930c4ae5995d70b9cc796eba/download
{'rel': 'self', 'href': 'https://api.sam.gov/prod/opportunities/v2/search?noticeid=62e440f8e51d4bd9a87b914db0ba38f2&limit=1'}",Anna Nguyen,anna.d.nguyen.civ@us.navy.mil,Primary NAICS 541330,Partial Refresh — Capacity Reached,High — attachment text read
Accepted,B,8,Special Notice,Naval Modular Missile (NMM) Terminal Stage Interceptor (TSI) Prototyping and Demonstration,DEPT OF DEFENSE.DEPT OF THE NAVY.NAVSEA.NAVSEA WARFARE CENTER.NSWC CRANE,,Special Notice,e94389c1152942f5a2c07e42e52a7942,N0016426SNC01,2026-09-10,15,541715,AC13,,"Crane, Texas, UNITED STATES",Not stated,,"Possible Butler fit through broader defense engineering, logistics, testing, or program support. Matched: missile, navy, navsea, nswc.",None identified,Add to tracker,No obvious vehicle restriction,Not Applicable,No special eligibility found in SAM.gov fields.,Prime feasible,Monitor as a direct pursuit unless attachments indicate otherwise.,None detected,https://sam.gov/workspace/contract/opp/e94389c1152942f5a2c07e42e52a7942/view,"{'rel': 'self', 'href': 'https://api.sam.gov/prod/opportunities/v2/search?noticeid=e94389c1152942f5a2c07e42e52a7942&limit=1'}",Kayla Jones,kayla.n.jones34.civ@us.navy.mil,Primary NAICS 541715,Partial Refresh — Capacity Reached,High
Accepted,C,3,RFP / Solicitation,"STATOR,ENGINE GENER","DEPT OF DEFENSE.DEFENSE LOGISTICS AGENCY.DLA AVIATION.DLA AVIATION OKLAHOMA CITY.DLA AVIATION AT OKLAHOMA CITY, OK",,Solicitation,c2b6d671443d4edcba3294f8e2fab9ef,SPRTA126Q0454,2026-09-10,15,336412,2950,No Set aside used,,Not stated,,"Relevant Butler intelligence or subcontract lead, but prime feasibility is limited. Matched: dla aviation. Attachment text was included in the screen. Scope reads as hardware supply/manufacturing with no clear design, redesign, or engineering work (matched: supply-class PSC 2950), so it is tracked as a subcontract/competitive-intelligence lead rather than a prime fit.",None identified,Possible subcontract lead,No obvious vehicle restriction,Not Applicable,No special eligibility found in SAM.gov fields.,Prime feasible,Monitor as a direct pursuit unless attachments indicate otherwise.,None detected,https://sam.gov/workspace/contract/opp/c2b6d671443d4edcba3294f8e2fab9ef/view,"https://sam.gov/api/prod/opps/v3/opportunities/resources/files/a25704d3cd794b69ae937b584dac43cb/download
{'rel': 'self', 'href': 'https://api.sam.gov/prod/opportunities/v2/search?noticeid=c2b6d671443d4edcba3294f8e2fab9ef&limit=1'}",WANNIE DEBOUSE,wannie.debouse@us.af.mil,Primary NAICS 336412,Partial Refresh — Capacity Reached,High — attachment text read
Accepted,C,8,RFP / Solicitation,"Frame, Front Aircraft","DEPT OF DEFENSE.DEFENSE LOGISTICS AGENCY.DLA AVIATION.DLA AVIATION OKLAHOMA CITY.DLA AVIATION AT OKLAHOMA CITY, OK",,Solicitation,daff93cc00a5444abbf7af94ced7603e,SPRTA1-26-R-0081,2026-09-10,15,336412,2840,,,Not stated,,"Relevant Butler intelligence or subcontract lead, but prime feasibility is limited. Matched: aircraft, dla aviation. Scope reads as hardware supply/manufacturing with no clear design, redesign, or engineering work (matched: supply-class PSC 2840), so it is tracked as a subcontract/competitive-intelligence lead rather than a prime fit.",None identified,Possible subcontract lead,No obvious vehicle restriction,Not Applicable,No special eligibility found in SAM.gov fields.,Prime feasible,Monitor as a direct pursuit unless attachments indicate otherwise.,None detected,https://sam.gov/workspace/contract/opp/daff93cc00a5444abbf7af94ced7603e/view,"https://sam.gov/api/prod/opps/v3/opportunities/resources/files/8e6a0f4b40284e568b4b71102e49edfe/download
{'rel': 'self', 'href': 'https://api.sam.gov/prod/opportunities/v2/search?noticeid=daff93cc00a5444abbf7af94ced7603e&limit=1'}",Jayson Skalla,jayson.skalla@us.af.mil,Primary NAICS 336412,Partial Refresh — Capacity Reached,High
Accepted,C,3,RFP / Solicitation,"SPE4A726R0715-011532314-CYLINDER ASSEMBLY,A",DEPT OF DEFENSE.DEFENSE LOGISTICS AGENCY.DLA AVIATION.DLA AV RICHMOND.DLA AVIATION,,Solicitation,e02d3b7ec477491b96683172668512a1,SPE4A726R0715,2026-09-10,15,336413,1650,No Set aside used,"65226, Virginia, UNITED STATES",Not stated,,"Relevant Butler intelligence or subcontract lead, but prime feasibility is limited. Matched: dla aviation. Scope reads as hardware supply/manufacturing with no clear design, redesign, or engineering work (matched: supply-class PSC 1650), so it is tracked as a subcontract/competitive-intelligence lead rather than a prime fit.",None identified,Possible subcontract lead,No obvious vehicle restriction,Not Applicable,No special eligibility found in SAM.gov fields.,Prime feasible,Monitor as a direct pursuit unless attachments indicate otherwise.,None detected,https://sam.gov/workspace/contract/opp/e02d3b7ec477491b96683172668512a1/view,"{'rel': 'self', 'href': 'https://api.sam.gov/prod/opportunities/v2/search?noticeid=e02d3b7ec477491b96683172668512a1&limit=1'}",April Reed,april.reed@dla.mil,Primary NAICS 336413,Partial Refresh — Capacity Reached,High
Accepted,B,8,Special Notice,Aviation and Missile Technology Consortium (AMTC) Other Transaction Agreement (OTA) Request for Enhanced Whitepapers (RWP): AMTC-26-04,DEPT OF DEFENSE.DEPT OF THE ARMY.AMC.ACC.ACC-CTRS.ACC RSA.W6QK ACC-RSA,,Special Notice,a1a5732a53e74116a37d3f2b0c36fb35,,2026-09-09,14,541715,AC12,,,Not stated,,"Possible Butler fit through broader defense engineering, logistics, testing, or program support. Matched: aviation, missile, army.",None identified,Add to tracker,No obvious vehicle restriction,Not Applicable,No special eligibility found in SAM.gov fields.,Prime feasible,Monitor as a direct pursuit unless attachments indicate otherwise.,None detected,https://sam.gov/workspace/contract/opp/a1a5732a53e74116a37d3f2b0c36fb35/view,"{'rel': 'self', 'href': 'https://api.sam.gov/prod/opportunities/v2/search?noticeid=a1a5732a53e74116a37d3f2b0c36fb35&limit=1'}",,,Primary NAICS 541715,Partial Refresh — Capacity Reached,High
Accepted,C,3,RFP / Solicitation,"""NSN 2995-01-626-6826, QUADRANT,POWER CONT, WSDC: YLN, HELICOPTER, SEAHAWK, H-60.”",DEPT OF DEFENSE.DEFENSE LOGISTICS AGENCY.DLA AVIATION.DLA AV RICHMOND.DLA AVIATION,,Solicitation,3377692d140641359257b1c7331755c0,SPE4A526R0296,2026-09-09,14,336412,2995,No Set aside used,"Richmond, Virginia, UNITED STATES",Not stated,,"Relevant Butler intelligence or subcontract lead, but prime feasibility is limited. Matched: dla aviation. Scope reads as hardware supply/manufacturing with no clear design, redesign, or engineering work (matched: nsn, supply-class PSC 2995), so it is tracked as a subcontract/competitive-intelligence lead rather than a prime fit.",None identified,Possible subcontract lead,No obvious vehicle restriction,Not Applicable,No special eligibility found in SAM.gov fields.,Prime feasible,Monitor as a direct pursuit unless attachments indicate otherwise.,None detected,https://sam.gov/workspace/contract/opp/3377692d140641359257b1c7331755c0/view,"{'rel': 'self', 'href': 'https://api.sam.gov/prod/opportunities/v2/search?noticeid=3377692d140641359257b1c7331755c0&limit=1'}",Samuel Kogi,samuel.kogi@dla.mil,Primary NAICS 336412,Partial Refresh — Capacity Reached,High
Accepted,C,0,Sources Sought / RFI,Improved Turbine Engine T901 Series (YT Rated Engines),DEPT OF DEFENSE.DEPT OF THE ARMY.AMC.ACC.ACC-CTRS.ACC RSA.W6QK ACC-RSA,,Sources Sought,210864f9da954eae9ac800f9b1c37ebc,W58RGZ-19-C-0003,2026-09-09,14,336412,2840,Small Business Set Aside - Partial,"Lynn, Massachusetts, UNITED STATES",Not stated,,"Relevant Butler intelligence or subcontract lead, but prime feasibility is limited. Matched: army. Attachment text was included in the screen. Scope reads as hardware supply/manufacturing with no clear design, redesign, or engineering work (matched: supply-class PSC 2840), so it is tracked as a subcontract/competitive-intelligence lead rather than a prime fit.",Set-aside eligibility may limit prime feasibility,Check set-aside,No obvious vehicle restriction,Unknown — check Butler contract vehicles,Requires small-business set-aside eligibility.,Prime uncertain,Check whether Butler can qualify directly or should team with an eligible prime.,small business set aside,https://sam.gov/workspace/contract/opp/210864f9da954eae9ac800f9b1c37ebc/view,"https://sam.gov/api/prod/opps/v3/opportunities/resources/files/a27b6c0da99449e8bd66b76d894c6648/download
{'rel': 'self', 'href': 'https://api.sam.gov/prod/opportunities/v2/search?noticeid=210864f9da954eae9ac800f9b1c37ebc&limit=1'}",Erica McClain,erica.l.mcclain2.civ@army.mil,Primary NAICS 336412,Partial Refresh — Capacity Reached,High — attachment text read
Accepted,C,-2,RFP / Solicitation,"29--INJECTOR,FUEL",DEPT OF DEFENSE.DEFENSE LOGISTICS AGENCY.DLA LAND.DLA LAND COLUMBUS.DLA LAND AND MARITIME,,Solicitation,13bb45b453bc4146a25896a6250a39bf,SPE7LX26U9747,2026-09-09,14,336412,29,,,Not stated,,"Relevant Butler intelligence or subcontract lead, but prime feasibility is limited. Scope reads as hardware supply/manufacturing with no clear design, redesign, or engineering work (matched: supply-class PSC 29), so it is tracked as a subcontract/competitive-intelligence lead rather than a prime fit.",None identified,Possible subcontract lead,No obvious vehicle restriction,Not Applicable,No special eligibility found in SAM.gov fields.,Prime feasible,Monitor as a direct pursuit unless attachments indicate otherwise.,None detected,https://sam.gov/workspace/contract/opp/13bb45b453bc4146a25896a6250a39bf/view,"{'rel': 'self', 'href': 'https://api.sam.gov/prod/opportunities/v2/search?noticeid=13bb45b453bc4146a25896a6250a39bf&limit=1'}","Questions regarding this solicitation should be emailed to the buyer listed in block 5 of the solicitation document which can be found under the Additional Information link.
If the Additional Information link does not work, please go to https://www.dibbs.bsm.dla.mil/Solicitations/ and type the solicitation number in the Global Search box.
",DibbsBSM@dla.mil,Primary NAICS 336412,Partial Refresh — Capacity Reached,High
Accepted,C,0,RFP / Solicitation,Remanufacture of C-5/C-130 Linear Direct Valve,DEPT OF DEFENSE.DEPT OF THE AIR FORCE.AIR FORCE MATERIEL COMMAND.AIR FORCE SUSTAINMENT CENTER.FA8118  AFSC PZABB,,Solicitation,f526e6be3fab474991bdae24c14e2f7f,FD20302601413-01,2026-09-09,14,336413,4810,Small Business Set Aside - Total,"0, Oklahoma, UNITED STATES",Not stated,,"Relevant Butler intelligence or subcontract lead, but prime feasibility is limited. Matched: air force. Attachment text was included in the screen. Scope reads as hardware supply/manufacturing with no clear design, redesign, or engineering work (matched: remanufacture, supply-class PSC 4810), so it is tracked as a subcontract/competitive-intelligence lead rather than a prime fit.",Set-aside eligibility may limit prime feasibility,Check set-aside,No obvious vehicle restriction,Unknown — check Butler contract vehicles,Requires small-business set-aside eligibility.,Prime uncertain,Check whether Butler can qualify directly or should team with an eligible prime.,small business set aside,https://sam.gov/workspace/contract/opp/f526e6be3fab474991bdae24c14e2f7f/view,"https://sam.gov/api/prod/opps/v3/opportunities/resources/files/bac51d6f5c1944b2be1d64a2d69f90d3/download
{'rel': 'self', 'href': 'https://api.sam.gov/prod/opportunities/v2/search?noticeid=f526e6be3fab474991bdae24c14e2f7f&limit=1'}",Shannon Reed,Shannon.reed.8@us.af.mil,Primary NAICS 336413,Partial Refresh — Capacity Reached,High — attachment text read
Accepted,C,-2,RFP / Solicitation,"16--CUSHION,SEAT,AIRCRA",DEPT OF DEFENSE.DEFENSE LOGISTICS AGENCY.DLA LAND.DLA LAND COLUMBUS.DLA LAND AND MARITIME,,Solicitation,f390477418c2411b8b7a9f942be59229,SPE7LX26U9773,2026-09-09,14,336413,16,,,Not stated,,"Relevant Butler intelligence or subcontract lead, but prime feasibility is limited. Scope reads as hardware supply/manufacturing with no clear design, redesign, or engineering work (matched: supply-class PSC 16), so it is tracked as a subcontract/competitive-intelligence lead rather than a prime fit.",None identified,Possible subcontract lead,No obvious vehicle restriction,Not Applicable,No special eligibility found in SAM.gov fields.,Prime feasible,Monitor as a direct pursuit unless attachments indicate otherwise.,None detected,https://sam.gov/workspace/contract/opp/f390477418c2411b8b7a9f942be59229/view,"{'rel': 'self', 'href': 'https://api.sam.gov/prod/opportunities/v2/search?noticeid=f390477418c2411b8b7a9f942be59229&limit=1'}","Questions regarding this solicitation should be emailed to the buyer listed in block 5 of the solicitation document which can be found under the Additional Information link.
If the Additional Information link does not work, please go to https://www.dibbs.bsm.dla.mil/Solicitations/ and type the solicitation number in the Global Search box.
",DibbsBSM@dla.mil,Primary NAICS 336413,Partial Refresh — Capacity Reached,High
Accepted,C,0,RFP / Solicitation,176 OSS CAZ Kits,DEPT OF DEFENSE.DEPT OF THE ARMY.NATIONAL GUARD BUREAU.JFHQ USPFO AK.USPFO AK PROCUREMENT.W7MU USPFO ACTIVITY AKANG 176,,Solicitation,cc0dc3fdf04c445db074d5b2291ea7f5,W50S6L-26-Q-0012,2026-09-09,14,336413,4220,Small Business Set Aside - Total,"0, Alaska, UNITED STATES",Not stated,,"Relevant Butler intelligence or subcontract lead, but prime feasibility is limited. Matched: army. Attachment text was included in the screen. Scope reads as hardware supply/manufacturing with no clear design, redesign, or engineering work (matched: supply-class PSC 4220), so it is tracked as a subcontract/competitive-intelligence lead rather than a prime fit.",Set-aside eligibility may limit prime feasibility,Check set-aside,No obvious vehicle restriction,Unknown — check Butler contract vehicles,Requires small-business set-aside eligibility.,Prime uncertain,Check whether Butler can qualify directly or should team with an eligible prime.,small business set aside,https://sam.gov/workspace/contract/opp/cc0dc3fdf04c445db074d5b2291ea7f5/view,"https://sam.gov/api/prod/opps/v3/opportunities/resources/files/d83f060fca7b46578990b773e8fdaac9/download
https://sam.gov/api/prod/opps/v3/opportunities/resources/files/dac33790feb949ff95d6602c5d410db2/download
{'rel': 'self', 'href': 'https://api.sam.gov/prod/opportunities/v2/search?noticeid=cc0dc3fdf04c445db074d5b2291ea7f5&limit=1'}",Martin Khan,Martin.khan@us.af.mil,Primary NAICS 336413,Partial Refresh — Capacity Reached,High — attachment text read
Accepted,C,-2,Low-Feasibility / J&A,Notice of Intent to Sole Source: B1-B Yaw Limiter,DEPT OF DEFENSE.DEPT OF THE AIR FORCE.AIR FORCE GLOBAL STRIKE COMMAND.FA4690  28 CONS PKC,,Special Notice,3a805feb0e2d455b8a03c766e949d158,F1V2C16232A001,2026-09-09,14,336413,1680,No Set aside used,"Ellsworth AFB, South Dakota, UNITED STATES",Not stated,,"Relevant Butler intelligence or subcontract lead, but prime feasibility is limited. Matched: air force. Scope reads as hardware supply/manufacturing with no clear design, redesign, or engineering work (matched: supply-class PSC 1680), so it is tracked as a subcontract/competitive-intelligence lead rather than a prime fit.",Sole-source/OEM/brand-name restriction detected,Check incumbent,No obvious vehicle restriction,Not Applicable,No special eligibility found in SAM.gov fields.,Prime unlikely,Monitor as a direct pursuit unless attachments indicate otherwise.,sole source; intent to sole source,https://sam.gov/workspace/contract/opp/3a805feb0e2d455b8a03c766e949d158/view,"{'rel': 'self', 'href': 'https://api.sam.gov/prod/opportunities/v2/search?noticeid=3a805feb0e2d455b8a03c766e949d158&limit=1'}",A1C Trent Waterman,trent.waterman@us.af.mil,Primary NAICS 336413,Partial Refresh — Capacity Reached,High
Accepted,C,3,RFP / Solicitation,Small Munitions Handling Trailers MHU 110/141,DEPT OF DEFENSE.DEPT OF THE AIR FORCE.AIR FORCE MATERIEL COMMAND.AIR FORCE LIFE CYCLE MANAGEMENT CENTER.COMBAT READINESS.FA8532 AFLCMC ROKA,,Solicitation,0acadfd69ce94b408e094d0f00a16359,FA8532-26-R-0001,2026-09-09,14,336413,1740,,"Warner Robins, Georgia, UNITED STATES",Not stated,,"Relevant Butler intelligence or subcontract lead, but prime feasibility is limited. Matched: air force, aflcmc. Scope reads as hardware supply/manufacturing with no clear design, redesign, or engineering work (matched: supply-class PSC 1740), so it is tracked as a subcontract/competitive-intelligence lead rather than a prime fit.",None identified,Possible subcontract lead,No obvious vehicle restriction,Not Applicable,No special eligibility found in SAM.gov fields.,Prime feasible,Monitor as a direct pursuit unless attachments indicate otherwise.,None detected,https://sam.gov/workspace/contract/opp/0acadfd69ce94b408e094d0f00a16359/view,"{'rel': 'self', 'href': 'https://api.sam.gov/prod/opportunities/v2/search?noticeid=0acadfd69ce94b408e094d0f00a16359&limit=1'}",Shanika Brown,shanika.brown.1@us.af.mil,Primary NAICS 336413,Partial Refresh — Capacity Reached,High
Accepted,B,6,Sources Sought / RFI,PD-42-0003; LCS-2 Waterjet Engineering Services,DEPT OF DEFENSE.DEPT OF THE NAVY.NAVSEA.NAVSEA WARFARE CENTER.NSWC PHILADELPHIA DIV,,Sources Sought,9352cfe1de65474f9fb25d87e04a35f4,N64498-27-RFPREQ-PD-42-0003,2026-09-08,13,541330,R425,No Set aside used,"Philadelphia, Pennsylvania, UNITED STATES",Not stated,,"Possible Butler fit through broader defense engineering, logistics, testing, or program support. Matched: engineering services, navy, navsea, nswc. Attachment text was included in the screen.",None identified,Add to tracker,No obvious vehicle restriction,Not Applicable,No special eligibility found in SAM.gov fields.,Prime feasible,Monitor as a direct pursuit unless attachments indicate otherwise.,None detected,https://sam.gov/workspace/contract/opp/9352cfe1de65474f9fb25d87e04a35f4/view,"https://sam.gov/api/prod/opps/v3/opportunities/resources/files/877521a2d2a74da8a352eeba9327c211/download
https://sam.gov/api/prod/opps/v3/opportunities/resources/files/b90ac39e4c3f408d81a4d153c2d4ac7a/download
{'rel': 'self', 'href': 'https://api.sam.gov/prod/opportunities/v2/search?noticeid=9352cfe1de65474f9fb25d87e04a35f4&limit=1'}",Jenny Tomeo,Jenny.e.Tomeo.civ@us.navy.mil,Primary NAICS 541330,Partial Refresh — Capacity Reached,High — attachment text read
Accepted,C,-2,RFP / Solicitation,"Notice of Intent to Sole Source Integrated Security Technologies, Inc.",DEPT OF DEFENSE.DEFENSE HEALTH AGENCY (DHA).ARMY MED RES ACQ ACTIVITY,,Solicitation,2d685c6337ba477b9eb6e45897636396,PANDHA-26-P-0000046543,2026-09-08,13,541330,6340,,"JBPHH, Hawaii, UNITED STATES",Not stated,,"Relevant Butler intelligence or subcontract lead, but prime feasibility is limited. Matched: army. Attachment text was included in the screen. Scope reads as hardware supply/manufacturing with no clear design, redesign, or engineering work (matched: supply-class PSC 6340), so it is tracked as a subcontract/competitive-intelligence lead rather than a prime fit.",Sole-source/OEM/brand-name restriction detected,Check incumbent,No obvious vehicle restriction,Not Applicable,No special eligibility found in SAM.gov fields.,Prime unlikely,Monitor as a direct pursuit unless attachments indicate otherwise.,sole source; intent to sole source,https://sam.gov/workspace/contract/opp/2d685c6337ba477b9eb6e45897636396/view,"https://sam.gov/api/prod/opps/v3/opportunities/resources/files/9d1df441959e4487ae68c345988273cb/download
{'rel': 'self', 'href': 'https://api.sam.gov/prod/opportunities/v2/search?noticeid=2d685c6337ba477b9eb6e45897636396&limit=1'}",Alicia MALDONADO TORRES,alicia.maldonadotorres.civ@health.mil,Primary NAICS 541330,Partial Refresh — Capacity Reached,High — attachment text read
Accepted,C,-2,RFP / Solicitation,"29--VALVE,FUEL SHUTOFF",DEPT OF DEFENSE.DEFENSE LOGISTICS AGENCY.DLA MARITIME.DLA MARITIME COLUMBUS.DLA LAND AND MARITIME,,Solicitation,d58ddf391b684cb990f49e17b3435a72,SPE7M426T366G,2026-09-08,13,336412,29,,,Not stated,,"Relevant Butler intelligence or subcontract lead, but prime feasibility is limited. Scope reads as hardware supply/manufacturing with no clear design, redesign, or engineering work (matched: supply-class PSC 29), so it is tracked as a subcontract/competitive-intelligence lead rather than a prime fit.",None identified,Possible subcontract lead,No obvious vehicle restriction,Not Applicable,No special eligibility found in SAM.gov fields.,Prime feasible,Monitor as a direct pursuit unless attachments indicate otherwise.,None detected,https://sam.gov/workspace/contract/opp/d58ddf391b684cb990f49e17b3435a72/view,"{'rel': 'self', 'href': 'https://api.sam.gov/prod/opportunities/v2/search?noticeid=d58ddf391b684cb990f49e17b3435a72&limit=1'}","Questions regarding this solicitation should be emailed to the buyer listed in block 5 of the solicitation document which can be found under the Additional Information link.
If the Additional Information link does not work, please go to https://www.dibbs.bsm.dla.mil/Solicitations/ and type the solicitation number in the Global Search box.
",DibbsBSM@dla.mil,Primary NAICS 336412,Partial Refresh — Capacity Reached,High
Accepted,C,2,RFP / Solicitation,"16--TANKER KIT,AIRCRAFT",DEPT OF DEFENSE.DEFENSE LOGISTICS AGENCY.DLA MARITIME.DLA MARITIME COLUMBUS.DLA LAND AND MARITIME,,Solicitation,dd72447c3f9f454b87d71feb4de56bb2,SPE7M426T364H,2026-09-08,13,336413,16,Small Business Set Aside - Total,,Not stated,,"Relevant Butler intelligence or subcontract lead, but prime feasibility is limited. Matched: aircraft. Scope reads as hardware supply/manufacturing with no clear design, redesign, or engineering work (matched: supply-class PSC 16), so it is tracked as a subcontract/competitive-intelligence lead rather than a prime fit.",Set-aside eligibility may limit prime feasibility,Check set-aside,No obvious vehicle restriction,Unknown — check Butler contract vehicles,Requires small-business set-aside eligibility.,Prime uncertain,Check whether Butler can qualify directly or should team with an eligible prime.,small business set aside,https://sam.gov/workspace/contract/opp/dd72447c3f9f454b87d71feb4de56bb2/view,"{'rel': 'self', 'href': 'https://api.sam.gov/prod/opportunities/v2/search?noticeid=dd72447c3f9f454b87d71feb4de56bb2&limit=1'}","Questions regarding this solicitation should be emailed to the buyer listed in block 5 of the solicitation document which can be found under the Additional Information link.
If the Additional Information link does not work, please go to https://www.dibbs.bsm.dla.mil/Solicitations/ and type the solicitation number in the Global Search box.
",DibbsBSM@dla.mil,Primary NAICS 336413,Partial Refresh — Capacity Reached,High
Accepted,C,-2,RFP / Solicitation,Bulkhead Assy,"HOMELAND SECURITY, DEPARTMENT OF.US COAST GUARD.AVIATION LOGISTICS CENTER (ALC)(00038)",,Solicitation,d632147acc134074af6be0122b161fcc,70Z03826QJ0000342,2026-09-08,13,336413,6210,No Set aside used,,Not stated,,"Relevant Butler intelligence or subcontract lead, but prime feasibility is limited. Attachment text was included in the screen. Scope reads as hardware supply/manufacturing with no clear design, redesign, or engineering work (matched: supply-class PSC 6210), so it is tracked as a subcontract/competitive-intelligence lead rather than a prime fit.",None identified,Possible subcontract lead,No obvious vehicle restriction,Not Applicable,No special eligibility found in SAM.gov fields.,Prime feasible,Monitor as a direct pursuit unless attachments indicate otherwise.,None detected,https://sam.gov/workspace/contract/opp/d632147acc134074af6be0122b161fcc/view,"https://sam.gov/api/prod/opps/v3/opportunities/resources/files/fd1642176b5b46a884dab880b166abdd/download
{'rel': 'self', 'href': 'https://api.sam.gov/prod/opportunities/v2/search?noticeid=d632147acc134074af6be0122b161fcc&limit=1'}",Riley Ayers,Riley.A.Ayers@uscg.mil,Primary NAICS 336413,Partial Refresh — Capacity Reached,High — attachment text read
Accepted,C,-2,RFP / Solicitation,17--COUNTER AND CHUTE A,DEPT OF DEFENSE.DEFENSE LOGISTICS AGENCY.TROOP SUPPORT CONSTRUCTION & EQUIPMENT.DLA TROOP SUPPORT,,Solicitation,d455f8cfbc6b4be08b9cc179f1632ebe,SPE8EF26T1685,2026-09-08,13,336413,17,,,Not stated,,"Relevant Butler intelligence or subcontract lead, but prime feasibility is limited. Scope reads as hardware supply/manufacturing with no clear design, redesign, or engineering work (matched: supply-class PSC 17), so it is tracked as a subcontract/competitive-intelligence lead rather than a prime fit.",None identified,Possible subcontract lead,No obvious vehicle restriction,Not Applicable,No special eligibility found in SAM.gov fields.,Prime feasible,Monitor as a direct pursuit unless attachments indicate otherwise.,None detected,https://sam.gov/workspace/contract/opp/d455f8cfbc6b4be08b9cc179f1632ebe/view,"{'rel': 'self', 'href': 'https://api.sam.gov/prod/opportunities/v2/search?noticeid=d455f8cfbc6b4be08b9cc179f1632ebe&limit=1'}","Questions regarding this solicitation should be emailed to the buyer listed in block 5 of the solicitation document which can be found under the Additional Information link.
If the Additional Information link does not work, please go to https://www.dibbs.bsm.dla.mil/Solicitations/ and type the solicitation number in the Global Search box.
",DibbsBSM@dla.mil,Primary NAICS 336413,Partial Refresh — Capacity Reached,High
Accepted,C,-5,RFP / Solicitation,17--TILT CYLINDER ASSEMBLY,DEPT OF DEFENSE.DEFENSE LOGISTICS AGENCY.TROOP SUPPORT CONSTRUCTION & EQUIPMENT.DLA TROOP SUPPORT,,Solicitation,a12d8797040f47acb1c4c3af75291b5c,SPE8E926T3588,2026-09-08,13,336413,17,Service-Disabled Veteran-Owned Small Business (SDVOSB) Set-Aside (FAR 19.14),,Not stated,,"Relevant Butler intelligence or subcontract lead, but prime feasibility is limited. Scope reads as hardware supply/manufacturing with no clear design, redesign, or engineering work (matched: supply-class PSC 17), so it is tracked as a subcontract/competitive-intelligence lead rather than a prime fit.",Set-aside eligibility may limit prime feasibility,Check set-aside,No obvious vehicle restriction,Unknown — check Butler contract vehicles,Requires small-business set-aside eligibility.,Prime uncertain,Check whether Butler can qualify directly or should team with an eligible prime.,sdvosb; veteran-owned,https://sam.gov/workspace/contract/opp/a12d8797040f47acb1c4c3af75291b5c/view,"{'rel': 'self', 'href': 'https://api.sam.gov/prod/opportunities/v2/search?noticeid=a12d8797040f47acb1c4c3af75291b5c&limit=1'}","Questions regarding this solicitation should be emailed to the buyer listed in block 5 of the solicitation document which can be found under the Additional Information link.
If the Additional Information link does not work, please go to https://www.dibbs.bsm.dla.mil/Solicitations/ and type the solicitation number in the Global Search box.
",DibbsBSM@dla.mil,Primary NAICS 336413,Partial Refresh — Capacity Reached,High
Accepted,C,-5,RFP / Solicitation,"17--ADAPTER,FUEL DRAIN",DEPT OF DEFENSE.DEFENSE LOGISTICS AGENCY.TROOP SUPPORT CONSTRUCTION & EQUIPMENT.DLA TROOP SUPPORT,,Solicitation,1d41c508364d4559aef317c9b6bede28,SPE8EF26T1681,2026-09-08,13,336413,17,Small Business Set Aside - Total,,Not stated,,"Relevant Butler intelligence or subcontract lead, but prime feasibility is limited. Scope reads as hardware supply/manufacturing with no clear design, redesign, or engineering work (matched: supply-class PSC 17), so it is tracked as a subcontract/competitive-intelligence lead rather than a prime fit.",Set-aside eligibility may limit prime feasibility,Check set-aside,No obvious vehicle restriction,Unknown — check Butler contract vehicles,Requires small-business set-aside eligibility.,Prime uncertain,Check whether Butler can qualify directly or should team with an eligible prime.,small business set aside,https://sam.gov/workspace/contract/opp/1d41c508364d4559aef317c9b6bede28/view,"{'rel': 'self', 'href': 'https://api.sam.gov/prod/opportunities/v2/search?noticeid=1d41c508364d4559aef317c9b6bede28&limit=1'}","Questions regarding this solicitation should be emailed to the buyer listed in block 5 of the solicitation document which can be found under the Additional Information link.
If the Additional Information link does not work, please go to https://www.dibbs.bsm.dla.mil/Solicitations/ and type the solicitation number in the Global Search box.
",DibbsBSM@dla.mil,Primary NAICS 336413,Partial Refresh — Capacity Reached,High
Accepted,C,-2,RFP / Solicitation,"16--FITTING,HOSE END",DEPT OF DEFENSE.DEFENSE LOGISTICS AGENCY.DLA MARITIME.DLA MARITIME COLUMBUS.DLA LAND AND MARITIME,,Solicitation,1843c241df66488098c787c834b9ad79,SPE7M426T364W,2026-09-08,13,336413,16,,,Not stated,,"Relevant Butler intelligence or subcontract lead, but prime feasibility is limited. Scope reads as hardware supply/manufacturing with no clear design, redesign, or engineering work (matched: supply-class PSC 16), so it is tracked as a subcontract/competitive-intelligence lead rather than a prime fit.",None identified,Possible subcontract lead,No obvious vehicle restriction,Not Applicable,No special eligibility found in SAM.gov fields.,Prime feasible,Monitor as a direct pursuit unless attachments indicate otherwise.,None detected,https://sam.gov/workspace/contract/opp/1843c241df66488098c787c834b9ad79/view,"{'rel': 'self', 'href': 'https://api.sam.gov/prod/opportunities/v2/search?noticeid=1843c241df66488098c787c834b9ad79&limit=1'}","Questions regarding this solicitation should be emailed to the buyer listed in block 5 of the solicitation document which can be found under the Additional Information link.
If the Additional Information link does not work, please go to https://www.dibbs.bsm.dla.mil/Solicitations/ and type the solicitation number in the Global Search box.
",DibbsBSM@dla.mil,Primary NAICS 336413,Partial Refresh — Capacity Reached,High
Accepted,C,3,Sources Sought / RFI,Sources Sought: T-38 Side Brace Trunnion Assembly (PN: 202607928-10),DEPT OF DEFENSE.DEPT OF THE AIR FORCE.AIR FORCE MATERIEL COMMAND.AIR FORCE SUSTAINMENT CENTER.FA8203 AFSC PZAAB,,Sources Sought,ced0e9f09d634fa6bc02b4f6e352facf,SS_T38SideBraceTrunnion,2026-09-08,13,336413,1620,,UNITED STATES,Not stated,,"Relevant Butler intelligence or subcontract lead, but prime feasibility is limited. Matched: air force. Scope reads as hardware supply/manufacturing with no clear design, redesign, or engineering work (matched: supply-class PSC 1620), so it is tracked as a subcontract/competitive-intelligence lead rather than a prime fit.",None identified,Possible subcontract lead,No obvious vehicle restriction,Not Applicable,No special eligibility found in SAM.gov fields.,Prime feasible,Monitor as a direct pursuit unless attachments indicate otherwise.,None detected,https://sam.gov/workspace/contract/opp/ced0e9f09d634fa6bc02b4f6e352facf/view,"{'rel': 'self', 'href': 'https://api.sam.gov/prod/opportunities/v2/search?noticeid=ced0e9f09d634fa6bc02b4f6e352facf&limit=1'}",Amber Marshall,amber.marshall.4@us.af.mil,Primary NAICS 336413,Partial Refresh — Capacity Reached,High
Accepted,C,8,RFP / Solicitation,"NSN:1650016709240, BOOT,AIRCRAFT COMPO,WSDC: 12F STRATOLIFTER, KC-135",DEPT OF DEFENSE.DEFENSE LOGISTICS AGENCY.DLA AVIATION.DLA AV RICHMOND.DLA AVIATION,,Solicitation,3eff86c666f941cc9852e563f383d435,SPE4A526R0249,2026-09-08,13,336413,1650,,"Richmond, Virginia, UNITED STATES",Not stated,,"Relevant Butler intelligence or subcontract lead, but prime feasibility is limited. Matched: aircraft, dla aviation. Scope reads as hardware supply/manufacturing with no clear design, redesign, or engineering work (matched: nsn, supply-class PSC 1650), so it is tracked as a subcontract/competitive-intelligence lead rather than a prime fit.",None identified,Possible subcontract lead,No obvious vehicle restriction,Not Applicable,No special eligibility found in SAM.gov fields.,Prime feasible,Monitor as a direct pursuit unless attachments indicate otherwise.,None detected,https://sam.gov/workspace/contract/opp/3eff86c666f941cc9852e563f383d435/view,"{'rel': 'self', 'href': 'https://api.sam.gov/prod/opportunities/v2/search?noticeid=3eff86c666f941cc9852e563f383d435&limit=1'}",Cheryl BroadieDSN695-5488,Cheryl.Broadie@dla.mil,Primary NAICS 336413,Partial Refresh — Capacity Reached,High
Accepted,C,3,RFP / Solicitation,"ACTUATOR,ELECTRO-ME","DEPT OF DEFENSE.DEFENSE LOGISTICS AGENCY.DLA AVIATION.DLA AVIATION PHILADELPHIA.DLA AVIATION AT PHILADELPHIA, PA",,Solicitation,5525c91faabb499f94c648d7d4a68aa2,SPRPA126QRC48,2026-09-08,13,336413,1680,,,Not stated,,"Relevant Butler intelligence or subcontract lead, but prime feasibility is limited. Matched: dla aviation. Scope reads as hardware supply/manufacturing with no clear design, redesign, or engineering work (matched: supply-class PSC 1680), so it is tracked as a subcontract/competitive-intelligence lead rather than a prime fit.",None identified,Possible subcontract lead,No obvious vehicle restriction,Not Applicable,No special eligibility found in SAM.gov fields.,Prime feasible,Monitor as a direct pursuit unless attachments indicate otherwise.,None detected,https://sam.gov/workspace/contract/opp/5525c91faabb499f94c648d7d4a68aa2/view,"{'rel': 'self', 'href': 'https://api.sam.gov/prod/opportunities/v2/search?noticeid=5525c91faabb499f94c648d7d4a68aa2&limit=1'}",Telephone: 2678009539,NICHOLAS.SMARRO@DLA.MIL,Primary NAICS 336413,Partial Refresh — Capacity Reached,High
Accepted,C,-2,RFP / Solicitation,"20--SNUBBER,SPLIT",DEPT OF DEFENSE.DEFENSE LOGISTICS AGENCY.DLA MARITIME.DLA MARITIME COLUMBUS.DLA LAND AND MARITIME,,Solicitation,0ccc2c9db8ec412da596d14571979a08,SPE7M426T365H,2026-09-08,13,336415,20,,,Not stated,,"Relevant Butler intelligence or subcontract lead, but prime feasibility is limited. Scope reads as hardware supply/manufacturing with no clear design, redesign, or engineering work (matched: supply-class PSC 20), so it is tracked as a subcontract/competitive-intelligence lead rather than a prime fit.",None identified,Possible subcontract lead,No obvious vehicle restriction,Not Applicable,No special eligibility found in SAM.gov fields.,Prime feasible,Monitor as a direct pursuit unless attachments indicate otherwise.,None detected,https://sam.gov/workspace/contract/opp/0ccc2c9db8ec412da596d14571979a08/view,"{'rel': 'self', 'href': 'https://api.sam.gov/prod/opportunities/v2/search?noticeid=0ccc2c9db8ec412da596d14571979a08&limit=1'}","Questions regarding this solicitation should be emailed to the buyer listed in block 5 of the solicitation document which can be found under the Additional Information link.
If the Additional Information link does not work, please go to https://www.dibbs.bsm.dla.mil/Solicitations/ and type the solicitation number in the Global Search box.
",DibbsBSM@dla.mil,Primary NAICS 336415,Partial Refresh — Capacity Reached,High
Accepted,C,-5,RFP / Solicitation,"30--ARM,SLIDE VALVE,RUD",DEPT OF DEFENSE.DEFENSE LOGISTICS AGENCY.DLA LAND.DLA LAND COLUMBUS.DLA LAND AND MARITIME,,Solicitation,60d36c49adc24d59823e1313f9ca65ef,SPE7L126U0623,2026-09-08,13,336419,30,Small Business Set Aside - Total,,Not stated,,"Relevant Butler intelligence or subcontract lead, but prime feasibility is limited. Scope reads as hardware supply/manufacturing with no clear design, redesign, or engineering work (matched: supply-class PSC 30), so it is tracked as a subcontract/competitive-intelligence lead rather than a prime fit.",Set-aside eligibility may limit prime feasibility,Check set-aside,No obvious vehicle restriction,Unknown — check Butler contract vehicles,Requires small-business set-aside eligibility.,Prime uncertain,Check whether Butler can qualify directly or should team with an eligible prime.,small business set aside,https://sam.gov/workspace/contract/opp/60d36c49adc24d59823e1313f9ca65ef/view,"{'rel': 'self', 'href': 'https://api.sam.gov/prod/opportunities/v2/search?noticeid=60d36c49adc24d59823e1313f9ca65ef&limit=1'}","Questions regarding this solicitation should be emailed to the buyer listed in block 5 of the solicitation document which can be found under the Additional Information link.
If the Additional Information link does not work, please go to https://www.dibbs.bsm.dla.mil/Solicitations/ and type the solicitation number in the Global Search box.
",DibbsBSM@dla.mil,Primary NAICS 336419,Partial Refresh — Capacity Reached,High
Accepted,C,3,RFP / Solicitation,"PUMP, FUEL, JET ENGIN; NSN 2915-01-597-1095PR","DEPT OF DEFENSE.DEFENSE LOGISTICS AGENCY.DLA AVIATION.DLA AVIATION OKLAHOMA CITY.DLA AVIATION AT OKLAHOMA CITY, OK",,Solicitation,e4ad641b3b6e450095e7220ab29a2822,SPRTA126Q0410,2026-09-07,12,336412,2915,,,Not stated,,"Relevant Butler intelligence or subcontract lead, but prime feasibility is limited. Matched: dla aviation. Scope reads as hardware supply/manufacturing with no clear design, redesign, or engineering work (matched: nsn, supply-class PSC 2915), so it is tracked as a subcontract/competitive-intelligence lead rather than a prime fit.",None identified,Possible subcontract lead,No obvious vehicle restriction,Not Applicable,No special eligibility found in SAM.gov fields.,Prime feasible,Monitor as a direct pursuit unless attachments indicate otherwise.,None detected,https://sam.gov/workspace/contract/opp/e4ad641b3b6e450095e7220ab29a2822/view,"{'rel': 'self', 'href': 'https://api.sam.gov/prod/opportunities/v2/search?noticeid=e4ad641b3b6e450095e7220ab29a2822&limit=1'}",Asaycia Clayton,asaycia.clayton.1@us.af.mil,Primary NAICS 336412,Partial Refresh — Capacity Reached,High
Accepted,C,5,RFP / Solicitation,"LIGHT ASSY, LANDING for Coast Guard Aircraft HC-27","HOMELAND SECURITY, DEPARTMENT OF.US COAST GUARD.AVIATION LOGISTICS CENTER (ALC)(00038)",,Solicitation,e5addeae728e422f8ee086cdd317412d,70Z03826QW0000097,2026-09-07,12,336413,6620,,,Not stated,,"Relevant Butler intelligence or subcontract lead, but prime feasibility is limited. Matched: aircraft. Attachment text was included in the screen. Scope reads as hardware supply/manufacturing with no clear design, redesign, or engineering work (matched: supply-class PSC 6620), so it is tracked as a subcontract/competitive-intelligence lead rather than a prime fit.",None identified,Possible subcontract lead,No obvious vehicle restriction,Not Applicable,No special eligibility found in SAM.gov fields.,Prime feasible,Monitor as a direct pursuit unless attachments indicate otherwise.,None detected,https://sam.gov/workspace/contract/opp/e5addeae728e422f8ee086cdd317412d/view,"https://sam.gov/api/prod/opps/v3/opportunities/resources/files/02b686e3a7bc46b6a1c581aec832f816/download
https://sam.gov/api/prod/opps/v3/opportunities/resources/files/86c23d2ddf9a4de6b93b6f2ed34dfb9b/download
{'rel': 'self', 'href': 'https://api.sam.gov/prod/opportunities/v2/search?noticeid=e5addeae728e422f8ee086cdd317412d&limit=1'}",Debra Heath,debra.w.heath@uscg.mil,Primary NAICS 336413,Partial Refresh — Capacity Reached,High — attachment text read
Accepted,C,8,RFP / Solicitation,"NSN: 1680016550336, INNER WING INTERCHA,WSDC: Z9N,AIRCRAFT F18 GROWLER",DEPT OF DEFENSE.DEFENSE LOGISTICS AGENCY.DLA AVIATION.DLA AV RICHMOND.DLA AVIATION,,Solicitation,b5b6fbcc5b2740a0931f16267d92a889,SPE4A526R0291,2026-09-07,12,336413,1680,,"Richmond, Virginia, UNITED STATES",Not stated,,"Relevant Butler intelligence or subcontract lead, but prime feasibility is limited. Matched: aircraft, dla aviation. Scope reads as hardware supply/manufacturing with no clear design, redesign, or engineering work (matched: nsn, supply-class PSC 1680), so it is tracked as a subcontract/competitive-intelligence lead rather than a prime fit.",None identified,Possible subcontract lead,No obvious vehicle restriction,Not Applicable,No special eligibility found in SAM.gov fields.,Prime feasible,Monitor as a direct pursuit unless attachments indicate otherwise.,None detected,https://sam.gov/workspace/contract/opp/b5b6fbcc5b2740a0931f16267d92a889/view,"{'rel': 'self', 'href': 'https://api.sam.gov/prod/opportunities/v2/search?noticeid=b5b6fbcc5b2740a0931f16267d92a889&limit=1'}",Cheryl BroadieDSN695-5488,Cheryl.Broadie@dla.mil,Primary NAICS 336413,Partial Refresh — Capacity Reached,High
Accepted,C,0,RFP / Solicitation,133AW REAL/RUSB CDS Bundles,DEPT OF DEFENSE.DEPT OF THE ARMY.NATIONAL GUARD BUREAU.JFHQ USPFO MN.USPFO MN PROCUREMENT.W7NG USPFO ACTIVITY MNANG 133,,Solicitation,95394e1d36ef48da9c7222556565846b,W50S7E202601,2026-09-07,12,336413,1670,Small Business Set Aside - Total,"Saint Paul, Minnesota, UNITED STATES",Not stated,,"Relevant Butler intelligence or subcontract lead, but prime feasibility is limited. Matched: army. Attachment text was included in the screen. Scope reads as hardware supply/manufacturing with no clear design, redesign, or engineering work (matched: supply-class PSC 1670), so it is tracked as a subcontract/competitive-intelligence lead rather than a prime fit.",Set-aside eligibility may limit prime feasibility,Check set-aside,No obvious vehicle restriction,Unknown — check Butler contract vehicles,Requires small-business set-aside eligibility.,Prime uncertain,Check whether Butler can qualify directly or should team with an eligible prime.,small business set aside,https://sam.gov/workspace/contract/opp/95394e1d36ef48da9c7222556565846b/view,"https://sam.gov/api/prod/opps/v3/opportunities/resources/files/19576e95bd7347619c03a92d86be6b98/download
https://sam.gov/api/prod/opps/v3/opportunities/resources/files/a98ab61ad4da4eb7bf77a855f992b0eb/download
https://sam.gov/api/prod/opps/v3/opportunities/resources/files/bbe0190902e641f89e258b0b765f4ee6/download
{'rel': 'self', 'href': 'https://api.sam.gov/prod/opportunities/v2/search?noticeid=95394e1d36ef48da9c7222556565846b&limit=1'}",SMSgt Jason M. Mosher,jason.mosher@us.af.mil,Primary NAICS 336413,Partial Refresh — Capacity Reached,High — attachment text read
Accepted,C,5,RFP / Solicitation,"SCOOP, AIRCRAFT","DEPT OF DEFENSE.DEFENSE LOGISTICS AGENCY.DLA AVIATION.DLA AVIATION OKLAHOMA CITY.DLA AVIATION AT OKLAHOMA CITY, OK",,Solicitation,2d09729fa9fd4eb8b0cfe1cbd743c754,SPRTA1-26-R-0388,2026-09-07,12,336413,1680,Small Business Set Aside - Total,,Not stated,,"Relevant Butler intelligence or subcontract lead, but prime feasibility is limited. Matched: aircraft, dla aviation. Scope reads as hardware supply/manufacturing with no clear design, redesign, or engineering work (matched: supply-class PSC 1680), so it is tracked as a subcontract/competitive-intelligence lead rather than a prime fit.",Set-aside eligibility may limit prime feasibility,Check set-aside,No obvious vehicle restriction,Unknown — check Butler contract vehicles,Requires small-business set-aside eligibility.,Prime uncertain,Check whether Butler can qualify directly or should team with an eligible prime.,small business set aside,https://sam.gov/workspace/contract/opp/2d09729fa9fd4eb8b0cfe1cbd743c754/view,"{'rel': 'self', 'href': 'https://api.sam.gov/prod/opportunities/v2/search?noticeid=2d09729fa9fd4eb8b0cfe1cbd743c754&limit=1'}",Andre Hallmon,andre.hallmon@us.af.mil,Primary NAICS 336413,Partial Refresh — Capacity Reached,High
Accepted,C,-2,RFP / Solicitation,MH-65 Backing Brake Plate,"HOMELAND SECURITY, DEPARTMENT OF.US COAST GUARD.AVIATION LOGISTICS CENTER (ALC)(00038)",,Solicitation,c92845d8669443d49028b77b8eb53ddd,70Z03826QB0000194,2026-09-07,12,336413,1630,,,Not stated,,"Relevant Butler intelligence or subcontract lead, but prime feasibility is limited. Attachment text was included in the screen. Scope reads as hardware supply/manufacturing with no clear design, redesign, or engineering work (matched: supply-class PSC 1630), so it is tracked as a subcontract/competitive-intelligence lead rather than a prime fit.",None identified,Possible subcontract lead,No obvious vehicle restriction,Not Applicable,No special eligibility found in SAM.gov fields.,Prime feasible,Monitor as a direct pursuit unless attachments indicate otherwise.,None detected,https://sam.gov/workspace/contract/opp/c92845d8669443d49028b77b8eb53ddd/view,"https://sam.gov/api/prod/opps/v3/opportunities/resources/files/a57dbbab296f4038b92daaab4f31f707/download
https://sam.gov/api/prod/opps/v3/opportunities/resources/files/d715eb99206344ea83cbb07746f85f80/download
https://sam.gov/api/prod/opps/v3/opportunities/resources/files/fc4dfaa605f34829879e6314fc9d1bcc/download
{'rel': 'self', 'href': 'https://api.sam.gov/prod/opportunities/v2/search?noticeid=c92845d8669443d49028b77b8eb53ddd&limit=1'}",Selmary Melendez,Selmary.MelendezGonzalez3@uscg.mil,Primary NAICS 336413,Partial Refresh — Capacity Reached,High — attachment text read
Accepted,C,3,RFP / Solicitation,TORQUE TUBE ASSEMBLY,"DEPT OF DEFENSE.DEFENSE LOGISTICS AGENCY.DLA AVIATION.DLA AVIATION OKLAHOMA CITY.DLA AVIATION AT OKLAHOMA CITY, OK",,Solicitation,092694b728774869a3037643f3954f9d,SPRTA126R1442,2026-09-07,12,336413,1680,No Set aside used,UNITED STATES,Not stated,,"Relevant Butler intelligence or subcontract lead, but prime feasibility is limited. Matched: dla aviation. Attachment text was included in the screen. Scope reads as hardware supply/manufacturing with no clear design, redesign, or engineering work (matched: supply-class PSC 1680), so it is tracked as a subcontract/competitive-intelligence lead rather than a prime fit.",None identified,Possible subcontract lead,No obvious vehicle restriction,Not Applicable,No special eligibility found in SAM.gov fields.,Prime feasible,Monitor as a direct pursuit unless attachments indicate otherwise.,None detected,https://sam.gov/workspace/contract/opp/092694b728774869a3037643f3954f9d/view,"https://sam.gov/api/prod/opps/v3/opportunities/resources/files/c163ef9e123245229cdcace1cf299783/download
{'rel': 'self', 'href': 'https://api.sam.gov/prod/opportunities/v2/search?noticeid=092694b728774869a3037643f3954f9d&limit=1'}",Logan Hurtz,logan.hurtz@us.af.mil,Primary NAICS 336413,Partial Refresh — Capacity Reached,High — attachment text read
Accepted,C,0,RFP / Solicitation,"14--DETENT ASSEMBLY,GUIDED",DEPT OF DEFENSE.DEFENSE LOGISTICS AGENCY.DLA AVIATION.DLA AV RICHMOND.DLA AVIATION,,Solicitation,f9ac8c8e9a9e4a2689634bdb6bd49e6f,SPE4A626Q1347,2026-09-07,12,336419,14,Small Business Set Aside - Total,,Not stated,,"Relevant Butler intelligence or subcontract lead, but prime feasibility is limited. Matched: dla aviation. Scope reads as hardware supply/manufacturing with no clear design, redesign, or engineering work (matched: supply-class PSC 14), so it is tracked as a subcontract/competitive-intelligence lead rather than a prime fit.",Set-aside eligibility may limit prime feasibility,Check set-aside,No obvious vehicle restriction,Unknown — check Butler contract vehicles,Requires small-business set-aside eligibility.,Prime uncertain,Check whether Butler can qualify directly or should team with an eligible prime.,small business set aside,https://sam.gov/workspace/contract/opp/f9ac8c8e9a9e4a2689634bdb6bd49e6f/view,"{'rel': 'self', 'href': 'https://api.sam.gov/prod/opportunities/v2/search?noticeid=f9ac8c8e9a9e4a2689634bdb6bd49e6f&limit=1'}","Questions regarding this solicitation should be emailed to the buyer listed in block 5 of the solicitation document which can be found under the Additional Information link.
If the Additional Information link does not work, please go to https://www.dibbs.bsm.dla.mil/Solicitations/ and type the solicitation number in the Global Search box.
",DibbsBSM@dla.mil,Primary NAICS 336419,Partial Refresh — Capacity Reached,High
Accepted,C,3,RFP / Solicitation,ActuatorElectroMechanicalLinear,"DEPT OF DEFENSE.DEFENSE LOGISTICS AGENCY.DLA AVIATION.DLA AVIATION OKLAHOMA CITY.DLA AVIATION AT OKLAHOMA CITY, OK",,Solicitation,8bee8116f93749a881b4e60d3c2b60dc,SPRTA126R0070,2026-09-06,11,336412,3010,,UNITED STATES,Not stated,,"Relevant Butler intelligence or subcontract lead, but prime feasibility is limited. Matched: dla aviation. Attachment text was included in the screen. Scope reads as hardware supply/manufacturing with no clear design, redesign, or engineering work (matched: supply-class PSC 3010), so it is tracked as a subcontract/competitive-intelligence lead rather than a prime fit.",None identified,Possible subcontract lead,No obvious vehicle restriction,Not Applicable,No special eligibility found in SAM.gov fields.,Prime feasible,Monitor as a direct pursuit unless attachments indicate otherwise.,None detected,https://sam.gov/workspace/contract/opp/8bee8116f93749a881b4e60d3c2b60dc/view,"https://sam.gov/api/prod/opps/v3/opportunities/resources/files/2871d0e2ffcf41d699fd72aa3821a1ed/download
https://sam.gov/api/prod/opps/v3/opportunities/resources/files/4d2ce5621a40444ea1a84e4f595415eb/download
https://sam.gov/api/prod/opps/v3/opportunities/resources/files/6eaaefc38514430ba43e6211e3a21286/download
{'rel': 'self', 'href': 'https://api.sam.gov/prod/opportunities/v2/search?noticeid=8bee8116f93749a881b4e60d3c2b60dc&limit=1'}",James Headington,James.Headington.1@us.af.mil,Primary NAICS 336412,Partial Refresh — Capacity Reached,High — attachment text read
Accepted,C,0,RFP / Solicitation,15--LH STA 379 OUTBD STRAP,"DEPT OF DEFENSE.DEFENSE LOGISTICS AGENCY.DLA AVIATION.DLA AV RICHMOND.DLA AVIATION - JACKSONVILLE, FL",,Solicitation,9a389d287909464dbd81b4810610b84a,SPEFA326Q0059,2026-09-06,11,336413,15,Small Business Set Aside - Total,,Not stated,,"Relevant Butler intelligence or subcontract lead, but prime feasibility is limited. Matched: dla aviation. Scope reads as hardware supply/manufacturing with no clear design, redesign, or engineering work (matched: supply-class PSC 15), so it is tracked as a subcontract/competitive-intelligence lead rather than a prime fit.",Set-aside eligibility may limit prime feasibility,Check set-aside,No obvious vehicle restriction,Unknown — check Butler contract vehicles,Requires small-business set-aside eligibility.,Prime uncertain,Check whether Butler can qualify directly or should team with an eligible prime.,small business set aside,https://sam.gov/workspace/contract/opp/9a389d287909464dbd81b4810610b84a/view,"{'rel': 'self', 'href': 'https://api.sam.gov/prod/opportunities/v2/search?noticeid=9a389d287909464dbd81b4810610b84a&limit=1'}","Questions regarding this solicitation should be emailed to the buyer listed in block 5 of the solicitation document which can be found under the Additional Information link.
If the Additional Information link does not work, please go to https://www.dibbs.bsm.dla.mil/Solicitations/ and type the solicitation number in the Global Search box.
",DibbsBSM@dla.mil,Primary NAICS 336413,Partial Refresh — Capacity Reached,High
Accepted,C,3,RFP / Solicitation,"F-100 Control, Exhaust Noz","DEPT OF DEFENSE.DEFENSE LOGISTICS AGENCY.DLA AVIATION.DLA AVIATION OKLAHOMA CITY.DLA AVIATION AT OKLAHOMA CITY, OK",,Solicitation,e35dbca590564a9fb021aa75e3960d80,SPRTA126R1214,2026-09-05,10,336412,2995,No Set aside used,UNITED STATES,Not stated,,"Relevant Butler intelligence or subcontract lead, but prime feasibility is limited. Matched: dla aviation. Attachment text was included in the screen. Scope reads as hardware supply/manufacturing with no clear design, redesign, or engineering work (matched: supply-class PSC 2995), so it is tracked as a subcontract/competitive-intelligence lead rather than a prime fit.",None identified,Possible subcontract lead,No obvious vehicle restriction,Not Applicable,No special eligibility found in SAM.gov fields.,Prime feasible,Monitor as a direct pursuit unless attachments indicate otherwise.,None detected,https://sam.gov/workspace/contract/opp/e35dbca590564a9fb021aa75e3960d80/view,"https://sam.gov/api/prod/opps/v3/opportunities/resources/files/d0f82699930e413c960e96c5267ce9de/download
{'rel': 'self', 'href': 'https://api.sam.gov/prod/opportunities/v2/search?noticeid=e35dbca590564a9fb021aa75e3960d80&limit=1'}",Jeremy Bryant,Jeremy.bryant@us.af.mil,Primary NAICS 336412,Partial Refresh — Capacity Reached,High — attachment text read
Accepted,C,8,RFP / Solicitation,"F-100 Bearing, Ball, Annula","DEPT OF DEFENSE.DEFENSE LOGISTICS AGENCY.DLA AVIATION.DLA AVIATION OKLAHOMA CITY.DLA AVIATION AT OKLAHOMA CITY, OK",,Solicitation,60148d00702549c8aa119ae59336cff9,SPRTA126Q2103,2026-09-05,10,336412,3110,No Set aside used,UNITED STATES,Not stated,,"Relevant Butler intelligence or subcontract lead, but prime feasibility is limited. Matched: uas, dla aviation. Attachment text was included in the screen. Scope reads as hardware supply/manufacturing with no clear design, redesign, or engineering work (matched: supply-class PSC 3110), so it is tracked as a subcontract/competitive-intelligence lead rather than a prime fit.",None identified,Possible subcontract lead,No obvious vehicle restriction,Not Applicable,No special eligibility found in SAM.gov fields.,Prime feasible,Monitor as a direct pursuit unless attachments indicate otherwise.,None detected,https://sam.gov/workspace/contract/opp/60148d00702549c8aa119ae59336cff9/view,"https://sam.gov/api/prod/opps/v3/opportunities/resources/files/72d4f9136017498c99ad356e4797c848/download
{'rel': 'self', 'href': 'https://api.sam.gov/prod/opportunities/v2/search?noticeid=60148d00702549c8aa119ae59336cff9&limit=1'}",Jeremy Bryant,Jeremy.bryant@us.af.mil,Primary NAICS 336412,Partial Refresh — Capacity Reached,High — attachment text read
Accepted,C,3,RFP / Solicitation,"T-56 Amplifier, Electroni","DEPT OF DEFENSE.DEFENSE LOGISTICS AGENCY.DLA AVIATION.DLA AVIATION OKLAHOMA CITY.DLA AVIATION AT OKLAHOMA CITY, OK",,Solicitation,02fc1dd17c974410970676b8277e97b4,SPRTA126Q1494,2026-09-05,10,336412,5996,No Set aside used,UNITED STATES,Not stated,,"Relevant Butler intelligence or subcontract lead, but prime feasibility is limited. Matched: dla aviation. Attachment text was included in the screen. Scope reads as hardware supply/manufacturing with no clear design, redesign, or engineering work (matched: supply-class PSC 5996), so it is tracked as a subcontract/competitive-intelligence lead rather than a prime fit.",None identified,Possible subcontract lead,No obvious vehicle restriction,Not Applicable,No special eligibility found in SAM.gov fields.,Prime feasible,Monitor as a direct pursuit unless attachments indicate otherwise.,None detected,https://sam.gov/workspace/contract/opp/02fc1dd17c974410970676b8277e97b4/view,"https://sam.gov/api/prod/opps/v3/opportunities/resources/files/9a4b751733e940ae96826c2559f9aa1f/download
{'rel': 'self', 'href': 'https://api.sam.gov/prod/opportunities/v2/search?noticeid=02fc1dd17c974410970676b8277e97b4&limit=1'}",Jeremy Bryant,Jeremy.bryant@us.af.mil,Primary NAICS 336412,Partial Refresh — Capacity Reached,High — attachment text read
Accepted,C,3,RFP / Solicitation,"Regulator, Oxygen, De","DEPT OF DEFENSE.DEFENSE LOGISTICS AGENCY.DLA AVIATION.DLA AVIATION OKLAHOMA CITY.DLA AVIATION AT OKLAHOMA CITY, OK",,Solicitation,aa56dc9bde2c413681db4a3ab671e0ad,SPRTA1-26-R-0405,2026-09-05,10,336413,1660,No Set aside used,,Not stated,,"Relevant Butler intelligence or subcontract lead, but prime feasibility is limited. Matched: dla aviation. Scope reads as hardware supply/manufacturing with no clear design, redesign, or engineering work (matched: supply-class PSC 1660), so it is tracked as a subcontract/competitive-intelligence lead rather than a prime fit.",None identified,Possible subcontract lead,No obvious vehicle restriction,Not Applicable,No special eligibility found in SAM.gov fields.,Prime feasible,Monitor as a direct pursuit unless attachments indicate otherwise.,None detected,https://sam.gov/workspace/contract/opp/aa56dc9bde2c413681db4a3ab671e0ad/view,"{'rel': 'self', 'href': 'https://api.sam.gov/prod/opportunities/v2/search?noticeid=aa56dc9bde2c413681db4a3ab671e0ad&limit=1'}",Chrissy Turnage,christine.turnage@us.af.mil,Primary NAICS 336413,Partial Refresh — Capacity Reached,High
Accepted,C,3,Sources Sought / RFI,A-10 Stator and Rotor Brake,DEPT OF DEFENSE.DEPT OF THE AIR FORCE.AIR FORCE MATERIEL COMMAND.AIR FORCE SUSTAINMENT CENTER.FA8203 AFSC PZAAB,,Sources Sought,89dfcf48048a491ab54ac05a13a18350,FA8203_A10_MR,2026-09-05,10,336413,1630,No Set aside used,UNITED STATES,Not stated,,"Relevant Butler intelligence or subcontract lead, but prime feasibility is limited. Matched: air force. Scope reads as hardware supply/manufacturing with no clear design, redesign, or engineering work (matched: supply-class PSC 1630), so it is tracked as a subcontract/competitive-intelligence lead rather than a prime fit.",None identified,Possible subcontract lead,No obvious vehicle restriction,Not Applicable,No special eligibility found in SAM.gov fields.,Prime feasible,Monitor as a direct pursuit unless attachments indicate otherwise.,None detected,https://sam.gov/workspace/contract/opp/89dfcf48048a491ab54ac05a13a18350/view,"{'rel': 'self', 'href': 'https://api.sam.gov/prod/opportunities/v2/search?noticeid=89dfcf48048a491ab54ac05a13a18350&limit=1'}",Matthew Fowers,matthew.fowers@us.af.mil,Primary NAICS 336413,Partial Refresh — Capacity Reached,High
Accepted,C,3,Special Notice,Space Campus - DRAFT Synopsis,DEPT OF DEFENSE.DEPT OF THE ARMY.US ARMY CORPS OF ENGINEERS.ENGINEER DIVISION SOUTHWESTERN.W076 ENDIST MIDDLE EAS(PROVIS),,Special Notice,371185dc62bb4006937b4e69fa4576b4,W912ER26RQDA4,2026-09-04,9,541330,C219,No Set aside used,"Winchester, Virginia, UNITED STATES",Not stated,,"Relevant Butler intelligence or subcontract lead, but prime feasibility is limited. Matched: army. Attachment text was included in the screen. Scope reads as hardware supply/manufacturing with no clear design, redesign, or engineering work (matched: nsn), so it is tracked as a subcontract/competitive-intelligence lead rather than a prime fit.",None identified,Possible subcontract lead,No obvious vehicle restriction,Not Applicable,No special eligibility found in SAM.gov fields.,Prime feasible,Monitor as a direct pursuit unless attachments indicate otherwise.,None detected,https://sam.gov/workspace/contract/opp/371185dc62bb4006937b4e69fa4576b4/view,"https://sam.gov/api/prod/opps/v3/opportunities/resources/files/584aa4146df648f0933a7e44bad5f341/download
https://sam.gov/api/prod/opps/v3/opportunities/resources/files/c2d13787848943409d5cc3fbd362d423/download
{'rel': 'self', 'href': 'https://api.sam.gov/prod/opportunities/v2/search?noticeid=371185dc62bb4006937b4e69fa4576b4&limit=1'}",Tracy Gusukuma,tracy.m.gusukuma@usace.army.mil,Primary NAICS 541330,Partial Refresh — Capacity Reached,High — attachment text read
Accepted,C,-5,RFP / Solicitation,"48--BODY,VALVE",DEPT OF DEFENSE.DEFENSE LOGISTICS AGENCY.DLA MARITIME.DLA MARITIME COLUMBUS.DLA LAND AND MARITIME,,Solicitation,4cd5d72f5c274b338632f72acd3758f7,SPE7MC26T223R,2026-09-04,9,336411,48,Small Business Set Aside - Total,,Not stated,,"Relevant Butler intelligence or subcontract lead, but prime feasibility is limited. Scope reads as hardware supply/manufacturing with no clear design, redesign, or engineering work (matched: supply-class PSC 48), so it is tracked as a subcontract/competitive-intelligence lead rather than a prime fit.",Set-aside eligibility may limit prime feasibility,Check set-aside,No obvious vehicle restriction,Unknown — check Butler contract vehicles,Requires small-business set-aside eligibility.,Prime uncertain,Check whether Butler can qualify directly or should team with an eligible prime.,small business set aside,https://sam.gov/workspace/contract/opp/4cd5d72f5c274b338632f72acd3758f7/view,"{'rel': 'self', 'href': 'https://api.sam.gov/prod/opportunities/v2/search?noticeid=4cd5d72f5c274b338632f72acd3758f7&limit=1'}","Questions regarding this solicitation should be emailed to the buyer listed in block 5 of the solicitation document which can be found under the Additional Information link.
If the Additional Information link does not work, please go to https://www.dibbs.bsm.dla.mil/Solicitations/ and type the solicitation number in the Global Search box.
",DibbsBSM@dla.mil,Primary NAICS 336411,Partial Refresh — Capacity Reached,High
Accepted,C,5,RFP / Solicitation,PAO UAS purchase,DEPT OF DEFENSE.DEPT OF THE ARMY.AMC.ACC.MISSION INSTALLATION CONTRACTING COMMAND.419TH CSB.W6QM MICC-FT STEWART,,Solicitation,a4f4ac7b6e48423689b6be554ee2f637,27_08,2026-09-04,9,336411,1550,Small Business Set Aside - Total,"Fort Stewart, Georgia, UNITED STATES",Not stated,,"Relevant Butler intelligence or subcontract lead, but prime feasibility is limited. Matched: uas, army. Attachment text was included in the screen. Scope reads as hardware supply/manufacturing with no clear design, redesign, or engineering work (matched: supply-class PSC 1550), so it is tracked as a subcontract/competitive-intelligence lead rather than a prime fit.",Set-aside eligibility may limit prime feasibility,Check set-aside,No obvious vehicle restriction,Unknown — check Butler contract vehicles,Requires small-business set-aside eligibility.,Prime uncertain,Check whether Butler can qualify directly or should team with an eligible prime.,small business set aside,https://sam.gov/workspace/contract/opp/a4f4ac7b6e48423689b6be554ee2f637/view,"https://sam.gov/api/prod/opps/v3/opportunities/resources/files/b26fb13f900e43beacb83eb61b986ece/download
https://sam.gov/api/prod/opps/v3/opportunities/resources/files/bf789f3d598e427f95c80b2a5de3328b/download
{'rel': 'self', 'href': 'https://api.sam.gov/prod/opportunities/v2/search?noticeid=a4f4ac7b6e48423689b6be554ee2f637&limit=1'}",Shaana Ito,shaana.k.ito.civ@army.mil,Primary NAICS 336411,Partial Refresh — Capacity Reached,High — attachment text read
Accepted,C,3,RFP / Solicitation,Fatigue Substantiation Phase I,DEPT OF DEFENSE.DEPT OF THE NAVY.NAVAIR.NAVAIR HQS.NAVAL AIR SYSTEMS COMMAND,,Solicitation,d893e4ee37bc4a42a6aa1c4e469d4ddd,N00019-24-RFPREQ-APM261-0352,2026-09-04,9,336411,1680,No Set aside used,"Stratford, Connecticut, UNITED STATES",Not stated,,"Relevant Butler intelligence or subcontract lead, but prime feasibility is limited. Matched: navy, navair. Scope reads as hardware supply/manufacturing with no clear design, redesign, or engineering work (matched: supply-class PSC 1680), so it is tracked as a subcontract/competitive-intelligence lead rather than a prime fit.",None identified,Possible subcontract lead,No obvious vehicle restriction,Not Applicable,No special eligibility found in SAM.gov fields.,Prime feasible,Monitor as a direct pursuit unless attachments indicate otherwise.,None detected,https://sam.gov/workspace/contract/opp/d893e4ee37bc4a42a6aa1c4e469d4ddd/view,"{'rel': 'self', 'href': 'https://api.sam.gov/prod/opportunities/v2/search?noticeid=d893e4ee37bc4a42a6aa1c4e469d4ddd&limit=1'}",Erin R. Conden,erin.r.conden@navy.mil,Primary NAICS 336411,Partial Refresh — Capacity Reached,High
Accepted,C,0,RFP / Solicitation,Lower Lobe MX Stand for KC-46,DEPT OF DEFENSE.DEPT OF THE AIR FORCE.AIR MOBILITY COMMAND.FA4621  22 CONS PK,,Solicitation,0ce8ccc9a91b453c83bd66448056985c,FA462126Q0050,2026-09-04,9,336413,1730,Small Business Set Aside - Total,"Wichita, Kansas, UNITED STATES",Not stated,,"Relevant Butler intelligence or subcontract lead, but prime feasibility is limited. Matched: air force. Attachment text was included in the screen. Scope reads as hardware supply/manufacturing with no clear design, redesign, or engineering work (matched: supply-class PSC 1730), so it is tracked as a subcontract/competitive-intelligence lead rather than a prime fit.",Set-aside eligibility may limit prime feasibility,Check set-aside,No obvious vehicle restriction,Unknown — check Butler contract vehicles,Requires small-business set-aside eligibility.,Prime uncertain,Check whether Butler can qualify directly or should team with an eligible prime.,small business set aside,https://sam.gov/workspace/contract/opp/0ce8ccc9a91b453c83bd66448056985c/view,"https://sam.gov/api/prod/opps/v3/opportunities/resources/files/02fa2a6529b1425284e1171c306e8300/download
https://sam.gov/api/prod/opps/v3/opportunities/resources/files/31b694c3695245e9823834588ae2cef6/download
https://sam.gov/api/prod/opps/v3/opportunities/resources/files/65f3237b90324470857cf4fc04a002ce/download
{'rel': 'self', 'href': 'https://api.sam.gov/prod/opportunities/v2/search?noticeid=0ce8ccc9a91b453c83bd66448056985c&limit=1'}",SrA Natalee Dykes,natalee.dykes@us.af.mil,Primary NAICS 336413,Partial Refresh — Capacity Reached,High — attachment text read
Accepted,C,-2,RFP / Solicitation,"16--LINK AND PINS,UNIVE",DEPT OF DEFENSE.DEFENSE LOGISTICS AGENCY.DLA MARITIME.DLA MARITIME COLUMBUS.DLA LAND AND MARITIME,,Solicitation,fab057f77c0740c0954889b1936e1dcc,SPE7M426T363W,2026-09-04,9,336413,16,,,Not stated,,"Relevant Butler intelligence or subcontract lead, but prime feasibility is limited. Scope reads as hardware supply/manufacturing with no clear design, redesign, or engineering work (matched: supply-class PSC 16), so it is tracked as a subcontract/competitive-intelligence lead rather than a prime fit.",None identified,Possible subcontract lead,No obvious vehicle restriction,Not Applicable,No special eligibility found in SAM.gov fields.,Prime feasible,Monitor as a direct pursuit unless attachments indicate otherwise.,None detected,https://sam.gov/workspace/contract/opp/fab057f77c0740c0954889b1936e1dcc/view,"{'rel': 'self', 'href': 'https://api.sam.gov/prod/opportunities/v2/search?noticeid=fab057f77c0740c0954889b1936e1dcc&limit=1'}","Questions regarding this solicitation should be emailed to the buyer listed in block 5 of the solicitation document which can be found under the Additional Information link.
If the Additional Information link does not work, please go to https://www.dibbs.bsm.dla.mil/Solicitations/ and type the solicitation number in the Global Search box.
",DibbsBSM@dla.mil,Primary NAICS 336413,Partial Refresh — Capacity Reached,High
Accepted,C,-2,RFP / Solicitation,16--SLEEVE ASSEMBLY,DEPT OF DEFENSE.DEFENSE LOGISTICS AGENCY.DLA MARITIME.DLA MARITIME COLUMBUS.DLA LAND AND MARITIME,,Solicitation,6679b40eefee49dd9a9930ef5bc3bfc5,SPE7M426T364A,2026-09-04,9,336413,16,,,Not stated,,"Relevant Butler intelligence or subcontract lead, but prime feasibility is limited. Scope reads as hardware supply/manufacturing with no clear design, redesign, or engineering work (matched: supply-class PSC 16), so it is tracked as a subcontract/competitive-intelligence lead rather than a prime fit.",None identified,Possible subcontract lead,No obvious vehicle restriction,Not Applicable,No special eligibility found in SAM.gov fields.,Prime feasible,Monitor as a direct pursuit unless attachments indicate otherwise.,None detected,https://sam.gov/workspace/contract/opp/6679b40eefee49dd9a9930ef5bc3bfc5/view,"{'rel': 'self', 'href': 'https://api.sam.gov/prod/opportunities/v2/search?noticeid=6679b40eefee49dd9a9930ef5bc3bfc5&limit=1'}","Questions regarding this solicitation should be emailed to the buyer listed in block 5 of the solicitation document which can be found under the Additional Information link.
If the Additional Information link does not work, please go to https://www.dibbs.bsm.dla.mil/Solicitations/ and type the solicitation number in the Global Search box.
",DibbsBSM@dla.mil,Primary NAICS 336413,Partial Refresh — Capacity Reached,High
Accepted,C,-2,RFP / Solicitation,"16--CONTROL BOX,ELECTRICAL",DEPT OF DEFENSE.DEFENSE LOGISTICS AGENCY.DLA MARITIME.DLA MARITIME COLUMBUS.DLA LAND AND MARITIME,,Solicitation,16aa9e6a88d5425697940bfb5825d130,SPE7M426T363B,2026-09-04,9,336413,16,,,Not stated,,"Relevant Butler intelligence or subcontract lead, but prime feasibility is limited. Scope reads as hardware supply/manufacturing with no clear design, redesign, or engineering work (matched: supply-class PSC 16), so it is tracked as a subcontract/competitive-intelligence lead rather than a prime fit.",None identified,Possible subcontract lead,No obvious vehicle restriction,Not Applicable,No special eligibility found in SAM.gov fields.,Prime feasible,Monitor as a direct pursuit unless attachments indicate otherwise.,None detected,https://sam.gov/workspace/contract/opp/16aa9e6a88d5425697940bfb5825d130/view,"{'rel': 'self', 'href': 'https://api.sam.gov/prod/opportunities/v2/search?noticeid=16aa9e6a88d5425697940bfb5825d130&limit=1'}","Questions regarding this solicitation should be emailed to the buyer listed in block 5 of the solicitation document which can be found under the Additional Information link.
If the Additional Information link does not work, please go to https://www.dibbs.bsm.dla.mil/Solicitations/ and type the solicitation number in the Global Search box.
",DibbsBSM@dla.mil,Primary NAICS 336413,Partial Refresh — Capacity Reached,High
Accepted,C,-5,RFP / Solicitation,"30--PULLEY,GROOVE",DEPT OF DEFENSE.DEFENSE LOGISTICS AGENCY.DLA LAND.DLA LAND COLUMBUS.DLA LAND AND MARITIME,,Solicitation,0293214a9bc54f1784132db04b824c4a,SPE7L526T5165,2026-09-04,9,336413,30,Small Business Set Aside - Total,,Not stated,,"Relevant Butler intelligence or subcontract lead, but prime feasibility is limited. Scope reads as hardware supply/manufacturing with no clear design, redesign, or engineering work (matched: supply-class PSC 30), so it is tracked as a subcontract/competitive-intelligence lead rather than a prime fit.",Set-aside eligibility may limit prime feasibility,Check set-aside,No obvious vehicle restriction,Unknown — check Butler contract vehicles,Requires small-business set-aside eligibility.,Prime uncertain,Check whether Butler can qualify directly or should team with an eligible prime.,small business set aside,https://sam.gov/workspace/contract/opp/0293214a9bc54f1784132db04b824c4a/view,"{'rel': 'self', 'href': 'https://api.sam.gov/prod/opportunities/v2/search?noticeid=0293214a9bc54f1784132db04b824c4a&limit=1'}","Questions regarding this solicitation should be emailed to the buyer listed in block 5 of the solicitation document which can be found under the Additional Information link.
If the Additional Information link does not work, please go to https://www.dibbs.bsm.dla.mil/Solicitations/ and type the solicitation number in the Global Search box.
",DibbsBSM@dla.mil,Primary NAICS 336413,Partial Refresh — Capacity Reached,High
Accepted,C,-2,RFP / Solicitation,"Duct Assembly, Air C","HOMELAND SECURITY, DEPARTMENT OF.US COAST GUARD.AVIATION LOGISTICS CENTER (ALC)(00038)",,Special Notice,bdb6a23fea004b2fa21ec261db1c5d5e,70Z03826QJ0000206,2026-09-04,9,336413,1660,No Set aside used,,Not stated,,"Relevant Butler intelligence or subcontract lead, but prime feasibility is limited. Attachment text was included in the screen. Scope reads as hardware supply/manufacturing with no clear design, redesign, or engineering work (matched: supply-class PSC 1660), so it is tracked as a subcontract/competitive-intelligence lead rather than a prime fit.",None identified,Possible subcontract lead,No obvious vehicle restriction,Not Applicable,No special eligibility found in SAM.gov fields.,Prime feasible,Monitor as a direct pursuit unless attachments indicate otherwise.,None detected,https://sam.gov/workspace/contract/opp/bdb6a23fea004b2fa21ec261db1c5d5e/view,"https://sam.gov/api/prod/opps/v3/opportunities/resources/files/31feef0b8b9a486a960836669ce8bc54/download
https://sam.gov/api/prod/opps/v3/opportunities/resources/files/a5cb5085e54a4349bff97066413da8f1/download
{'rel': 'self', 'href': 'https://api.sam.gov/prod/opportunities/v2/search?noticeid=bdb6a23fea004b2fa21ec261db1c5d5e&limit=1'}",Cindy Harmes,Cindy.K.Harmes@uscg.mil,Primary NAICS 336413,Partial Refresh — Capacity Reached,High — attachment text read
Accepted,C,3,RFP / Solicitation,"VALVE, PRESSURE REG","DEPT OF DEFENSE.DEFENSE LOGISTICS AGENCY.DLA AVIATION.DLA AVIATION PHILADELPHIA.DLA AVIATION AT PHILADELPHIA, PA",,Solicitation,ad66bef9bf1741e583fd3c7dfd5d0e2c,SPRPA126QYD08,2026-09-04,9,336413,1680,,,Not stated,,"Relevant Butler intelligence or subcontract lead, but prime feasibility is limited. Matched: dla aviation. Scope reads as hardware supply/manufacturing with no clear design, redesign, or engineering work (matched: supply-class PSC 1680), so it is tracked as a subcontract/competitive-intelligence lead rather than a prime fit.",None identified,Possible subcontract lead,No obvious vehicle restriction,Not Applicable,No special eligibility found in SAM.gov fields.,Prime feasible,Monitor as a direct pursuit unless attachments indicate otherwise.,None detected,https://sam.gov/workspace/contract/opp/ad66bef9bf1741e583fd3c7dfd5d0e2c/view,"{'rel': 'self', 'href': 'https://api.sam.gov/prod/opportunities/v2/search?noticeid=ad66bef9bf1741e583fd3c7dfd5d0e2c&limit=1'}",Telephone: 2157374024,THOMAS.KUHNLE@DLA.MIL,Primary NAICS 336413,Partial Refresh — Capacity Reached,High
Accepted,C,0,RFP / Solicitation,KC135 Engine Covers,DEPT OF DEFENSE.DEPT OF THE ARMY.NATIONAL GUARD BUREAU.JFHQ USPFO IL.USPFO IL PROCUREMENT.W7M6 USPFO ACTIVITY ILANG 126,,Solicitation,49314df647b14eea8704e57df6a870c4,W50S7S26Q0026,2026-09-03,8,336413,1680,Small Business Set Aside - Total,"0, Illinois, UNITED STATES",Not stated,,"Relevant Butler intelligence or subcontract lead, but prime feasibility is limited. Matched: army. Attachment text was included in the screen. Scope reads as hardware supply/manufacturing with no clear design, redesign, or engineering work (matched: supply-class PSC 1680), so it is tracked as a subcontract/competitive-intelligence lead rather than a prime fit.",Set-aside eligibility may limit prime feasibility,Check set-aside,No obvious vehicle restriction,Unknown — check Butler contract vehicles,Requires small-business set-aside eligibility.,Prime uncertain,Check whether Butler can qualify directly or should team with an eligible prime.,small business set aside,https://sam.gov/workspace/contract/opp/49314df647b14eea8704e57df6a870c4/view,"https://sam.gov/api/prod/opps/v3/opportunities/resources/files/191129f7e01349429c29b09566fc98eb/download
{'rel': 'self', 'href': 'https://api.sam.gov/prod/opportunities/v2/search?noticeid=49314df647b14eea8704e57df6a870c4&limit=1'}",Capt Christopher Fisher,christopher.fisher.7@us.af.mil,Primary NAICS 336413,Partial Refresh — Capacity Reached,High — attachment text read
Accepted,C,-5,RFP / Solicitation,"16--GRIP ASSEMBLY,CONTR",DEPT OF DEFENSE.DEFENSE LOGISTICS AGENCY.DLA LAND.DLA LAND COLUMBUS.DLA LAND AND MARITIME,,Solicitation,a1c84aa3e5e1417a8854bcaa470b71e5,SPE7L326Q1299,2026-09-03,8,336413,16,Small Business Set Aside - Total,,Not stated,,"Relevant Butler intelligence or subcontract lead, but prime feasibility is limited. Scope reads as hardware supply/manufacturing with no clear design, redesign, or engineering work (matched: supply-class PSC 16), so it is tracked as a subcontract/competitive-intelligence lead rather than a prime fit.",Set-aside eligibility may limit prime feasibility,Check set-aside,No obvious vehicle restriction,Unknown — check Butler contract vehicles,Requires small-business set-aside eligibility.,Prime uncertain,Check whether Butler can qualify directly or should team with an eligible prime.,small business set aside,https://sam.gov/workspace/contract/opp/a1c84aa3e5e1417a8854bcaa470b71e5/view,"{'rel': 'self', 'href': 'https://api.sam.gov/prod/opportunities/v2/search?noticeid=a1c84aa3e5e1417a8854bcaa470b71e5&limit=1'}","Questions regarding this solicitation should be emailed to the buyer listed in block 5 of the solicitation document which can be found under the Additional Information link.
If the Additional Information link does not work, please go to https://www.dibbs.bsm.dla.mil/Solicitations/ and type the solicitation number in the Global Search box.
",DibbsBSM@dla.mil,Primary NAICS 336413,Partial Refresh — Capacity Reached,High
Accepted,C,2,RFP / Solicitation,"17--EXTENSION,AIRCRAFT TOW",DEPT OF DEFENSE.DEFENSE LOGISTICS AGENCY.TROOP SUPPORT CONSTRUCTION & EQUIPMENT.DLA TROOP SUPPORT,,Solicitation,1f067f11d5704b99abe46ab48331261a,SPE8EF26T1675,2026-09-03,8,336413,17,Small Business Set Aside - Total,,Not stated,,"Relevant Butler intelligence or subcontract lead, but prime feasibility is limited. Matched: aircraft. Scope reads as hardware supply/manufacturing with no clear design, redesign, or engineering work (matched: supply-class PSC 17), so it is tracked as a subcontract/competitive-intelligence lead rather than a prime fit.",Set-aside eligibility may limit prime feasibility,Check set-aside,No obvious vehicle restriction,Unknown — check Butler contract vehicles,Requires small-business set-aside eligibility.,Prime uncertain,Check whether Butler can qualify directly or should team with an eligible prime.,small business set aside,https://sam.gov/workspace/contract/opp/1f067f11d5704b99abe46ab48331261a/view,"{'rel': 'self', 'href': 'https://api.sam.gov/prod/opportunities/v2/search?noticeid=1f067f11d5704b99abe46ab48331261a&limit=1'}","Questions regarding this solicitation should be emailed to the buyer listed in block 5 of the solicitation document which can be found under the Additional Information link.
If the Additional Information link does not work, please go to https://www.dibbs.bsm.dla.mil/Solicitations/ and type the solicitation number in the Global Search box.
",DibbsBSM@dla.mil,Primary NAICS 336413,Partial Refresh — Capacity Reached,High
Accepted,C,3,RFP / Solicitation,17--SHUTTLE ASSEMBLY,"DEPT OF DEFENSE.DEFENSE LOGISTICS AGENCY.DLA AVIATION.DLA AVIATION PHILADELPHIA.DLA AVIATION AT PHILADELPHIA, PA",,Solicitation,1a8daaeaa64248018243b02bcebb611b,SPRPA126RYC85,2026-09-03,8,336413,1720,,,Not stated,,"Relevant Butler intelligence or subcontract lead, but prime feasibility is limited. Matched: dla aviation. Scope reads as hardware supply/manufacturing with no clear design, redesign, or engineering work (matched: supply-class PSC 1720), so it is tracked as a subcontract/competitive-intelligence lead rather than a prime fit.",None identified,Possible subcontract lead,No obvious vehicle restriction,Not Applicable,No special eligibility found in SAM.gov fields.,Prime feasible,Monitor as a direct pursuit unless attachments indicate otherwise.,None detected,https://sam.gov/workspace/contract/opp/1a8daaeaa64248018243b02bcebb611b/view,"{'rel': 'self', 'href': 'https://api.sam.gov/prod/opportunities/v2/search?noticeid=1a8daaeaa64248018243b02bcebb611b&limit=1'}",Telephone: 2157374024,THOMAS.KUHNLE@DLA.MIL,Primary NAICS 336413,Partial Refresh — Capacity Reached,High
Accepted,C,5,RFP / Solicitation,Aircraft Arresting System Components,DEPT OF DEFENSE.DEPT OF THE ARMY.NATIONAL GUARD BUREAU.JFHQ USPFO GA.USPFO GA PROCUREMENT.W7M3 USPFO ACTIVITY GAANG 165,,Solicitation,c12b20644ebc405a807053f18a56f437,W50S7026QA009,2026-09-03,8,336413,1710,Small Business Set Aside - Total,"Savannah, Georgia, UNITED STATES",Not stated,,"Relevant Butler intelligence or subcontract lead, but prime feasibility is limited. Matched: aircraft, army. Attachment text was included in the screen. Scope reads as hardware supply/manufacturing with no clear design, redesign, or engineering work (matched: nsn, supply-class PSC 1710), so it is tracked as a subcontract/competitive-intelligence lead rather than a prime fit.",Set-aside eligibility may limit prime feasibility,Check set-aside,No obvious vehicle restriction,Unknown — check Butler contract vehicles,Requires small-business set-aside eligibility.,Prime uncertain,Check whether Butler can qualify directly or should team with an eligible prime.,small business set aside,https://sam.gov/workspace/contract/opp/c12b20644ebc405a807053f18a56f437/view,"https://sam.gov/api/prod/opps/v3/opportunities/resources/files/dde63f2818614763b7d63d732f9538a7/download
https://sam.gov/api/prod/opps/v3/opportunities/resources/files/f1a4b34aaa0d4208869be9cd57b8d9b7/download
{'rel': 'self', 'href': 'https://api.sam.gov/prod/opportunities/v2/search?noticeid=c12b20644ebc405a807053f18a56f437&limit=1'}",ANDREW SMITH,ANDREW.SMITH.261@US.AF.MIL,Primary NAICS 336413,Partial Refresh — Capacity Reached,High — attachment text read
Accepted,C,5,Sources Sought / RFI,Procurement of Aircraft Seats,"HOMELAND SECURITY, DEPARTMENT OF.US COAST GUARD.AVIATION LOGISTICS CENTER (ALC)(00038)",,Sources Sought,3b1d897aca9f4b4c80bc1611f17035e8,70Z03826IJ0000036,2026-09-03,8,336413,1680,,,Not stated,,"Relevant Butler intelligence or subcontract lead, but prime feasibility is limited. Matched: aircraft. Scope reads as hardware supply/manufacturing with no clear design, redesign, or engineering work (matched: procurement of, supply-class PSC 1680), so it is tracked as a subcontract/competitive-intelligence lead rather than a prime fit.",None identified,Possible subcontract lead,No obvious vehicle restriction,Not Applicable,No special eligibility found in SAM.gov fields.,Prime feasible,Monitor as a direct pursuit unless attachments indicate otherwise.,None detected,https://sam.gov/workspace/contract/opp/3b1d897aca9f4b4c80bc1611f17035e8/view,"{'rel': 'self', 'href': 'https://api.sam.gov/prod/opportunities/v2/search?noticeid=3b1d897aca9f4b4c80bc1611f17035e8&limit=1'}",Steven Levie,steven.a.levie@uscg.mil,Primary NAICS 336413,Partial Refresh — Capacity Reached,High
Accepted,C,3,RFP / Solicitation,"""NSN 1650-01-314-7849, SLIP RING,ROTOR,SPECIAL, WSDC: YLN, HELICOPTER, SEAHAWK, H-60.”",DEPT OF DEFENSE.DEFENSE LOGISTICS AGENCY.DLA AVIATION.DLA AV RICHMOND.DLA AVIATION,,Solicitation,b758d1be8a13489693def443a6abee0e,SPE4A526R0293,2026-09-03,8,336413,1650,No Set aside used,"Richmond, Virginia, UNITED STATES",Not stated,,"Relevant Butler intelligence or subcontract lead, but prime feasibility is limited. Matched: dla aviation. Scope reads as hardware supply/manufacturing with no clear design, redesign, or engineering work (matched: nsn, supply-class PSC 1650), so it is tracked as a subcontract/competitive-intelligence lead rather than a prime fit.",None identified,Possible subcontract lead,No obvious vehicle restriction,Not Applicable,No special eligibility found in SAM.gov fields.,Prime feasible,Monitor as a direct pursuit unless attachments indicate otherwise.,None detected,https://sam.gov/workspace/contract/opp/b758d1be8a13489693def443a6abee0e/view,"{'rel': 'self', 'href': 'https://api.sam.gov/prod/opportunities/v2/search?noticeid=b758d1be8a13489693def443a6abee0e&limit=1'}",Samuel Kogi,samuel.kogi@dla.mil,Primary NAICS 336413,Partial Refresh — Capacity Reached,High
Accepted,C,8,RFP / Solicitation,"Actuator, Mechanical","DEPT OF DEFENSE.DEFENSE LOGISTICS AGENCY.DLA AVIATION.DLA AVIATION OKLAHOMA CITY.DLA AVIATION AT OKLAHOMA CITY, OK",,Solicitation,a06308f5d2d94778b5d1685160a3f186,SPRTA1-26-R-0398,2026-09-03,8,336413,1680,No Set aside used,UNITED STATES,Not stated,,"Relevant Butler intelligence or subcontract lead, but prime feasibility is limited. Matched: aviation, uav, dla aviation. Attachment text was included in the screen. Scope reads as hardware supply/manufacturing with no clear design, redesign, or engineering work (matched: supply-class PSC 1680), so it is tracked as a subcontract/competitive-intelligence lead rather than a prime fit.",None identified,Possible subcontract lead,No obvious vehicle restriction,Not Applicable,No special eligibility found in SAM.gov fields.,Prime feasible,Monitor as a direct pursuit unless attachments indicate otherwise.,None detected,https://sam.gov/workspace/contract/opp/a06308f5d2d94778b5d1685160a3f186/view,"https://sam.gov/api/prod/opps/v3/opportunities/resources/files/cf837377b0db4de7ab147e585f74f330/download
{'rel': 'self', 'href': 'https://api.sam.gov/prod/opportunities/v2/search?noticeid=a06308f5d2d94778b5d1685160a3f186&limit=1'}",Micah Miller,micah.miller.5@us.af.mil,Primary NAICS 336413,Partial Refresh — Capacity Reached,High — attachment text read
Accepted,C,8,RFP / Solicitation,"1630145448496,PISTON,HYDRAULIC BR:AIRCRAFT, STRATOLIFTER C/KC-,05F",DEPT OF DEFENSE.DEFENSE LOGISTICS AGENCY.DLA AVIATION.DLA AV RICHMOND.DLA AVIATION,,Solicitation,9ef3a2cb81cc47e0b940891c145ef0cd,SPE4A726R0773-SYNOPSIS,2026-09-03,8,336413,1630,No Set aside used,"Hill Air Force Base, Utah, UNITED STATES",Not stated,,"Relevant Butler intelligence or subcontract lead, but prime feasibility is limited. Matched: aircraft, dla aviation. Scope reads as hardware supply/manufacturing with no clear design, redesign, or engineering work (matched: supply-class PSC 1630), so it is tracked as a subcontract/competitive-intelligence lead rather than a prime fit.",None identified,Possible subcontract lead,No obvious vehicle restriction,Not Applicable,No special eligibility found in SAM.gov fields.,Prime feasible,Monitor as a direct pursuit unless attachments indicate otherwise.,None detected,https://sam.gov/workspace/contract/opp/9ef3a2cb81cc47e0b940891c145ef0cd/view,"{'rel': 'self', 'href': 'https://api.sam.gov/prod/opportunities/v2/search?noticeid=9ef3a2cb81cc47e0b940891c145ef0cd&limit=1'}",Michael Kershaw,michael.kershaw@dla.mil,Primary NAICS 336413,Partial Refresh — Capacity Reached,High
Accepted,C,3,RFP / Solicitation,New Manufacture of LINKAGE ASSEMBLY /1680010732187RK /16C0101-811,"DEPT OF DEFENSE.DEFENSE LOGISTICS AGENCY.DLA AVIATION.DLA AVIATION OKLAHOMA CITY.DLA AVIATION AT OKLAHOMA CITY, OK",,Solicitation,8f26b73bbb484dbab382e8e512574e24,SPRTA1-26-R-0403,2026-09-03,8,336413,1680,No Set aside used,UNITED STATES,Not stated,,"Relevant Butler intelligence or subcontract lead, but prime feasibility is limited. Matched: dla aviation. Attachment text was included in the screen. Scope reads as hardware supply/manufacturing with no clear design, redesign, or engineering work (matched: manufacture of, new manufacture, supply-class PSC 1680), so it is tracked as a subcontract/competitive-intelligence lead rather than a prime fit.",None identified,Possible subcontract lead,No obvious vehicle restriction,Not Applicable,No special eligibility found in SAM.gov fields.,Prime feasible,Monitor as a direct pursuit unless attachments indicate otherwise.,None detected,https://sam.gov/workspace/contract/opp/8f26b73bbb484dbab382e8e512574e24/view,"https://sam.gov/api/prod/opps/v3/opportunities/resources/files/50acefd25c254b3d9feddacc78fe99cc/download
{'rel': 'self', 'href': 'https://api.sam.gov/prod/opportunities/v2/search?noticeid=8f26b73bbb484dbab382e8e512574e24&limit=1'}",Jessie Payne,Jessie.payne@us.af.mil,Primary NAICS 336413,Partial Refresh — Capacity Reached,High — attachment text read
Accepted,C,0,RFP / Solicitation,"16--VALVE ASSEMBLY,CONT",DEPT OF DEFENSE.DEFENSE LOGISTICS AGENCY.DLA AVIATION.DLA AV RICHMOND.DLA AVIATION,,Solicitation,5f00247bb2454a0d9b3ba5c3446d30e7,SPE4A726Q1061,2026-09-03,8,336413,16,Small Business Set Aside - Total,,Not stated,,"Relevant Butler intelligence or subcontract lead, but prime feasibility is limited. Matched: dla aviation. Scope reads as hardware supply/manufacturing with no clear design, redesign, or engineering work (matched: supply-class PSC 16), so it is tracked as a subcontract/competitive-intelligence lead rather than a prime fit.",Set-aside eligibility may limit prime feasibility,Check set-aside,No obvious vehicle restriction,Unknown — check Butler contract vehicles,Requires small-business set-aside eligibility.,Prime uncertain,Check whether Butler can qualify directly or should team with an eligible prime.,small business set aside,https://sam.gov/workspace/contract/opp/5f00247bb2454a0d9b3ba5c3446d30e7/view,"{'rel': 'self', 'href': 'https://api.sam.gov/prod/opportunities/v2/search?noticeid=5f00247bb2454a0d9b3ba5c3446d30e7&limit=1'}","Questions regarding this solicitation should be emailed to the buyer listed in block 5 of the solicitation document which can be found under the Additional Information link.
If the Additional Information link does not work, please go to https://www.dibbs.bsm.dla.mil/Solicitations/ and type the solicitation number in the Global Search box.
",DibbsBSM@dla.mil,Primary NAICS 336413,Partial Refresh — Capacity Reached,High
Accepted,C,3,RFP / Solicitation,AH64 - Screw Assembly Panel,DEPT OF DEFENSE.DEPT OF THE ARMY.AMC.ACC.ACC-CTRS.ACC RSA.W6QK ACC-RSA,,Solicitation,3e09c4a22b1d490bb23a1da09ee0848e,W58RGZ26Q0008,2026-09-03,8,336413,1680,,UNITED STATES,Not stated,,"Relevant Butler intelligence or subcontract lead, but prime feasibility is limited. Matched: army. Scope reads as hardware supply/manufacturing with no clear design, redesign, or engineering work (matched: supply-class PSC 1680), so it is tracked as a subcontract/competitive-intelligence lead rather than a prime fit.",None identified,Possible subcontract lead,No obvious vehicle restriction,Not Applicable,No special eligibility found in SAM.gov fields.,Prime feasible,Monitor as a direct pursuit unless attachments indicate otherwise.,None detected,https://sam.gov/workspace/contract/opp/3e09c4a22b1d490bb23a1da09ee0848e/view,"{'rel': 'self', 'href': 'https://api.sam.gov/prod/opportunities/v2/search?noticeid=3e09c4a22b1d490bb23a1da09ee0848e&limit=1'}",Carmen Puente,carmen.l.puente.civ@army.mil,Primary NAICS 336413,Partial Refresh — Capacity Reached,High
Accepted,C,5,RFP / Solicitation,"Multirotor small Unmanned Aircraft Systems (sUASs), Skydio “Or Equal”",DEPT OF DEFENSE.DEPT OF THE AIR FORCE.AIR FORCE MATERIEL COMMAND.AF INSTALLATION & MISSION SUPPORT CENTER.FA8051  772 ESS PKD,,Solicitation,ef3a9a38e79d4ee2a8d21fdc58a30e11,FA805126Q4008,2026-09-02,7,336411,1550,Small Business Set Aside - Total,"65980, Texas, UNITED STATES",Not stated,,"Relevant Butler intelligence or subcontract lead, but prime feasibility is limited. Matched: aircraft, air force. Attachment text was included in the screen. Scope reads as hardware supply/manufacturing with no clear design, redesign, or engineering work (matched: supply-class PSC 1550), so it is tracked as a subcontract/competitive-intelligence lead rather than a prime fit.",Set-aside eligibility may limit prime feasibility,Check set-aside,No obvious vehicle restriction,Unknown — check Butler contract vehicles,Requires small-business set-aside eligibility.,Prime uncertain,Check whether Butler can qualify directly or should team with an eligible prime.,small business set aside,https://sam.gov/workspace/contract/opp/ef3a9a38e79d4ee2a8d21fdc58a30e11/view,"https://sam.gov/api/prod/opps/v3/opportunities/resources/files/3f07f75816db466a9f12ea8f3b7559f9/download
https://sam.gov/api/prod/opps/v3/opportunities/resources/files/6ac86052598d47a2a6e730d497044834/download
https://sam.gov/api/prod/opps/v3/opportunities/resources/files/70d83463918f4c2a843db9d8d8246881/download
https://sam.gov/api/prod/opps/v3/opportunities/resources/files/789ee97d8d5540c0bd6ac1b2cb267da0/download
https://sam.gov/api/prod/opps/v3/opportunities/resources/files/8c9e27fa4c424045b9c3d8498349932c/download
https://sam.gov/api/prod/opps/v3/opportunities/resources/files/eedf74ad9aab4ccfb4e148d24f66ab17/download
https://sam.gov/api/prod/opps/v3/opportunities/resources/files/fc13d56b09b141e9be14bd7e0ba3b84f/download
{'rel': 'self', 'href': 'https://api.sam.gov/prod/opportunities/v2/search?noticeid=ef3a9a38e79d4ee2a8d21fdc58a30e11&limit=1'}",Grace Pennington,grace.pennington@us.af.mil,Primary NAICS 336411,Partial Refresh — Capacity Reached,High — attachment text read
Accepted,C,2,Sources Sought / RFI,INL PAKISTAN: UNMANNED AIRCRAFT SYSTEMS (UAS),"STATE, DEPARTMENT OF.STATE, DEPARTMENT OF.ACQUISITIONS - INL",,Solicitation,4005cba88cdd40afbb03238dabbcc13c,191NLE26Q0118,2026-09-02,7,336411,1550,Small Business Set Aside - Total,PAKISTAN,Not stated,,"Relevant Butler intelligence or subcontract lead, but prime feasibility is limited. Matched: aircraft, uas. Attachment text was included in the screen. Scope reads as hardware supply/manufacturing with no clear design, redesign, or engineering work (matched: supply-class PSC 1550), so it is tracked as a subcontract/competitive-intelligence lead rather than a prime fit.",Set-aside eligibility may limit prime feasibility,Check set-aside,No obvious vehicle restriction,Unknown — check Butler contract vehicles,Requires small-business set-aside eligibility.,Prime uncertain,Check whether Butler can qualify directly or should team with an eligible prime.,small business set aside,https://sam.gov/workspace/contract/opp/4005cba88cdd40afbb03238dabbcc13c/view,"https://sam.gov/api/prod/opps/v3/opportunities/resources/files/151ae89ea8a94d408d3f83affc2197f6/download
https://sam.gov/api/prod/opps/v3/opportunities/resources/files/1dfe210de3d94b7b95dd5a5e4d3b2ead/download
https://sam.gov/api/prod/opps/v3/opportunities/resources/files/6ab1237452ec4ed09e1bc080f0fbe5c0/download
https://sam.gov/api/prod/opps/v3/opportunities/resources/files/7da2d1a5f1bf4edca1f8f0492bf6150e/download
https://sam.gov/api/prod/opps/v3/opportunities/resources/files/81c23f0126a242ac937d04a862a31a80/download
https://sam.gov/api/prod/opps/v3/opportunities/resources/files/cc4cdde7de2a4f09a118d3126e05295c/download
{'rel': 'self', 'href': 'https://api.sam.gov/prod/opportunities/v2/search?noticeid=4005cba88cdd40afbb03238dabbcc13c&limit=1'}",Amy Moseley,moseleyar@state.gov,Primary NAICS 336411,Partial Refresh — Capacity Reached,High — attachment text read
Accepted,C,3,RFP / Solicitation,"29--BODY AND VALVE,ACTU",DEPT OF DEFENSE.DEFENSE LOGISTICS AGENCY.DLA AVIATION.DLA AV RICHMOND.DLA AVIATION,,Solicitation,de8401f75c6d4fd1acf413ee7e8e8df2,SPE4A526T388D,2026-09-02,7,336412,29,,,Not stated,,"Relevant Butler intelligence or subcontract lead, but prime feasibility is limited. Matched: dla aviation. Scope reads as hardware supply/manufacturing with no clear design, redesign, or engineering work (matched: supply-class PSC 29), so it is tracked as a subcontract/competitive-intelligence lead rather than a prime fit.",None identified,Possible subcontract lead,No obvious vehicle restriction,Not Applicable,No special eligibility found in SAM.gov fields.,Prime feasible,Monitor as a direct pursuit unless attachments indicate otherwise.,None detected,https://sam.gov/workspace/contract/opp/de8401f75c6d4fd1acf413ee7e8e8df2/view,"{'rel': 'self', 'href': 'https://api.sam.gov/prod/opportunities/v2/search?noticeid=de8401f75c6d4fd1acf413ee7e8e8df2&limit=1'}","Questions regarding this solicitation should be emailed to the buyer listed in block 5 of the solicitation document which can be found under the Additional Information link.
If the Additional Information link does not work, please go to https://www.dibbs.bsm.dla.mil/Solicitations/ and type the solicitation number in the Global Search box.
",DibbsBSM@dla.mil,Primary NAICS 336412,Partial Refresh — Capacity Reached,High
Accepted,C,3,RFP / Solicitation,"29--VALVE,SUBASSY,POPPE",DEPT OF DEFENSE.DEFENSE LOGISTICS AGENCY.DLA AVIATION.DLA AV RICHMOND.DLA AVIATION,,Solicitation,37b96d4e217140429a1f20dc4e61960c,SPE4A726T693C,2026-09-02,7,336412,29,,,Not stated,,"Relevant Butler intelligence or subcontract lead, but prime feasibility is limited. Matched: dla aviation. Scope reads as hardware supply/manufacturing with no clear design, redesign, or engineering work (matched: supply-class PSC 29), so it is tracked as a subcontract/competitive-intelligence lead rather than a prime fit.",None identified,Possible subcontract lead,No obvious vehicle restriction,Not Applicable,No special eligibility found in SAM.gov fields.,Prime feasible,Monitor as a direct pursuit unless attachments indicate otherwise.,None detected,https://sam.gov/workspace/contract/opp/37b96d4e217140429a1f20dc4e61960c/view,"{'rel': 'self', 'href': 'https://api.sam.gov/prod/opportunities/v2/search?noticeid=37b96d4e217140429a1f20dc4e61960c&limit=1'}","Questions regarding this solicitation should be emailed to the buyer listed in block 5 of the solicitation document which can be found under the Additional Information link.
If the Additional Information link does not work, please go to https://www.dibbs.bsm.dla.mil/Solicitations/ and type the solicitation number in the Global Search box.
",DibbsBSM@dla.mil,Primary NAICS 336412,Partial Refresh — Capacity Reached,High
Accepted,C,3,RFP / Solicitation,"29--BLOCK,TERMINAL",DEPT OF DEFENSE.DEFENSE LOGISTICS AGENCY.DLA AVIATION.DLA AV RICHMOND.DLA AVIATION,,Solicitation,24ea2aaddc2f480e9989534e94e7b3ca,SPE4A726T693G,2026-09-02,7,336412,29,,,Not stated,,"Relevant Butler intelligence or subcontract lead, but prime feasibility is limited. Matched: dla aviation. Scope reads as hardware supply/manufacturing with no clear design, redesign, or engineering work (matched: supply-class PSC 29), so it is tracked as a subcontract/competitive-intelligence lead rather than a prime fit.",None identified,Possible subcontract lead,No obvious vehicle restriction,Not Applicable,No special eligibility found in SAM.gov fields.,Prime feasible,Monitor as a direct pursuit unless attachments indicate otherwise.,None detected,https://sam.gov/workspace/contract/opp/24ea2aaddc2f480e9989534e94e7b3ca/view,"{'rel': 'self', 'href': 'https://api.sam.gov/prod/opportunities/v2/search?noticeid=24ea2aaddc2f480e9989534e94e7b3ca&limit=1'}","Questions regarding this solicitation should be emailed to the buyer listed in block 5 of the solicitation document which can be found under the Additional Information link.
If the Additional Information link does not work, please go to https://www.dibbs.bsm.dla.mil/Solicitations/ and type the solicitation number in the Global Search box.
",DibbsBSM@dla.mil,Primary NAICS 336412,Partial Refresh — Capacity Reached,High
Accepted,C,3,RFP / Solicitation,"29--NEEDLE,VALVE",DEPT OF DEFENSE.DEFENSE LOGISTICS AGENCY.DLA AVIATION.DLA AV RICHMOND.DLA AVIATION,,Solicitation,02330b9547c641b88055d7a432611af3,SPE4A726T693E,2026-09-02,7,336412,29,,,Not stated,,"Relevant Butler intelligence or subcontract lead, but prime feasibility is limited. Matched: dla aviation. Scope reads as hardware supply/manufacturing with no clear design, redesign, or engineering work (matched: supply-class PSC 29), so it is tracked as a subcontract/competitive-intelligence lead rather than a prime fit.",None identified,Possible subcontract lead,No obvious vehicle restriction,Not Applicable,No special eligibility found in SAM.gov fields.,Prime feasible,Monitor as a direct pursuit unless attachments indicate otherwise.,None detected,https://sam.gov/workspace/contract/opp/02330b9547c641b88055d7a432611af3/view,"{'rel': 'self', 'href': 'https://api.sam.gov/prod/opportunities/v2/search?noticeid=02330b9547c641b88055d7a432611af3&limit=1'}","Questions regarding this solicitation should be emailed to the buyer listed in block 5 of the solicitation document which can be found under the Additional Information link.
If the Additional Information link does not work, please go to https://www.dibbs.bsm.dla.mil/Solicitations/ and type the solicitation number in the Global Search box.
",DibbsBSM@dla.mil,Primary NAICS 336412,Partial Refresh — Capacity Reached,High
Accepted,C,3,RFP / Solicitation,"RADIATOR,ENGINE","DEPT OF DEFENSE.DEFENSE LOGISTICS AGENCY.DLA AVIATION.DLA AVIATION PHILADELPHIA.DLA AVIATION AT PHILADELPHIA, PA",,Solicitation,07c8c5a70cb145dea2f40713cc8d1031,SPRPA126QYD07,2026-09-02,7,336412,2935,,,Not stated,,"Relevant Butler intelligence or subcontract lead, but prime feasibility is limited. Matched: dla aviation. Scope reads as hardware supply/manufacturing with no clear design, redesign, or engineering work (matched: supply-class PSC 2935), so it is tracked as a subcontract/competitive-intelligence lead rather than a prime fit.",None identified,Possible subcontract lead,No obvious vehicle restriction,Not Applicable,No special eligibility found in SAM.gov fields.,Prime feasible,Monitor as a direct pursuit unless attachments indicate otherwise.,None detected,https://sam.gov/workspace/contract/opp/07c8c5a70cb145dea2f40713cc8d1031/view,"{'rel': 'self', 'href': 'https://api.sam.gov/prod/opportunities/v2/search?noticeid=07c8c5a70cb145dea2f40713cc8d1031&limit=1'}",Telephone: 2157374024,THOMAS.KUHNLE@DLA.MIL,Primary NAICS 336412,Partial Refresh — Capacity Reached,High
Accepted,C,3,RFP / Solicitation,"16--GEARSHAFT,WORM-SPUR",DEPT OF DEFENSE.DEFENSE LOGISTICS AGENCY.DLA AVIATION.DLA AV RICHMOND.DLA AVIATION,,Solicitation,fe27090a57fb436fbfda9336b36bae9f,SPE4A726T693K,2026-09-02,7,336413,16,,,Not stated,,"Relevant Butler intelligence or subcontract lead, but prime feasibility is limited. Matched: dla aviation. Scope reads as hardware supply/manufacturing with no clear design, redesign, or engineering work (matched: supply-class PSC 16), so it is tracked as a subcontract/competitive-intelligence lead rather than a prime fit.",None identified,Possible subcontract lead,No obvious vehicle restriction,Not Applicable,No special eligibility found in SAM.gov fields.,Prime feasible,Monitor as a direct pursuit unless attachments indicate otherwise.,None detected,https://sam.gov/workspace/contract/opp/fe27090a57fb436fbfda9336b36bae9f/view,"{'rel': 'self', 'href': 'https://api.sam.gov/prod/opportunities/v2/search?noticeid=fe27090a57fb436fbfda9336b36bae9f&limit=1'}","Questions regarding this solicitation should be emailed to the buyer listed in block 5 of the solicitation document which can be found under the Additional Information link.
If the Additional Information link does not work, please go to https://www.dibbs.bsm.dla.mil/Solicitations/ and type the solicitation number in the Global Search box.
",DibbsBSM@dla.mil,Primary NAICS 336413,Partial Refresh — Capacity Reached,High
Accepted,C,3,RFP / Solicitation,"16--HARNESS SET,AIRCRAF",DEPT OF DEFENSE.DEFENSE LOGISTICS AGENCY.DLA AVIATION.DLA AV RICHMOND.DLA AVIATION,,Solicitation,f45d0881644746e3b0cbc2eb56cb783b,SPE4A726T693U,2026-09-02,7,336413,16,,,Not stated,,"Relevant Butler intelligence or subcontract lead, but prime feasibility is limited. Matched: dla aviation. Scope reads as hardware supply/manufacturing with no clear design, redesign, or engineering work (matched: supply-class PSC 16), so it is tracked as a subcontract/competitive-intelligence lead rather than a prime fit.",None identified,Possible subcontract lead,No obvious vehicle restriction,Not Applicable,No special eligibility found in SAM.gov fields.,Prime feasible,Monitor as a direct pursuit unless attachments indicate otherwise.,None detected,https://sam.gov/workspace/contract/opp/f45d0881644746e3b0cbc2eb56cb783b/view,"{'rel': 'self', 'href': 'https://api.sam.gov/prod/opportunities/v2/search?noticeid=f45d0881644746e3b0cbc2eb56cb783b&limit=1'}","Questions regarding this solicitation should be emailed to the buyer listed in block 5 of the solicitation document which can be found under the Additional Information link.
If the Additional Information link does not work, please go to https://www.dibbs.bsm.dla.mil/Solicitations/ and type the solicitation number in the Global Search box.
",DibbsBSM@dla.mil,Primary NAICS 336413,Partial Refresh — Capacity Reached,High
Accepted,C,0,RFP / Solicitation,"15--COVER,ACCESS,AIRCRA",DEPT OF DEFENSE.DEFENSE LOGISTICS AGENCY.DLA AVIATION.DLA AV RICHMOND.DLA AVIATION,,Solicitation,eec609c141db4f1eaf691c77beff1fcd,SPE4A726T693A,2026-09-02,7,336413,15,Small Business Set Aside - Total,,Not stated,,"Relevant Butler intelligence or subcontract lead, but prime feasibility is limited. Matched: dla aviation. Scope reads as hardware supply/manufacturing with no clear design, redesign, or engineering work (matched: supply-class PSC 15), so it is tracked as a subcontract/competitive-intelligence lead rather than a prime fit.",Set-aside eligibility may limit prime feasibility,Check set-aside,No obvious vehicle restriction,Unknown — check Butler contract vehicles,Requires small-business set-aside eligibility.,Prime uncertain,Check whether Butler can qualify directly or should team with an eligible prime.,small business set aside,https://sam.gov/workspace/contract/opp/eec609c141db4f1eaf691c77beff1fcd/view,"{'rel': 'self', 'href': 'https://api.sam.gov/prod/opportunities/v2/search?noticeid=eec609c141db4f1eaf691c77beff1fcd&limit=1'}","Questions regarding this solicitation should be emailed to the buyer listed in block 5 of the solicitation document which can be found under the Additional Information link.
If the Additional Information link does not work, please go to https://www.dibbs.bsm.dla.mil/Solicitations/ and type the solicitation number in the Global Search box.
",DibbsBSM@dla.mil,Primary NAICS 336413,Partial Refresh — Capacity Reached,High
Accepted,C,-2,RFP / Solicitation,"Valve, Solenoid","HOMELAND SECURITY, DEPARTMENT OF.US COAST GUARD.AVIATION LOGISTICS CENTER (ALC)(00038)",,Solicitation,eb39e94289fd410e88c28bf8fa0fc628,70Z03826QJ0000225,2026-09-02,7,336413,4810,,,Not stated,,"Relevant Butler intelligence or subcontract lead, but prime feasibility is limited. Attachment text was included in the screen. Scope reads as hardware supply/manufacturing with no clear design, redesign, or engineering work (matched: supply-class PSC 4810), so it is tracked as a subcontract/competitive-intelligence lead rather than a prime fit.",None identified,Possible subcontract lead,No obvious vehicle restriction,Not Applicable,No special eligibility found in SAM.gov fields.,Prime feasible,Monitor as a direct pursuit unless attachments indicate otherwise.,None detected,https://sam.gov/workspace/contract/opp/eb39e94289fd410e88c28bf8fa0fc628/view,"https://sam.gov/api/prod/opps/v3/opportunities/resources/files/fb038431befc4a4d8169c0030ffd2938/download
{'rel': 'self', 'href': 'https://api.sam.gov/prod/opportunities/v2/search?noticeid=eb39e94289fd410e88c28bf8fa0fc628&limit=1'}",Riley Ayers,Riley.A.Ayers@uscg.mil,Primary NAICS 336413,Partial Refresh — Capacity Reached,High — attachment text read
Accepted,C,-2,RFP / Solicitation,"PROCUREMENT OF DISC, BRAKES FOR USE ON MH-65","HOMELAND SECURITY, DEPARTMENT OF.US COAST GUARD.AVIATION LOGISTICS CENTER (ALC)(00038)",,Solicitation,e0036750d2da438e813a77b9fe690ac8,70Z03826QB0000166,2026-09-02,7,336413,1630,No Set aside used,,Not stated,,"Relevant Butler intelligence or subcontract lead, but prime feasibility is limited. Attachment text was included in the screen. Scope reads as hardware supply/manufacturing with no clear design, redesign, or engineering work (matched: procurement of, nsn, supply-class PSC 1630), so it is tracked as a subcontract/competitive-intelligence lead rather than a prime fit.",None identified,Possible subcontract lead,No obvious vehicle restriction,Not Applicable,No special eligibility found in SAM.gov fields.,Prime feasible,Monitor as a direct pursuit unless attachments indicate otherwise.,None detected,https://sam.gov/workspace/contract/opp/e0036750d2da438e813a77b9fe690ac8/view,"https://sam.gov/api/prod/opps/v3/opportunities/resources/files/1ef29ac3fa7046208835d517583e0e50/download
https://sam.gov/api/prod/opps/v3/opportunities/resources/files/9bbacbd9584246458f1402d8d0bb3676/download
https://sam.gov/api/prod/opps/v3/opportunities/resources/files/c33a3ea88fcf4d20ae5b09fedb23f124/download
{'rel': 'self', 'href': 'https://api.sam.gov/prod/opportunities/v2/search?noticeid=e0036750d2da438e813a77b9fe690ac8&limit=1'}",Alex-Marie Midgett,Alex-Marie.B.Midgett@uscg.mil,Primary NAICS 336413,Partial Refresh — Capacity Reached,High — attachment text read
Accepted,C,3,RFP / Solicitation,"63--CONTROL,ALARM",DEPT OF DEFENSE.DEFENSE LOGISTICS AGENCY.DLA AVIATION.DLA AV RICHMOND.DLA AVIATION,,Solicitation,dff5e2f01e4b44dc81b21fd27d759471,SPE4A626T22NM,2026-09-02,7,336413,63,,,Not stated,,"Relevant Butler intelligence or subcontract lead, but prime feasibility is limited. Matched: dla aviation. Scope reads as hardware supply/manufacturing with no clear design, redesign, or engineering work (matched: supply-class PSC 63), so it is tracked as a subcontract/competitive-intelligence lead rather than a prime fit.",None identified,Possible subcontract lead,No obvious vehicle restriction,Not Applicable,No special eligibility found in SAM.gov fields.,Prime feasible,Monitor as a direct pursuit unless attachments indicate otherwise.,None detected,https://sam.gov/workspace/contract/opp/dff5e2f01e4b44dc81b21fd27d759471/view,"{'rel': 'self', 'href': 'https://api.sam.gov/prod/opportunities/v2/search?noticeid=dff5e2f01e4b44dc81b21fd27d759471&limit=1'}","Questions regarding this solicitation should be emailed to the buyer listed in block 5 of the solicitation document which can be found under the Additional Information link.
If the Additional Information link does not work, please go to https://www.dibbs.bsm.dla.mil/Solicitations/ and type the solicitation number in the Global Search box.
",DibbsBSM@dla.mil,Primary NAICS 336413,Partial Refresh — Capacity Reached,High
Accepted,C,0,RFP / Solicitation,"15--LINK ASSEMBLY,ENGIN",DEPT OF DEFENSE.DEFENSE LOGISTICS AGENCY.DLA AVIATION.DLA AV RICHMOND.DLA AVIATION,,Solicitation,de2ec1d8860d446fa925e21173f5926f,SPE4A726T692X,2026-09-02,7,336413,15,SBA Certified Women-Owned Small Business (WOSB) Program Set-Aside (FAR 19.15),,Not stated,,"Relevant Butler intelligence or subcontract lead, but prime feasibility is limited. Matched: dla aviation. Scope reads as hardware supply/manufacturing with no clear design, redesign, or engineering work (matched: supply-class PSC 15), so it is tracked as a subcontract/competitive-intelligence lead rather than a prime fit.",Set-aside eligibility may limit prime feasibility,Check set-aside,No obvious vehicle restriction,Unknown — check Butler contract vehicles,Requires small-business set-aside eligibility.,Prime uncertain,Check whether Butler can qualify directly or should team with an eligible prime.,wosb,https://sam.gov/workspace/contract/opp/de2ec1d8860d446fa925e21173f5926f/view,"{'rel': 'self', 'href': 'https://api.sam.gov/prod/opportunities/v2/search?noticeid=de2ec1d8860d446fa925e21173f5926f&limit=1'}","Questions regarding this solicitation should be emailed to the buyer listed in block 5 of the solicitation document which can be found under the Additional Information link.
If the Additional Information link does not work, please go to https://www.dibbs.bsm.dla.mil/Solicitations/ and type the solicitation number in the Global Search box.
",DibbsBSM@dla.mil,Primary NAICS 336413,Partial Refresh — Capacity Reached,High
Accepted,C,3,RFP / Solicitation,"16--DUCT ASSEMBLY,AIR C",DEPT OF DEFENSE.DEFENSE LOGISTICS AGENCY.DLA AVIATION.DLA AV RICHMOND.DLA AVIATION,,Solicitation,c7a0874c5e3f4fdebe522bdebea9c8cc,SPE4A526T387B,2026-09-02,7,336413,16,,,Not stated,,"Relevant Butler intelligence or subcontract lead, but prime feasibility is limited. Matched: dla aviation. Scope reads as hardware supply/manufacturing with no clear design, redesign, or engineering work (matched: supply-class PSC 16), so it is tracked as a subcontract/competitive-intelligence lead rather than a prime fit.",None identified,Possible subcontract lead,No obvious vehicle restriction,Not Applicable,No special eligibility found in SAM.gov fields.,Prime feasible,Monitor as a direct pursuit unless attachments indicate otherwise.,None detected,https://sam.gov/workspace/contract/opp/c7a0874c5e3f4fdebe522bdebea9c8cc/view,"{'rel': 'self', 'href': 'https://api.sam.gov/prod/opportunities/v2/search?noticeid=c7a0874c5e3f4fdebe522bdebea9c8cc&limit=1'}","Questions regarding this solicitation should be emailed to the buyer listed in block 5 of the solicitation document which can be found under the Additional Information link.
If the Additional Information link does not work, please go to https://www.dibbs.bsm.dla.mil/Solicitations/ and type the solicitation number in the Global Search box.
",DibbsBSM@dla.mil,Primary NAICS 336413,Partial Refresh — Capacity Reached,High
Accepted,C,3,RFP / Solicitation,"15--SUPPORT,STRUCTURAL",DEPT OF DEFENSE.DEFENSE LOGISTICS AGENCY.DLA AVIATION.DLA AV RICHMOND.DLA AVIATION,,Solicitation,c5f01a4a273c484fa022e52a7957ab69,SPE4A126T2688,2026-09-02,7,336413,15,,,Not stated,,"Relevant Butler intelligence or subcontract lead, but prime feasibility is limited. Matched: dla aviation. Scope reads as hardware supply/manufacturing with no clear design, redesign, or engineering work (matched: supply-class PSC 15), so it is tracked as a subcontract/competitive-intelligence lead rather than a prime fit.",None identified,Possible subcontract lead,No obvious vehicle restriction,Not Applicable,No special eligibility found in SAM.gov fields.,Prime feasible,Monitor as a direct pursuit unless attachments indicate otherwise.,None detected,https://sam.gov/workspace/contract/opp/c5f01a4a273c484fa022e52a7957ab69/view,"{'rel': 'self', 'href': 'https://api.sam.gov/prod/opportunities/v2/search?noticeid=c5f01a4a273c484fa022e52a7957ab69&limit=1'}","Questions regarding this solicitation should be emailed to the buyer listed in block 5 of the solicitation document which can be found under the Additional Information link.
If the Additional Information link does not work, please go to https://www.dibbs.bsm.dla.mil/Solicitations/ and type the solicitation number in the Global Search box.
",DibbsBSM@dla.mil,Primary NAICS 336413,Partial Refresh — Capacity Reached,High
Accepted,C,3,RFP / Solicitation,"16--RING,LOCK,PACKING",DEPT OF DEFENSE.DEFENSE LOGISTICS AGENCY.DLA AVIATION.DLA AV RICHMOND.DLA AVIATION,,Solicitation,c5845bd9249f45618d2d2bebb3e51982,SPE4A526T386P,2026-09-02,7,336413,16,,,Not stated,,"Relevant Butler intelligence or subcontract lead, but prime feasibility is limited. Matched: dla aviation. Scope reads as hardware supply/manufacturing with no clear design, redesign, or engineering work (matched: supply-class PSC 16), so it is tracked as a subcontract/competitive-intelligence lead rather than a prime fit.",None identified,Possible subcontract lead,No obvious vehicle restriction,Not Applicable,No special eligibility found in SAM.gov fields.,Prime feasible,Monitor as a direct pursuit unless attachments indicate otherwise.,None detected,https://sam.gov/workspace/contract/opp/c5845bd9249f45618d2d2bebb3e51982/view,"{'rel': 'self', 'href': 'https://api.sam.gov/prod/opportunities/v2/search?noticeid=c5845bd9249f45618d2d2bebb3e51982&limit=1'}","Questions regarding this solicitation should be emailed to the buyer listed in block 5 of the solicitation document which can be found under the Additional Information link.
If the Additional Information link does not work, please go to https://www.dibbs.bsm.dla.mil/Solicitations/ and type the solicitation number in the Global Search box.
",DibbsBSM@dla.mil,Primary NAICS 336413,Partial Refresh — Capacity Reached,High
Accepted,C,0,RFP / Solicitation,"16--FAIRING,DROGUE",DEPT OF DEFENSE.DEFENSE LOGISTICS AGENCY.DLA AVIATION.DLA AV RICHMOND.DLA AVIATION,,Solicitation,948c8b7a35664fa1a718877979aea62a,SPE4A526T386M,2026-09-02,7,336413,16,Small Business Set Aside - Total,,Not stated,,"Relevant Butler intelligence or subcontract lead, but prime feasibility is limited. Matched: dla aviation. Scope reads as hardware supply/manufacturing with no clear design, redesign, or engineering work (matched: supply-class PSC 16), so it is tracked as a subcontract/competitive-intelligence lead rather than a prime fit.",Set-aside eligibility may limit prime feasibility,Check set-aside,No obvious vehicle restriction,Unknown — check Butler contract vehicles,Requires small-business set-aside eligibility.,Prime uncertain,Check whether Butler can qualify directly or should team with an eligible prime.,small business set aside,https://sam.gov/workspace/contract/opp/948c8b7a35664fa1a718877979aea62a/view,"{'rel': 'self', 'href': 'https://api.sam.gov/prod/opportunities/v2/search?noticeid=948c8b7a35664fa1a718877979aea62a&limit=1'}","Questions regarding this solicitation should be emailed to the buyer listed in block 5 of the solicitation document which can be found under the Additional Information link.
If the Additional Information link does not work, please go to https://www.dibbs.bsm.dla.mil/Solicitations/ and type the solicitation number in the Global Search box.
",DibbsBSM@dla.mil,Primary NAICS 336413,Partial Refresh — Capacity Reached,High
Accepted,C,3,RFP / Solicitation,"15--SUPPORT,STRUCTURAL",DEPT OF DEFENSE.DEFENSE LOGISTICS AGENCY.DLA AVIATION.DLA AV RICHMOND.DLA AVIATION,,Solicitation,70bd5e38ccc146e8a8c6bbfe73da6364,SPE4A726T693R,2026-09-02,7,336413,15,,,Not stated,,"Relevant Butler intelligence or subcontract lead, but prime feasibility is limited. Matched: dla aviation. Scope reads as hardware supply/manufacturing with no clear design, redesign, or engineering work (matched: supply-class PSC 15), so it is tracked as a subcontract/competitive-intelligence lead rather than a prime fit.",None identified,Possible subcontract lead,No obvious vehicle restriction,Not Applicable,No special eligibility found in SAM.gov fields.,Prime feasible,Monitor as a direct pursuit unless attachments indicate otherwise.,None detected,https://sam.gov/workspace/contract/opp/70bd5e38ccc146e8a8c6bbfe73da6364/view,"{'rel': 'self', 'href': 'https://api.sam.gov/prod/opportunities/v2/search?noticeid=70bd5e38ccc146e8a8c6bbfe73da6364&limit=1'}","Questions regarding this solicitation should be emailed to the buyer listed in block 5 of the solicitation document which can be found under the Additional Information link.
If the Additional Information link does not work, please go to https://www.dibbs.bsm.dla.mil/Solicitations/ and type the solicitation number in the Global Search box.
",DibbsBSM@dla.mil,Primary NAICS 336413,Partial Refresh — Capacity Reached,High
Accepted,C,8,RFP / Solicitation,"16--BOOT,AIRCRAFT COMPONEN",DEPT OF DEFENSE.DEFENSE LOGISTICS AGENCY.DLA AVIATION.DLA AV RICHMOND.DLA AVIATION,,Solicitation,5bec3f4f12c84eb380d9ff6d4371e5ec,SPE4A526T388R,2026-09-02,7,336413,16,,,Not stated,,"Relevant Butler intelligence or subcontract lead, but prime feasibility is limited. Matched: aircraft, dla aviation. Scope reads as hardware supply/manufacturing with no clear design, redesign, or engineering work (matched: supply-class PSC 16), so it is tracked as a subcontract/competitive-intelligence lead rather than a prime fit.",None identified,Possible subcontract lead,No obvious vehicle restriction,Not Applicable,No special eligibility found in SAM.gov fields.,Prime feasible,Monitor as a direct pursuit unless attachments indicate otherwise.,None detected,https://sam.gov/workspace/contract/opp/5bec3f4f12c84eb380d9ff6d4371e5ec/view,"{'rel': 'self', 'href': 'https://api.sam.gov/prod/opportunities/v2/search?noticeid=5bec3f4f12c84eb380d9ff6d4371e5ec&limit=1'}","Questions regarding this solicitation should be emailed to the buyer listed in block 5 of the solicitation document which can be found under the Additional Information link.
If the Additional Information link does not work, please go to https://www.dibbs.bsm.dla.mil/Solicitations/ and type the solicitation number in the Global Search box.
",DibbsBSM@dla.mil,Primary NAICS 336413,Partial Refresh — Capacity Reached,High
Accepted,C,3,RFP / Solicitation,"16--MAST,HEATER DRAIN",DEPT OF DEFENSE.DEFENSE LOGISTICS AGENCY.DLA AVIATION.DLA AV RICHMOND.DLA AVIATION,,Solicitation,5bde05cbcbe946d9aeaab88519b2dd2f,SPE4A726T693P,2026-09-02,7,336413,16,,,Not stated,,"Relevant Butler intelligence or subcontract lead, but prime feasibility is limited. Matched: dla aviation. Scope reads as hardware supply/manufacturing with no clear design, redesign, or engineering work (matched: supply-class PSC 16), so it is tracked as a subcontract/competitive-intelligence lead rather than a prime fit.",None identified,Possible subcontract lead,No obvious vehicle restriction,Not Applicable,No special eligibility found in SAM.gov fields.,Prime feasible,Monitor as a direct pursuit unless attachments indicate otherwise.,None detected,https://sam.gov/workspace/contract/opp/5bde05cbcbe946d9aeaab88519b2dd2f/view,"{'rel': 'self', 'href': 'https://api.sam.gov/prod/opportunities/v2/search?noticeid=5bde05cbcbe946d9aeaab88519b2dd2f&limit=1'}","Questions regarding this solicitation should be emailed to the buyer listed in block 5 of the solicitation document which can be found under the Additional Information link.
If the Additional Information link does not work, please go to https://www.dibbs.bsm.dla.mil/Solicitations/ and type the solicitation number in the Global Search box.
",DibbsBSM@dla.mil,Primary NAICS 336413,Partial Refresh — Capacity Reached,High
Accepted,C,3,RFP / Solicitation,"16--HOSE ASSEMBLY,EMERGENC",DEPT OF DEFENSE.DEFENSE LOGISTICS AGENCY.DLA AVIATION.DLA AV RICHMOND.DLA AVIATION,,Solicitation,5a911a257fc94444834ee305462e8976,SPE4A726T693J,2026-09-02,7,336413,16,,,Not stated,,"Relevant Butler intelligence or subcontract lead, but prime feasibility is limited. Matched: dla aviation. Scope reads as hardware supply/manufacturing with no clear design, redesign, or engineering work (matched: supply-class PSC 16), so it is tracked as a subcontract/competitive-intelligence lead rather than a prime fit.",None identified,Possible subcontract lead,No obvious vehicle restriction,Not Applicable,No special eligibility found in SAM.gov fields.,Prime feasible,Monitor as a direct pursuit unless attachments indicate otherwise.,None detected,https://sam.gov/workspace/contract/opp/5a911a257fc94444834ee305462e8976/view,"{'rel': 'self', 'href': 'https://api.sam.gov/prod/opportunities/v2/search?noticeid=5a911a257fc94444834ee305462e8976&limit=1'}","Questions regarding this solicitation should be emailed to the buyer listed in block 5 of the solicitation document which can be found under the Additional Information link.
If the Additional Information link does not work, please go to https://www.dibbs.bsm.dla.mil/Solicitations/ and type the solicitation number in the Global Search box.
",DibbsBSM@dla.mil,Primary NAICS 336413,Partial Refresh — Capacity Reached,High
Accepted,C,3,RFP / Solicitation,"16--RETAINER,AUXILIARY",DEPT OF DEFENSE.DEFENSE LOGISTICS AGENCY.DLA AVIATION.DLA AV RICHMOND.DLA AVIATION,,Solicitation,35309719f1e14adebbd917a06d1a05ac,SPE4A726T693H,2026-09-02,7,336413,16,,,Not stated,,"Relevant Butler intelligence or subcontract lead, but prime feasibility is limited. Matched: dla aviation. Scope reads as hardware supply/manufacturing with no clear design, redesign, or engineering work (matched: supply-class PSC 16), so it is tracked as a subcontract/competitive-intelligence lead rather than a prime fit.",None identified,Possible subcontract lead,No obvious vehicle restriction,Not Applicable,No special eligibility found in SAM.gov fields.,Prime feasible,Monitor as a direct pursuit unless attachments indicate otherwise.,None detected,https://sam.gov/workspace/contract/opp/35309719f1e14adebbd917a06d1a05ac/view,"{'rel': 'self', 'href': 'https://api.sam.gov/prod/opportunities/v2/search?noticeid=35309719f1e14adebbd917a06d1a05ac&limit=1'}","Questions regarding this solicitation should be emailed to the buyer listed in block 5 of the solicitation document which can be found under the Additional Information link.
If the Additional Information link does not work, please go to https://www.dibbs.bsm.dla.mil/Solicitations/ and type the solicitation number in the Global Search box.
",DibbsBSM@dla.mil,Primary NAICS 336413,Partial Refresh — Capacity Reached,High
Accepted,C,3,RFP / Solicitation,"62--CAP,ASSY INDICATOR",DEPT OF DEFENSE.DEFENSE LOGISTICS AGENCY.DLA AVIATION.DLA AV RICHMOND.DLA AVIATION,,Solicitation,22ad147eead745dcbe20c077fb281db4,SPE4A626T22GN,2026-09-02,7,336413,62,,,Not stated,,"Relevant Butler intelligence or subcontract lead, but prime feasibility is limited. Matched: dla aviation. Scope reads as hardware supply/manufacturing with no clear design, redesign, or engineering work (matched: supply-class PSC 62), so it is tracked as a subcontract/competitive-intelligence lead rather than a prime fit.",None identified,Possible subcontract lead,No obvious vehicle restriction,Not Applicable,No special eligibility found in SAM.gov fields.,Prime feasible,Monitor as a direct pursuit unless attachments indicate otherwise.,None detected,https://sam.gov/workspace/contract/opp/22ad147eead745dcbe20c077fb281db4/view,"{'rel': 'self', 'href': 'https://api.sam.gov/prod/opportunities/v2/search?noticeid=22ad147eead745dcbe20c077fb281db4&limit=1'}","Questions regarding this solicitation should be emailed to the buyer listed in block 5 of the solicitation document which can be found under the Additional Information link.
If the Additional Information link does not work, please go to https://www.dibbs.bsm.dla.mil/Solicitations/ and type the solicitation number in the Global Search box.
",DibbsBSM@dla.mil,Primary NAICS 336413,Partial Refresh — Capacity Reached,High
Accepted,C,3,RFP / Solicitation,"53--FAIRLEAD SECTION,BLOCK",DEPT OF DEFENSE.DEFENSE LOGISTICS AGENCY.DLA AVIATION.DLA AV RICHMOND.DLA AVIATION,,Solicitation,1a5ee366547d46808d03de4f435f4c58,SPE4A726T693T,2026-09-02,7,336413,53,,,Not stated,,"Relevant Butler intelligence or subcontract lead, but prime feasibility is limited. Matched: dla aviation. Scope reads as hardware supply/manufacturing with no clear design, redesign, or engineering work (matched: supply-class PSC 53), so it is tracked as a subcontract/competitive-intelligence lead rather than a prime fit.",None identified,Possible subcontract lead,No obvious vehicle restriction,Not Applicable,No special eligibility found in SAM.gov fields.,Prime feasible,Monitor as a direct pursuit unless attachments indicate otherwise.,None detected,https://sam.gov/workspace/contract/opp/1a5ee366547d46808d03de4f435f4c58/view,"{'rel': 'self', 'href': 'https://api.sam.gov/prod/opportunities/v2/search?noticeid=1a5ee366547d46808d03de4f435f4c58&limit=1'}","Questions regarding this solicitation should be emailed to the buyer listed in block 5 of the solicitation document which can be found under the Additional Information link.
If the Additional Information link does not work, please go to https://www.dibbs.bsm.dla.mil/Solicitations/ and type the solicitation number in the Global Search box.
",DibbsBSM@dla.mil,Primary NAICS 336413,Partial Refresh — Capacity Reached,High
Accepted,C,5,RFP / Solicitation,"15--FAIRING,AIRCRAFT",DEPT OF DEFENSE.DEFENSE LOGISTICS AGENCY.DLA AVIATION.DLA AV RICHMOND.DLA AVIATION,,Solicitation,08cb32479f0f436aa58c369151d1359b,SPE4A726T690W,2026-09-02,7,336413,15,Small Business Set Aside - Total,,Not stated,,"Relevant Butler intelligence or subcontract lead, but prime feasibility is limited. Matched: aircraft, dla aviation. Scope reads as hardware supply/manufacturing with no clear design, redesign, or engineering work (matched: supply-class PSC 15), so it is tracked as a subcontract/competitive-intelligence lead rather than a prime fit.",Set-aside eligibility may limit prime feasibility,Check set-aside,No obvious vehicle restriction,Unknown — check Butler contract vehicles,Requires small-business set-aside eligibility.,Prime uncertain,Check whether Butler can qualify directly or should team with an eligible prime.,small business set aside,https://sam.gov/workspace/contract/opp/08cb32479f0f436aa58c369151d1359b/view,"{'rel': 'self', 'href': 'https://api.sam.gov/prod/opportunities/v2/search?noticeid=08cb32479f0f436aa58c369151d1359b&limit=1'}","Questions regarding this solicitation should be emailed to the buyer listed in block 5 of the solicitation document which can be found under the Additional Information link.
If the Additional Information link does not work, please go to https://www.dibbs.bsm.dla.mil/Solicitations/ and type the solicitation number in the Global Search box.
",DibbsBSM@dla.mil,Primary NAICS 336413,Partial Refresh — Capacity Reached,High
Accepted,C,3,RFP / Solicitation,"16--PARTS KIT,ELECTRO-M",DEPT OF DEFENSE.DEFENSE LOGISTICS AGENCY.DLA AVIATION.DLA AV RICHMOND.DLA AVIATION,,Solicitation,00f44d00e11d4119b2be524ac28bf4f7,SPE4A726T693F,2026-09-02,7,336413,16,,,Not stated,,"Relevant Butler intelligence or subcontract lead, but prime feasibility is limited. Matched: dla aviation. Scope reads as hardware supply/manufacturing with no clear design, redesign, or engineering work (matched: supply-class PSC 16), so it is tracked as a subcontract/competitive-intelligence lead rather than a prime fit.",None identified,Possible subcontract lead,No obvious vehicle restriction,Not Applicable,No special eligibility found in SAM.gov fields.,Prime feasible,Monitor as a direct pursuit unless attachments indicate otherwise.,None detected,https://sam.gov/workspace/contract/opp/00f44d00e11d4119b2be524ac28bf4f7/view,"{'rel': 'self', 'href': 'https://api.sam.gov/prod/opportunities/v2/search?noticeid=00f44d00e11d4119b2be524ac28bf4f7&limit=1'}","Questions regarding this solicitation should be emailed to the buyer listed in block 5 of the solicitation document which can be found under the Additional Information link.
If the Additional Information link does not work, please go to https://www.dibbs.bsm.dla.mil/Solicitations/ and type the solicitation number in the Global Search box.
",DibbsBSM@dla.mil,Primary NAICS 336413,Partial Refresh — Capacity Reached,High
Accepted,B,8,Sources Sought / RFI,REQUEST FOR INFORMATION (RFI) Fair Share Sustainment Operations (FSSO) HAWK Missile System.,DEPT OF DEFENSE.DEPT OF THE ARMY.AMC.ACC.ACC-CTRS.ACC RSA.W6QK ACC-RSA,,Sources Sought,f1aaba9ae3654274b9e227df9366bd58,W314Q-R-27-A046,2026-09-02,7,336419,J014,No Set aside used,"Redstone Arsenal, Alabama, UNITED STATES",Not stated,,"Possible Butler fit through broader defense engineering, logistics, testing, or program support. Matched: missile, army.",None identified,Add to tracker,No obvious vehicle restriction,Not Applicable,No special eligibility found in SAM.gov fields.,Prime feasible,Monitor as a direct pursuit unless attachments indicate otherwise.,None detected,https://sam.gov/workspace/contract/opp/f1aaba9ae3654274b9e227df9366bd58/view,"{'rel': 'self', 'href': 'https://api.sam.gov/prod/opportunities/v2/search?noticeid=f1aaba9ae3654274b9e227df9366bd58&limit=1'}",Micheal Weaver,micheal.e.weaver.civ@army.mil,Primary NAICS 336419,Partial Refresh — Capacity Reached,High
Accepted,C,3,RFP / Solicitation,"16--TURBINE WHEEL,AIRCR",DEPT OF DEFENSE.DEFENSE LOGISTICS AGENCY.DLA AVIATION.DLA AV RICHMOND.DLA AVIATION,,Solicitation,ade46134807c46b5af7f895b4ff15396,SPE4A526T384M,2026-09-01,6,336411,16,,,Not stated,,"Relevant Butler intelligence or subcontract lead, but prime feasibility is limited. Matched: dla aviation. Scope reads as hardware supply/manufacturing with no clear design, redesign, or engineering work (matched: supply-class PSC 16), so it is tracked as a subcontract/competitive-intelligence lead rather than a prime fit.",None identified,Possible subcontract lead,No obvious vehicle restriction,Not Applicable,No special eligibility found in SAM.gov fields.,Prime feasible,Monitor as a direct pursuit unless attachments indicate otherwise.,None detected,https://sam.gov/workspace/contract/opp/ade46134807c46b5af7f895b4ff15396/view,"{'rel': 'self', 'href': 'https://api.sam.gov/prod/opportunities/v2/search?noticeid=ade46134807c46b5af7f895b4ff15396&limit=1'}","Questions regarding this solicitation should be emailed to the buyer listed in block 5 of the solicitation document which can be found under the Additional Information link.
If the Additional Information link does not work, please go to https://www.dibbs.bsm.dla.mil/Solicitations/ and type the solicitation number in the Global Search box.
",DibbsBSM@dla.mil,Primary NAICS 336411,Partial Refresh — Capacity Reached,High
Accepted,C,0,RFP / Solicitation,sUAS Training Drone,DEPT OF DEFENSE.DEPT OF THE AIR FORCE.AIR EDUCATION AND TRAINING COMMAND.FA3020  82 CONS LGC,,Solicitation,8416871e05e34ebdba444bc270852fd9,FA302026Q0105,2026-09-01,6,336411,1550,Small Business Set Aside - Total,"Fort Leonard Wood, Missouri, UNITED STATES",Not stated,,"Relevant Butler intelligence or subcontract lead, but prime feasibility is limited. Matched: air force. Attachment text was included in the screen. Scope reads as hardware supply/manufacturing with no clear design, redesign, or engineering work (matched: supply-class PSC 1550), so it is tracked as a subcontract/competitive-intelligence lead rather than a prime fit.",Set-aside eligibility may limit prime feasibility,Check set-aside,No obvious vehicle restriction,Unknown — check Butler contract vehicles,Requires small-business set-aside eligibility.,Prime uncertain,Check whether Butler can qualify directly or should team with an eligible prime.,small business set aside,https://sam.gov/workspace/contract/opp/8416871e05e34ebdba444bc270852fd9/view,"https://sam.gov/api/prod/opps/v3/opportunities/resources/files/0893b914ce1b48fc93615c65bfa5dc64/download
https://sam.gov/api/prod/opps/v3/opportunities/resources/files/263f3d6551aa4a089cb2b71d5c4824c6/download
https://sam.gov/api/prod/opps/v3/opportunities/resources/files/5485be925c354e2b96342cd503a3b9fd/download
https://sam.gov/api/prod/opps/v3/opportunities/resources/files/d73659e38fe24c05836d5a6108c97684/download
https://sam.gov/api/prod/opps/v3/opportunities/resources/files/da63e9a1c7414ef5b65afb07d576b0a9/download
{'rel': 'self', 'href': 'https://api.sam.gov/prod/opportunities/v2/search?noticeid=8416871e05e34ebdba444bc270852fd9&limit=1'}",Mark Baker,mark.baker.29@us.af.mil,Primary NAICS 336411,Partial Refresh — Capacity Reached,High — attachment text read
Accepted,C,8,RFP / Solicitation,"15--STRINGER,AIRCRAFT",DEPT OF DEFENSE.DEFENSE LOGISTICS AGENCY.DLA AVIATION.DLA AV RICHMOND.DLA AVIATION,,Solicitation,3aedd1f5969b45faa4cc11c6bac7f0c3,SPE4A726T689D,2026-09-01,6,336411,15,,,Not stated,,"Relevant Butler intelligence or subcontract lead, but prime feasibility is limited. Matched: aircraft, dla aviation. Scope reads as hardware supply/manufacturing with no clear design, redesign, or engineering work (matched: supply-class PSC 15), so it is tracked as a subcontract/competitive-intelligence lead rather than a prime fit.",None identified,Possible subcontract lead,No obvious vehicle restriction,Not Applicable,No special eligibility found in SAM.gov fields.,Prime feasible,Monitor as a direct pursuit unless attachments indicate otherwise.,None detected,https://sam.gov/workspace/contract/opp/3aedd1f5969b45faa4cc11c6bac7f0c3/view,"{'rel': 'self', 'href': 'https://api.sam.gov/prod/opportunities/v2/search?noticeid=3aedd1f5969b45faa4cc11c6bac7f0c3&limit=1'}","Questions regarding this solicitation should be emailed to the buyer listed in block 5 of the solicitation document which can be found under the Additional Information link.
If the Additional Information link does not work, please go to https://www.dibbs.bsm.dla.mil/Solicitations/ and type the solicitation number in the Global Search box.
",DibbsBSM@dla.mil,Primary NAICS 336411,Partial Refresh — Capacity Reached,High
Accepted,C,0,RFP / Solicitation,"16--DUCT ASSEMBLY,AIR C",DEPT OF DEFENSE.DEFENSE LOGISTICS AGENCY.DLA AVIATION.DLA AV RICHMOND.DLA AVIATION,,Solicitation,17eb1aa4ad4b47e4bc71486a24744c5d,SPE4A726T687X,2026-09-01,6,336411,16,SBA Certified Women-Owned Small Business (WOSB) Program Set-Aside (FAR 19.15),,Not stated,,"Relevant Butler intelligence or subcontract lead, but prime feasibility is limited. Matched: dla aviation. Scope reads as hardware supply/manufacturing with no clear design, redesign, or engineering work (matched: supply-class PSC 16), so it is tracked as a subcontract/competitive-intelligence lead rather than a prime fit.",Set-aside eligibility may limit prime feasibility,Check set-aside,No obvious vehicle restriction,Unknown — check Butler contract vehicles,Requires small-business set-aside eligibility.,Prime uncertain,Check whether Butler can qualify directly or should team with an eligible prime.,wosb,https://sam.gov/workspace/contract/opp/17eb1aa4ad4b47e4bc71486a24744c5d/view,"{'rel': 'self', 'href': 'https://api.sam.gov/prod/opportunities/v2/search?noticeid=17eb1aa4ad4b47e4bc71486a24744c5d&limit=1'}","Questions regarding this solicitation should be emailed to the buyer listed in block 5 of the solicitation document which can be found under the Additional Information link.
If the Additional Information link does not work, please go to https://www.dibbs.bsm.dla.mil/Solicitations/ and type the solicitation number in the Global Search box.
",DibbsBSM@dla.mil,Primary NAICS 336411,Partial Refresh — Capacity Reached,High
Accepted,C,3,RFP / Solicitation,"29--SEPARATOR,PARTICLE,",DEPT OF DEFENSE.DEFENSE LOGISTICS AGENCY.DLA AVIATION.DLA AV RICHMOND.DLA AVIATION,,Solicitation,8c33d6690b9749c4a7f185233bc090ae,SPE4A726T688L,2026-09-01,6,336412,29,,,Not stated,,"Relevant Butler intelligence or subcontract lead, but prime feasibility is limited. Matched: dla aviation. Scope reads as hardware supply/manufacturing with no clear design, redesign, or engineering work (matched: supply-class PSC 29), so it is tracked as a subcontract/competitive-intelligence lead rather than a prime fit.",None identified,Possible subcontract lead,No obvious vehicle restriction,Not Applicable,No special eligibility found in SAM.gov fields.,Prime feasible,Monitor as a direct pursuit unless attachments indicate otherwise.,None detected,https://sam.gov/workspace/contract/opp/8c33d6690b9749c4a7f185233bc090ae/view,"{'rel': 'self', 'href': 'https://api.sam.gov/prod/opportunities/v2/search?noticeid=8c33d6690b9749c4a7f185233bc090ae&limit=1'}","Questions regarding this solicitation should be emailed to the buyer listed in block 5 of the solicitation document which can be found under the Additional Information link.
If the Additional Information link does not work, please go to https://www.dibbs.bsm.dla.mil/Solicitations/ and type the solicitation number in the Global Search box.
",DibbsBSM@dla.mil,Primary NAICS 336412,Partial Refresh — Capacity Reached,High
Accepted,C,3,RFP / Solicitation,"CYLINDER ASSEMBLY, R - 261350001",DEPT OF DEFENSE.DEPT OF THE NAVY.NAVSUP.NAVSUP WEAPON SYSTEMS SUPPORT.NAVSUP WSS PHILADELPHIA.NAVSUP WEAPON SYSTEMS SUPPORT,,Solicitation,d00869d3734f4a5ea0cf8e806671b300,261350001,2026-09-01,6,336413,1680,No Set aside used,"25095, New York, UNITED STATES",Not stated,,"Relevant Butler intelligence or subcontract lead, but prime feasibility is limited. Matched: navy, navsup. Scope reads as hardware supply/manufacturing with no clear design, redesign, or engineering work (matched: supply-class PSC 1680), so it is tracked as a subcontract/competitive-intelligence lead rather than a prime fit.",None identified,Possible subcontract lead,No obvious vehicle restriction,Not Applicable,No special eligibility found in SAM.gov fields.,Prime feasible,Monitor as a direct pursuit unless attachments indicate otherwise.,None detected,https://sam.gov/workspace/contract/opp/d00869d3734f4a5ea0cf8e806671b300/view,"{'rel': 'self', 'href': 'https://api.sam.gov/prod/opportunities/v2/search?noticeid=d00869d3734f4a5ea0cf8e806671b300&limit=1'}",Brett Killen,brett.m.killen.civ@us.navy.mil,Primary NAICS 336413,Partial Refresh — Capacity Reached,High
Accepted,C,5,RFP / Solicitation,"17--LADDER,AIRCRAFT BOARDI",DEPT OF DEFENSE.DEFENSE LOGISTICS AGENCY.TROOP SUPPORT CONSTRUCTION & EQUIPMENT.DLA TROOP SUPPORT,,Solicitation,8480c9b39cc34e39b9937be7a7b1dd14,SPE8EF26Q0188,2026-09-01,6,336413,17,,,Not stated,,"Relevant Butler intelligence or subcontract lead, but prime feasibility is limited. Matched: aircraft. Scope reads as hardware supply/manufacturing with no clear design, redesign, or engineering work (matched: supply-class PSC 17), so it is tracked as a subcontract/competitive-intelligence lead rather than a prime fit.",None identified,Possible subcontract lead,No obvious vehicle restriction,Not Applicable,No special eligibility found in SAM.gov fields.,Prime feasible,Monitor as a direct pursuit unless attachments indicate otherwise.,None detected,https://sam.gov/workspace/contract/opp/8480c9b39cc34e39b9937be7a7b1dd14/view,"{'rel': 'self', 'href': 'https://api.sam.gov/prod/opportunities/v2/search?noticeid=8480c9b39cc34e39b9937be7a7b1dd14&limit=1'}","Questions regarding this solicitation should be emailed to the buyer listed in block 5 of the solicitation document which can be found under the Additional Information link.
If the Additional Information link does not work, please go to https://www.dibbs.bsm.dla.mil/Solicitations/ and type the solicitation number in the Global Search box.
",DibbsBSM@dla.mil,Primary NAICS 336413,Partial Refresh — Capacity Reached,High
Accepted,C,-2,RFP / Solicitation,Procurement of Various Floor Assemblies,"HOMELAND SECURITY, DEPARTMENT OF.US COAST GUARD.AVIATION LOGISTICS CENTER (ALC)(00038)",,Solicitation,027faf1230a74a2daf47974df384f80c,70Z03826QJ0000345,2026-09-01,6,336413,1560,No Set aside used,,Not stated,,"Relevant Butler intelligence or subcontract lead, but prime feasibility is limited. Attachment text was included in the screen. Scope reads as hardware supply/manufacturing with no clear design, redesign, or engineering work (matched: procurement of, supply-class PSC 1560), so it is tracked as a subcontract/competitive-intelligence lead rather than a prime fit.",None identified,Possible subcontract lead,No obvious vehicle restriction,Not Applicable,No special eligibility found in SAM.gov fields.,Prime feasible,Monitor as a direct pursuit unless attachments indicate otherwise.,None detected,https://sam.gov/workspace/contract/opp/027faf1230a74a2daf47974df384f80c/view,"https://sam.gov/api/prod/opps/v3/opportunities/resources/files/38396905cfc54affb1ec49e8cdbc1e74/download
https://sam.gov/api/prod/opps/v3/opportunities/resources/files/aa835a8421754984b60db508c33fa943/download
https://sam.gov/api/prod/opps/v3/opportunities/resources/files/b91a25702eb6418781cd44f156dbfd7b/download
{'rel': 'self', 'href': 'https://api.sam.gov/prod/opportunities/v2/search?noticeid=027faf1230a74a2daf47974df384f80c&limit=1'}",Tiffany Cherry,tiffany.r.cherry2@uscg.mil,Primary NAICS 336413,Partial Refresh — Capacity Reached,High — attachment text read
Accepted,C,0,RFP / Solicitation,"15--SUPPORT ASSEMBLY,SE",DEPT OF DEFENSE.DEFENSE LOGISTICS AGENCY.DLA AVIATION.DLA AV RICHMOND.DLA AVIATION,,Solicitation,bb17b50b7fd84789b5bf69c2f21ca494,SPE4A726T688H,2026-09-01,6,336413,15,Small Business Set Aside - Total,,Not stated,,"Relevant Butler intelligence or subcontract lead, but prime feasibility is limited. Matched: dla aviation. Scope reads as hardware supply/manufacturing with no clear design, redesign, or engineering work (matched: supply-class PSC 15), so it is tracked as a subcontract/competitive-intelligence lead rather than a prime fit.",Set-aside eligibility may limit prime feasibility,Check set-aside,No obvious vehicle restriction,Unknown — check Butler contract vehicles,Requires small-business set-aside eligibility.,Prime uncertain,Check whether Butler can qualify directly or should team with an eligible prime.,small business set aside,https://sam.gov/workspace/contract/opp/bb17b50b7fd84789b5bf69c2f21ca494/view,"{'rel': 'self', 'href': 'https://api.sam.gov/prod/opportunities/v2/search?noticeid=bb17b50b7fd84789b5bf69c2f21ca494&limit=1'}","Questions regarding this solicitation should be emailed to the buyer listed in block 5 of the solicitation document which can be found under the Additional Information link.
If the Additional Information link does not work, please go to https://www.dibbs.bsm.dla.mil/Solicitations/ and type the solicitation number in the Global Search box.
",DibbsBSM@dla.mil,Primary NAICS 336413,Partial Refresh — Capacity Reached,High
Accepted,C,3,RFP / Solicitation,"15--DUCT,BLEED AIR",DEPT OF DEFENSE.DEFENSE LOGISTICS AGENCY.DLA AVIATION.DLA AV RICHMOND.DLA AVIATION,,Solicitation,82a1741a0e6542d1be672bb47986ae3e,SPE4A726T688B,2026-09-01,6,336413,15,,,Not stated,,"Relevant Butler intelligence or subcontract lead, but prime feasibility is limited. Matched: dla aviation. Scope reads as hardware supply/manufacturing with no clear design, redesign, or engineering work (matched: supply-class PSC 15), so it is tracked as a subcontract/competitive-intelligence lead rather than a prime fit.",None identified,Possible subcontract lead,No obvious vehicle restriction,Not Applicable,No special eligibility found in SAM.gov fields.,Prime feasible,Monitor as a direct pursuit unless attachments indicate otherwise.,None detected,https://sam.gov/workspace/contract/opp/82a1741a0e6542d1be672bb47986ae3e/view,"{'rel': 'self', 'href': 'https://api.sam.gov/prod/opportunities/v2/search?noticeid=82a1741a0e6542d1be672bb47986ae3e&limit=1'}","Questions regarding this solicitation should be emailed to the buyer listed in block 5 of the solicitation document which can be found under the Additional Information link.
If the Additional Information link does not work, please go to https://www.dibbs.bsm.dla.mil/Solicitations/ and type the solicitation number in the Global Search box.
",DibbsBSM@dla.mil,Primary NAICS 336413,Partial Refresh — Capacity Reached,High
Accepted,C,3,RFP / Solicitation,"15--PANEL,STRUCTURAL,AI",DEPT OF DEFENSE.DEFENSE LOGISTICS AGENCY.DLA AVIATION.DLA AV RICHMOND.DLA AVIATION,,Solicitation,7e399176415443d480b3157622217aaa,SPE4A526T386B,2026-09-01,6,336413,15,,,Not stated,,"Relevant Butler intelligence or subcontract lead, but prime feasibility is limited. Matched: dla aviation. Scope reads as hardware supply/manufacturing with no clear design, redesign, or engineering work (matched: supply-class PSC 15), so it is tracked as a subcontract/competitive-intelligence lead rather than a prime fit.",None identified,Possible subcontract lead,No obvious vehicle restriction,Not Applicable,No special eligibility found in SAM.gov fields.,Prime feasible,Monitor as a direct pursuit unless attachments indicate otherwise.,None detected,https://sam.gov/workspace/contract/opp/7e399176415443d480b3157622217aaa/view,"{'rel': 'self', 'href': 'https://api.sam.gov/prod/opportunities/v2/search?noticeid=7e399176415443d480b3157622217aaa&limit=1'}","Questions regarding this solicitation should be emailed to the buyer listed in block 5 of the solicitation document which can be found under the Additional Information link.
If the Additional Information link does not work, please go to https://www.dibbs.bsm.dla.mil/Solicitations/ and type the solicitation number in the Global Search box.
",DibbsBSM@dla.mil,Primary NAICS 336413,Partial Refresh — Capacity Reached,High
Accepted,C,3,RFP / Solicitation,15--WEDGE ASSEMBLY,DEPT OF DEFENSE.DEFENSE LOGISTICS AGENCY.DLA AVIATION.DLA AV RICHMOND.DLA AVIATION,,Solicitation,6e0e93e0ba4b4224acd2e5e596b5055e,SPE4A726T687R,2026-09-01,6,336413,15,,,Not stated,,"Relevant Butler intelligence or subcontract lead, but prime feasibility is limited. Matched: dla aviation. Scope reads as hardware supply/manufacturing with no clear design, redesign, or engineering work (matched: supply-class PSC 15), so it is tracked as a subcontract/competitive-intelligence lead rather than a prime fit.",None identified,Possible subcontract lead,No obvious vehicle restriction,Not Applicable,No special eligibility found in SAM.gov fields.,Prime feasible,Monitor as a direct pursuit unless attachments indicate otherwise.,None detected,https://sam.gov/workspace/contract/opp/6e0e93e0ba4b4224acd2e5e596b5055e/view,"{'rel': 'self', 'href': 'https://api.sam.gov/prod/opportunities/v2/search?noticeid=6e0e93e0ba4b4224acd2e5e596b5055e&limit=1'}","Questions regarding this solicitation should be emailed to the buyer listed in block 5 of the solicitation document which can be found under the Additional Information link.
If the Additional Information link does not work, please go to https://www.dibbs.bsm.dla.mil/Solicitations/ and type the solicitation number in the Global Search box.
",DibbsBSM@dla.mil,Primary NAICS 336413,Partial Refresh — Capacity Reached,High
Accepted,C,3,RFP / Solicitation,"16--HOUSING ASSEMBLY,GOVER",DEPT OF DEFENSE.DEFENSE LOGISTICS AGENCY.DLA AVIATION.DLA AV RICHMOND.DLA AVIATION,,Solicitation,677ac857281443b184fb45866f4f0372,SPE4A526T384L,2026-09-01,6,336413,16,,,Not stated,,"Relevant Butler intelligence or subcontract lead, but prime feasibility is limited. Matched: dla aviation. Scope reads as hardware supply/manufacturing with no clear design, redesign, or engineering work (matched: supply-class PSC 16), so it is tracked as a subcontract/competitive-intelligence lead rather than a prime fit.",None identified,Possible subcontract lead,No obvious vehicle restriction,Not Applicable,No special eligibility found in SAM.gov fields.,Prime feasible,Monitor as a direct pursuit unless attachments indicate otherwise.,None detected,https://sam.gov/workspace/contract/opp/677ac857281443b184fb45866f4f0372/view,"{'rel': 'self', 'href': 'https://api.sam.gov/prod/opportunities/v2/search?noticeid=677ac857281443b184fb45866f4f0372&limit=1'}","Questions regarding this solicitation should be emailed to the buyer listed in block 5 of the solicitation document which can be found under the Additional Information link.
If the Additional Information link does not work, please go to https://www.dibbs.bsm.dla.mil/Solicitations/ and type the solicitation number in the Global Search box.
",DibbsBSM@dla.mil,Primary NAICS 336413,Partial Refresh — Capacity Reached,High
Accepted,C,3,RFP / Solicitation,"15--VALVE ASSEMBLY,AIR",DEPT OF DEFENSE.DEFENSE LOGISTICS AGENCY.DLA AVIATION.DLA AV RICHMOND.DLA AVIATION,,Solicitation,268510cbdbe64bcd9dc458d9952a4ecd,SPE4A626T21VF,2026-09-01,6,336413,15,,,Not stated,,"Relevant Butler intelligence or subcontract lead, but prime feasibility is limited. Matched: dla aviation. Scope reads as hardware supply/manufacturing with no clear design, redesign, or engineering work (matched: supply-class PSC 15), so it is tracked as a subcontract/competitive-intelligence lead rather than a prime fit.",None identified,Possible subcontract lead,No obvious vehicle restriction,Not Applicable,No special eligibility found in SAM.gov fields.,Prime feasible,Monitor as a direct pursuit unless attachments indicate otherwise.,None detected,https://sam.gov/workspace/contract/opp/268510cbdbe64bcd9dc458d9952a4ecd/view,"{'rel': 'self', 'href': 'https://api.sam.gov/prod/opportunities/v2/search?noticeid=268510cbdbe64bcd9dc458d9952a4ecd&limit=1'}","Questions regarding this solicitation should be emailed to the buyer listed in block 5 of the solicitation document which can be found under the Additional Information link.
If the Additional Information link does not work, please go to https://www.dibbs.bsm.dla.mil/Solicitations/ and type the solicitation number in the Global Search box.
",DibbsBSM@dla.mil,Primary NAICS 336413,Partial Refresh — Capacity Reached,High
Accepted,C,0,RFP / Solicitation,14--CABLE DRUM ASSEMBLY,DEPT OF DEFENSE.DEFENSE LOGISTICS AGENCY.DLA AVIATION.DLA AV RICHMOND.DLA AVIATION,,Solicitation,dd39aef118a7429ab7d605e113bb0c16,SPE4A626T21WZ,2026-09-01,6,336415,14,Small Business Set Aside - Total,,Not stated,,"Relevant Butler intelligence or subcontract lead, but prime feasibility is limited. Matched: dla aviation. Scope reads as hardware supply/manufacturing with no clear design, redesign, or engineering work (matched: supply-class PSC 14), so it is tracked as a subcontract/competitive-intelligence lead rather than a prime fit.",Set-aside eligibility may limit prime feasibility,Check set-aside,No obvious vehicle restriction,Unknown — check Butler contract vehicles,Requires small-business set-aside eligibility.,Prime uncertain,Check whether Butler can qualify directly or should team with an eligible prime.,small business set aside,https://sam.gov/workspace/contract/opp/dd39aef118a7429ab7d605e113bb0c16/view,"{'rel': 'self', 'href': 'https://api.sam.gov/prod/opportunities/v2/search?noticeid=dd39aef118a7429ab7d605e113bb0c16&limit=1'}","Questions regarding this solicitation should be emailed to the buyer listed in block 5 of the solicitation document which can be found under the Additional Information link.
If the Additional Information link does not work, please go to https://www.dibbs.bsm.dla.mil/Solicitations/ and type the solicitation number in the Global Search box.
",DibbsBSM@dla.mil,Primary NAICS 336415,Partial Refresh — Capacity Reached,High
Accepted,B,7,RFP / Solicitation,Mass Calibrator Training,DEPT OF DEFENSE.DEPT OF THE NAVY.NAVSEA.NAVSEA WARFARE CENTER.NAVAL SURFACE WARFARE CENTER,,Solicitation,0dec3c2424b0456ba365f0ab625a373f,N6426726Q4252 ,2026-09-01,6,541380,U099,No Set aside used,"Norco, California, UNITED STATES",Not stated,,"Possible Butler fit through broader defense engineering, logistics, testing, or program support. Matched: plm, navy, navsea. Attachment text was included in the screen.",None identified,Add to tracker,No obvious vehicle restriction,Not Applicable,No special eligibility found in SAM.gov fields.,Prime feasible,Monitor as a direct pursuit unless attachments indicate otherwise.,None detected,https://sam.gov/workspace/contract/opp/0dec3c2424b0456ba365f0ab625a373f/view,"https://sam.gov/api/prod/opps/v3/opportunities/resources/files/951f57831a1b44c3a6ce17836c6ea866/download
https://sam.gov/api/prod/opps/v3/opportunities/resources/files/9f1b58263e2b495aa4d66dabdccbbdf0/download
{'rel': 'self', 'href': 'https://api.sam.gov/prod/opportunities/v2/search?noticeid=0dec3c2424b0456ba365f0ab625a373f&limit=1'}",BRIAN STAUB,BRIAN.A.STAUB2.CIV@US.NAVY.MIL,Primary NAICS 541380,Partial Refresh — Capacity Reached,High — attachment text read
Accepted,C,-5,RFP / Solicitation,"16--PARTS KIT,AIR FLOW REG",DEPT OF DEFENSE.DEFENSE LOGISTICS AGENCY.DLA MARITIME.DLA MARITIME COLUMBUS.DLA LAND AND MARITIME,,Solicitation,d710f3ef622b48f581b0ece5757143b4,SPE7M426Q0992,2026-08-31,5,336411,16,Small Business Set Aside - Total,,Not stated,,"Relevant Butler intelligence or subcontract lead, but prime feasibility is limited. Scope reads as hardware supply/manufacturing with no clear design, redesign, or engineering work (matched: supply-class PSC 16), so it is tracked as a subcontract/competitive-intelligence lead rather than a prime fit.",Set-aside eligibility may limit prime feasibility,Check set-aside,No obvious vehicle restriction,Unknown — check Butler contract vehicles,Requires small-business set-aside eligibility.,Prime uncertain,Check whether Butler can qualify directly or should team with an eligible prime.,small business set aside,https://sam.gov/workspace/contract/opp/d710f3ef622b48f581b0ece5757143b4/view,"{'rel': 'self', 'href': 'https://api.sam.gov/prod/opportunities/v2/search?noticeid=d710f3ef622b48f581b0ece5757143b4&limit=1'}","Questions regarding this solicitation should be emailed to the buyer listed in block 5 of the solicitation document which can be found under the Additional Information link.
If the Additional Information link does not work, please go to https://www.dibbs.bsm.dla.mil/Solicitations/ and type the solicitation number in the Global Search box.
",DibbsBSM@dla.mil,Primary NAICS 336411,Partial Refresh — Capacity Reached,High
Accepted,C,-5,RFP / Solicitation,"16--PARTS KIT,REGULATOR",DEPT OF DEFENSE.DEFENSE LOGISTICS AGENCY.DLA MARITIME.DLA MARITIME COLUMBUS.DLA LAND AND MARITIME,,Solicitation,a34211b307a14f13858a0b25b61ee914,SPE7M426Q0991,2026-08-31,5,336411,16,Small Business Set Aside - Total,,Not stated,,"Relevant Butler intelligence or subcontract lead, but prime feasibility is limited. Scope reads as hardware supply/manufacturing with no clear design, redesign, or engineering work (matched: supply-class PSC 16), so it is tracked as a subcontract/competitive-intelligence lead rather than a prime fit.",Set-aside eligibility may limit prime feasibility,Check set-aside,No obvious vehicle restriction,Unknown — check Butler contract vehicles,Requires small-business set-aside eligibility.,Prime uncertain,Check whether Butler can qualify directly or should team with an eligible prime.,small business set aside,https://sam.gov/workspace/contract/opp/a34211b307a14f13858a0b25b61ee914/view,"{'rel': 'self', 'href': 'https://api.sam.gov/prod/opportunities/v2/search?noticeid=a34211b307a14f13858a0b25b61ee914&limit=1'}","Questions regarding this solicitation should be emailed to the buyer listed in block 5 of the solicitation document which can be found under the Additional Information link.
If the Additional Information link does not work, please go to https://www.dibbs.bsm.dla.mil/Solicitations/ and type the solicitation number in the Global Search box.
",DibbsBSM@dla.mil,Primary NAICS 336411,Partial Refresh — Capacity Reached,High
Accepted,C,2,RFP / Solicitation,"16--HEATER,AIRCRAFT",DEPT OF DEFENSE.DEFENSE LOGISTICS AGENCY.DLA MARITIME.DLA MARITIME COLUMBUS.DLA LAND AND MARITIME,,Solicitation,5d44131d334c40cdb7a58015ec151362,SPE7M426Q0989,2026-08-31,5,336411,16,Small Business Set Aside - Total,,Not stated,,"Relevant Butler intelligence or subcontract lead, but prime feasibility is limited. Matched: aircraft. Scope reads as hardware supply/manufacturing with no clear design, redesign, or engineering work (matched: supply-class PSC 16), so it is tracked as a subcontract/competitive-intelligence lead rather than a prime fit.",Set-aside eligibility may limit prime feasibility,Check set-aside,No obvious vehicle restriction,Unknown — check Butler contract vehicles,Requires small-business set-aside eligibility.,Prime uncertain,Check whether Butler can qualify directly or should team with an eligible prime.,small business set aside,https://sam.gov/workspace/contract/opp/5d44131d334c40cdb7a58015ec151362/view,"{'rel': 'self', 'href': 'https://api.sam.gov/prod/opportunities/v2/search?noticeid=5d44131d334c40cdb7a58015ec151362&limit=1'}","Questions regarding this solicitation should be emailed to the buyer listed in block 5 of the solicitation document which can be found under the Additional Information link.
If the Additional Information link does not work, please go to https://www.dibbs.bsm.dla.mil/Solicitations/ and type the solicitation number in the Global Search box.
",DibbsBSM@dla.mil,Primary NAICS 336411,Partial Refresh — Capacity Reached,High
Accepted,C,-5,RFP / Solicitation,"16--CONTROL ASSEMBLY,DILUT",DEPT OF DEFENSE.DEFENSE LOGISTICS AGENCY.DLA MARITIME.DLA MARITIME COLUMBUS.DLA LAND AND MARITIME,,Solicitation,244668d2052e4983b496b34e2665c500,SPE7M426Q0990,2026-08-31,5,336411,16,Small Business Set Aside - Total,,Not stated,,"Relevant Butler intelligence or subcontract lead, but prime feasibility is limited. Scope reads as hardware supply/manufacturing with no clear design, redesign, or engineering work (matched: supply-class PSC 16), so it is tracked as a subcontract/competitive-intelligence lead rather than a prime fit.",Set-aside eligibility may limit prime feasibility,Check set-aside,No obvious vehicle restriction,Unknown — check Butler contract vehicles,Requires small-business set-aside eligibility.,Prime uncertain,Check whether Butler can qualify directly or should team with an eligible prime.,small business set aside,https://sam.gov/workspace/contract/opp/244668d2052e4983b496b34e2665c500/view,"{'rel': 'self', 'href': 'https://api.sam.gov/prod/opportunities/v2/search?noticeid=244668d2052e4983b496b34e2665c500&limit=1'}","Questions regarding this solicitation should be emailed to the buyer listed in block 5 of the solicitation document which can be found under the Additional Information link.
If the Additional Information link does not work, please go to https://www.dibbs.bsm.dla.mil/Solicitations/ and type the solicitation number in the Global Search box.
",DibbsBSM@dla.mil,Primary NAICS 336411,Partial Refresh — Capacity Reached,High
Accepted,C,5,RFP / Solicitation,"Fixed-Wing Vertical Take-Off and Landing (VTOL) small Unmanned Aircraft System (sUAS) WingtraRay ""or Equal",DEPT OF DEFENSE.DEPT OF THE AIR FORCE.AIR FORCE MATERIEL COMMAND.AF INSTALLATION & MISSION SUPPORT CENTER.FA8051  772 ESS PKD,,Solicitation,7b8200aba1fd407abc45c0fffbfd4f78,FA805126Q4007,2026-08-31,5,336411,1550,Small Business Set Aside - Total,"65980, Texas, UNITED STATES",Not stated,,"Relevant Butler intelligence or subcontract lead, but prime feasibility is limited. Matched: aircraft, air force. Attachment text was included in the screen. Scope reads as hardware supply/manufacturing with no clear design, redesign, or engineering work (matched: supply-class PSC 1550), so it is tracked as a subcontract/competitive-intelligence lead rather than a prime fit.",Set-aside eligibility may limit prime feasibility,Check set-aside,No obvious vehicle restriction,Unknown — check Butler contract vehicles,Requires small-business set-aside eligibility.,Prime uncertain,Check whether Butler can qualify directly or should team with an eligible prime.,small business set aside,https://sam.gov/workspace/contract/opp/7b8200aba1fd407abc45c0fffbfd4f78/view,"https://sam.gov/api/prod/opps/v3/opportunities/resources/files/3abce48268af48c58c96aa50feaea63c/download
https://sam.gov/api/prod/opps/v3/opportunities/resources/files/6cf19087333c48b5a8daab921fcaf394/download
https://sam.gov/api/prod/opps/v3/opportunities/resources/files/72d1df136c954406925252b86be4be2d/download
https://sam.gov/api/prod/opps/v3/opportunities/resources/files/95de5444e47a4bec82fb2e88b4be737c/download
https://sam.gov/api/prod/opps/v3/opportunities/resources/files/973f161809624ddd8ae95fcbd6623513/download
https://sam.gov/api/prod/opps/v3/opportunities/resources/files/a508ccf0e3b74a4d868c68f1362f88d8/download
https://sam.gov/api/prod/opps/v3/opportunities/resources/files/af128a8a1af44b3c809e0678cc9a8a87/download
https://sam.gov/api/prod/opps/v3/opportunities/resources/files/c343fab74fc94a8aa3e53a547e1b00cc/download
https://sam.gov/api/prod/opps/v3/opportunities/resources/files/e5639ca5329841cd9160774ce7618331/download
{'rel': 'self', 'href': 'https://api.sam.gov/prod/opportunities/v2/search?noticeid=7b8200aba1fd407abc45c0fffbfd4f78&limit=1'}",Grace Pennington,grace.pennington@us.af.mil,Primary NAICS 336411,Partial Refresh — Capacity Reached,High — attachment text read
Accepted,C,-2,Sources Sought / RFI,Accumulator Pneumat,DEPT OF DEFENSE.DEFENSE LOGISTICS AGENCY.DLA LAND.DLA LAND COLUMBUS.DLA LAND AND MARITIME,,Sources Sought,131c7bbad6634e919c038aceb8d5efca,SPE7L126R0122,2026-08-31,5,336411,3040,,,Not stated,,"Relevant Butler intelligence or subcontract lead, but prime feasibility is limited. Scope reads as hardware supply/manufacturing with no clear design, redesign, or engineering work (matched: supply-class PSC 3040), so it is tracked as a subcontract/competitive-intelligence lead rather than a prime fit.",None identified,Possible subcontract lead,No obvious vehicle restriction,Not Applicable,No special eligibility found in SAM.gov fields.,Prime feasible,Monitor as a direct pursuit unless attachments indicate otherwise.,None detected,https://sam.gov/workspace/contract/opp/131c7bbad6634e919c038aceb8d5efca/view,"{'rel': 'self', 'href': 'https://api.sam.gov/prod/opportunities/v2/search?noticeid=131c7bbad6634e919c038aceb8d5efca&limit=1'}",Amber Weaver,amber.weaver@dla.mil,Primary NAICS 336411,Partial Refresh — Capacity Reached,High
Accepted,C,3,RFP / Solicitation,"16--COALESCER,WATER SEPARA",DEPT OF DEFENSE.DEFENSE LOGISTICS AGENCY.DLA AVIATION.DLA AV RICHMOND.DLA AVIATION,,Solicitation,f5c707ccd95a47c2a2eeb44f55c2595b,SPE4A726T687C,2026-08-31,5,336411,16,,,Not stated,,"Relevant Butler intelligence or subcontract lead, but prime feasibility is limited. Matched: dla aviation. Scope reads as hardware supply/manufacturing with no clear design, redesign, or engineering work (matched: supply-class PSC 16), so it is tracked as a subcontract/competitive-intelligence lead rather than a prime fit.",None identified,Possible subcontract lead,No obvious vehicle restriction,Not Applicable,No special eligibility found in SAM.gov fields.,Prime feasible,Monitor as a direct pursuit unless attachments indicate otherwise.,None detected,https://sam.gov/workspace/contract/opp/f5c707ccd95a47c2a2eeb44f55c2595b/view,"{'rel': 'self', 'href': 'https://api.sam.gov/prod/opportunities/v2/search?noticeid=f5c707ccd95a47c2a2eeb44f55c2595b&limit=1'}","Questions regarding this solicitation should be emailed to the buyer listed in block 5 of the solicitation document which can be found under the Additional Information link.
If the Additional Information link does not work, please go to https://www.dibbs.bsm.dla.mil/Solicitations/ and type the solicitation number in the Global Search box.
",DibbsBSM@dla.mil,Primary NAICS 336411,Partial Refresh — Capacity Reached,High
Accepted,C,-2,RFP / Solicitation,"29--DETECTOR,METALLIC PART",DEPT OF DEFENSE.DEFENSE LOGISTICS AGENCY.DLA MARITIME.DLA MARITIME COLUMBUS.DLA LAND AND MARITIME,,Solicitation,b03b42868f3b497f84a9b9b7dacf58a5,SPE7M426T350G,2026-08-31,5,336412,29,,,Not stated,,"Relevant Butler intelligence or subcontract lead, but prime feasibility is limited. Scope reads as hardware supply/manufacturing with no clear design, redesign, or engineering work (matched: supply-class PSC 29), so it is tracked as a subcontract/competitive-intelligence lead rather than a prime fit.",None identified,Possible subcontract lead,No obvious vehicle restriction,Not Applicable,No special eligibility found in SAM.gov fields.,Prime feasible,Monitor as a direct pursuit unless attachments indicate otherwise.,None detected,https://sam.gov/workspace/contract/opp/b03b42868f3b497f84a9b9b7dacf58a5/view,"{'rel': 'self', 'href': 'https://api.sam.gov/prod/opportunities/v2/search?noticeid=b03b42868f3b497f84a9b9b7dacf58a5&limit=1'}","Questions regarding this solicitation should be emailed to the buyer listed in block 5 of the solicitation document which can be found under the Additional Information link.
If the Additional Information link does not work, please go to https://www.dibbs.bsm.dla.mil/Solicitations/ and type the solicitation number in the Global Search box.
",DibbsBSM@dla.mil,Primary NAICS 336412,Partial Refresh — Capacity Reached,High
Accepted,C,8,Sources Sought / RFI,"1660-004212087, DUCT ASSEMBLY, AIR CONDITIONING-HEATING, A; 11F, C-5 GALAXY AIRCRAFT",DEPT OF DEFENSE.DEFENSE LOGISTICS AGENCY.DLA AVIATION.DLA AV RICHMOND.DLA AVIATION,,Sources Sought,f8abd213f7904124b70d599cda533171,SPE4A726R0766,2026-08-31,5,336413,1660,,"Richmond, Virginia, UNITED STATES",Not stated,,"Relevant Butler intelligence or subcontract lead, but prime feasibility is limited. Matched: aircraft, dla aviation. Scope reads as hardware supply/manufacturing with no clear design, redesign, or engineering work (matched: supply-class PSC 1660), so it is tracked as a subcontract/competitive-intelligence lead rather than a prime fit.",None identified,Possible subcontract lead,No obvious vehicle restriction,Not Applicable,No special eligibility found in SAM.gov fields.,Prime feasible,Monitor as a direct pursuit unless attachments indicate otherwise.,None detected,https://sam.gov/workspace/contract/opp/f8abd213f7904124b70d599cda533171/view,"{'rel': 'self', 'href': 'https://api.sam.gov/prod/opportunities/v2/search?noticeid=f8abd213f7904124b70d599cda533171&limit=1'}",XUAN T PHAN,Xuan.Phan@dla.mil,Primary NAICS 336413,Partial Refresh — Capacity Reached,High
Accepted,C,-2,RFP / Solicitation,MH-65 Cover Assembly,"HOMELAND SECURITY, DEPARTMENT OF.US COAST GUARD.AVIATION LOGISTICS CENTER (ALC)(00038)",,Solicitation,dbdd2835e40340a182ab8277b2455f86,70Z03826QB0000212,2026-08-31,5,336413,6115,,UNITED STATES,Not stated,,"Relevant Butler intelligence or subcontract lead, but prime feasibility is limited. Attachment text was included in the screen. Scope reads as hardware supply/manufacturing with no clear design, redesign, or engineering work (matched: supply-class PSC 6115), so it is tracked as a subcontract/competitive-intelligence lead rather than a prime fit.",None identified,Possible subcontract lead,No obvious vehicle restriction,Not Applicable,No special eligibility found in SAM.gov fields.,Prime feasible,Monitor as a direct pursuit unless attachments indicate otherwise.,None detected,https://sam.gov/workspace/contract/opp/dbdd2835e40340a182ab8277b2455f86/view,"https://sam.gov/api/prod/opps/v3/opportunities/resources/files/77083faea9134eaf8d954da64400964c/download
https://sam.gov/api/prod/opps/v3/opportunities/resources/files/e316e69b0a5642b9bf5605ddf0bb13f2/download
{'rel': 'self', 'href': 'https://api.sam.gov/prod/opportunities/v2/search?noticeid=dbdd2835e40340a182ab8277b2455f86&limit=1'}",Raymond V. Marler,raymond.v.marler@uscg.mil,Primary NAICS 336413,Partial Refresh — Capacity Reached,High — attachment text read
Accepted,C,3,Sources Sought / RFI,SOURCES SOUGHT: KC-46 Fight Control Paint Stands and Dollies (FCPSD),DEPT OF DEFENSE.DEPT OF THE AIR FORCE.AIR FORCE MATERIEL COMMAND.AIR FORCE LIFE CYCLE MANAGEMENT CENTER.MOBILITY AIRCRAFT.FA8609 AFLCMC WLCK KC46,,Sources Sought,934dcb4be45b4ef7a3ce31365789aa45,KC46FCPSD,2026-08-31,5,336413,4920,,,Not stated,,"Relevant Butler intelligence or subcontract lead, but prime feasibility is limited. Matched: air force, aflcmc. Scope reads as hardware supply/manufacturing with no clear design, redesign, or engineering work (matched: supply-class PSC 4920), so it is tracked as a subcontract/competitive-intelligence lead rather than a prime fit.",None identified,Possible subcontract lead,No obvious vehicle restriction,Not Applicable,No special eligibility found in SAM.gov fields.,Prime feasible,Monitor as a direct pursuit unless attachments indicate otherwise.,None detected,https://sam.gov/workspace/contract/opp/934dcb4be45b4ef7a3ce31365789aa45/view,"{'rel': 'self', 'href': 'https://api.sam.gov/prod/opportunities/v2/search?noticeid=934dcb4be45b4ef7a3ce31365789aa45&limit=1'}",VICTOR KEDZIE,Victor.kedzie@us.af.mil,Primary NAICS 336413,Partial Refresh — Capacity Reached,High
Accepted,C,-2,RFP / Solicitation,"MH-65 TROUGH, AFT RH","HOMELAND SECURITY, DEPARTMENT OF.US COAST GUARD.AVIATION LOGISTICS CENTER (ALC)(00038)",,Solicitation,7194bfa6ec7344928cde8b31297fccb8,70Z03826QB0000209,2026-08-31,5,336413,1560,,UNITED STATES,Not stated,,"Relevant Butler intelligence or subcontract lead, but prime feasibility is limited. Attachment text was included in the screen. Scope reads as hardware supply/manufacturing with no clear design, redesign, or engineering work (matched: supply-class PSC 1560), so it is tracked as a subcontract/competitive-intelligence lead rather than a prime fit.",None identified,Possible subcontract lead,No obvious vehicle restriction,Not Applicable,No special eligibility found in SAM.gov fields.,Prime feasible,Monitor as a direct pursuit unless attachments indicate otherwise.,None detected,https://sam.gov/workspace/contract/opp/7194bfa6ec7344928cde8b31297fccb8/view,"https://sam.gov/api/prod/opps/v3/opportunities/resources/files/2be875c9dd6d409086e3115e1bc95f9f/download
https://sam.gov/api/prod/opps/v3/opportunities/resources/files/5f2bf7d1189c45f68f7a458ffbe9b832/download
https://sam.gov/api/prod/opps/v3/opportunities/resources/files/eb2534d4f804458bae6b393d4b16911c/download
{'rel': 'self', 'href': 'https://api.sam.gov/prod/opportunities/v2/search?noticeid=7194bfa6ec7344928cde8b31297fccb8&limit=1'}",Raymond V. Marler,raymond.v.marler@uscg.mil,Primary NAICS 336413,Partial Refresh — Capacity Reached,High — attachment text read
Accepted,C,3,Sources Sought / RFI,"CYLINDER ASSEMBLY,A_End_Item_C-130_NSN_1650015987365_PN_4U4059","DEPT OF DEFENSE.DEFENSE LOGISTICS AGENCY.DLA AVIATION.DLA AVIATION OKLAHOMA CITY.DLA AVIATION AT OKLAHOMA CITY, OK",,Sources Sought,715b82ec56c14ceeaef3238e6f162b2e,FD20302602544,2026-08-31,5,336413,1650,No Set aside used,UNITED STATES,Not stated,,"Relevant Butler intelligence or subcontract lead, but prime feasibility is limited. Matched: dla aviation. Attachment text was included in the screen. Scope reads as hardware supply/manufacturing with no clear design, redesign, or engineering work (matched: nsn, supply-class PSC 1650), so it is tracked as a subcontract/competitive-intelligence lead rather than a prime fit.",None identified,Possible subcontract lead,No obvious vehicle restriction,Not Applicable,No special eligibility found in SAM.gov fields.,Prime feasible,Monitor as a direct pursuit unless attachments indicate otherwise.,None detected,https://sam.gov/workspace/contract/opp/715b82ec56c14ceeaef3238e6f162b2e/view,"https://sam.gov/api/prod/opps/v3/opportunities/resources/files/e2cfd58f63f841f8b664a6dd9ace1ed0/download
{'rel': 'self', 'href': 'https://api.sam.gov/prod/opportunities/v2/search?noticeid=715b82ec56c14ceeaef3238e6f162b2e&limit=1'}",423 Workflow,423scms.guea.workflow@us.af.mil,Primary NAICS 336413,Partial Refresh — Capacity Reached,High — attachment text read
Accepted,C,3,RFP / Solicitation,"NRP,BOTTLE MONEX FI","DEPT OF DEFENSE.DEFENSE LOGISTICS AGENCY.DLA AVIATION.DLA AVIATION PHILADELPHIA.DLA AVIATION AT PHILADELPHIA, PA",,Solicitation,69b19939e0d54f4b832f59a2c55608d3,SPRPA126QUB69,2026-08-31,5,336413,1680,,,Not stated,,"Relevant Butler intelligence or subcontract lead, but prime feasibility is limited. Matched: dla aviation. Scope reads as hardware supply/manufacturing with no clear design, redesign, or engineering work (matched: supply-class PSC 1680), so it is tracked as a subcontract/competitive-intelligence lead rather than a prime fit.",None identified,Possible subcontract lead,No obvious vehicle restriction,Not Applicable,No special eligibility found in SAM.gov fields.,Prime feasible,Monitor as a direct pursuit unless attachments indicate otherwise.,None detected,https://sam.gov/workspace/contract/opp/69b19939e0d54f4b832f59a2c55608d3/view,"{'rel': 'self', 'href': 'https://api.sam.gov/prod/opportunities/v2/search?noticeid=69b19939e0d54f4b832f59a2c55608d3&limit=1'}",Telephone: 2157373766,DANIEL.MACDONALD@DLA.MIL,Primary NAICS 336413,Partial Refresh — Capacity Reached,High
Accepted,C,8,Sources Sought / RFI,"NSN 1680-01-673-6255, PARTS KIT,ELECTRO-M, WSDC: 11F, AIRCRAFT, GALAXY C-5.",DEPT OF DEFENSE.DEFENSE LOGISTICS AGENCY.DLA AVIATION.DLA AV RICHMOND.DLA AVIATION,,Sources Sought,4f65dcf8a2c14b4097a8970a5a9a65db,SPE4A526R0297,2026-08-31,5,336413,1680,,"0, Virginia, UNITED STATES",Not stated,,"Relevant Butler intelligence or subcontract lead, but prime feasibility is limited. Matched: aircraft, dla aviation. Scope reads as hardware supply/manufacturing with no clear design, redesign, or engineering work (matched: nsn, supply-class PSC 1680), so it is tracked as a subcontract/competitive-intelligence lead rather than a prime fit.",None identified,Possible subcontract lead,No obvious vehicle restriction,Not Applicable,No special eligibility found in SAM.gov fields.,Prime feasible,Monitor as a direct pursuit unless attachments indicate otherwise.,None detected,https://sam.gov/workspace/contract/opp/4f65dcf8a2c14b4097a8970a5a9a65db/view,"{'rel': 'self', 'href': 'https://api.sam.gov/prod/opportunities/v2/search?noticeid=4f65dcf8a2c14b4097a8970a5a9a65db&limit=1'}",Hope Scott,hope.scott@dla.mil,Primary NAICS 336413,Partial Refresh — Capacity Reached,High
Accepted,C,3,Sources Sought / RFI,"VALVE, LINEAR, DIRECT_End_Item_B1_NSN_4810011482014HS_PN_50010-11","DEPT OF DEFENSE.DEFENSE LOGISTICS AGENCY.DLA AVIATION.DLA AVIATION OKLAHOMA CITY.DLA AVIATION AT OKLAHOMA CITY, OK",,Sources Sought,4691e21138b643609f49d49aa939793b,FD20302700240,2026-08-31,5,336413,4810,No Set aside used,UNITED STATES,Not stated,,"Relevant Butler intelligence or subcontract lead, but prime feasibility is limited. Matched: dla aviation. Attachment text was included in the screen. Scope reads as hardware supply/manufacturing with no clear design, redesign, or engineering work (matched: nsn, supply-class PSC 4810), so it is tracked as a subcontract/competitive-intelligence lead rather than a prime fit.",None identified,Possible subcontract lead,No obvious vehicle restriction,Not Applicable,No special eligibility found in SAM.gov fields.,Prime feasible,Monitor as a direct pursuit unless attachments indicate otherwise.,None detected,https://sam.gov/workspace/contract/opp/4691e21138b643609f49d49aa939793b/view,"https://sam.gov/api/prod/opps/v3/opportunities/resources/files/65e2c1597cd648c8a1c13ccb9cf8a07b/download
{'rel': 'self', 'href': 'https://api.sam.gov/prod/opportunities/v2/search?noticeid=4691e21138b643609f49d49aa939793b&limit=1'}",423 Workflow,423scms.guea.workflow@us.af.mil,Primary NAICS 336413,Partial Refresh — Capacity Reached,High — attachment text read
Accepted,C,3,Sources Sought / RFI,Valve Assembly Envi_End_Item_KC-135_NSN_1660006265443_PN_104894,"DEPT OF DEFENSE.DEFENSE LOGISTICS AGENCY.DLA AVIATION.DLA AVIATION OKLAHOMA CITY.DLA AVIATION AT OKLAHOMA CITY, OK",,Sources Sought,380eba79d94b4f7c97c75f0b9793283d,FD20302700236,2026-08-31,5,336413,1660,No Set aside used,UNITED STATES,Not stated,,"Relevant Butler intelligence or subcontract lead, but prime feasibility is limited. Matched: dla aviation. Attachment text was included in the screen. Scope reads as hardware supply/manufacturing with no clear design, redesign, or engineering work (matched: nsn, supply-class PSC 1660), so it is tracked as a subcontract/competitive-intelligence lead rather than a prime fit.",None identified,Possible subcontract lead,No obvious vehicle restriction,Not Applicable,No special eligibility found in SAM.gov fields.,Prime feasible,Monitor as a direct pursuit unless attachments indicate otherwise.,None detected,https://sam.gov/workspace/contract/opp/380eba79d94b4f7c97c75f0b9793283d/view,"https://sam.gov/api/prod/opps/v3/opportunities/resources/files/7b15aec1e3624869aa342732f11e2a58/download
{'rel': 'self', 'href': 'https://api.sam.gov/prod/opportunities/v2/search?noticeid=380eba79d94b4f7c97c75f0b9793283d&limit=1'}",423 Workflow,423scms.guea.workflow@us.af.mil,Primary NAICS 336413,Partial Refresh — Capacity Reached,High — attachment text read
Accepted,C,3,Sources Sought / RFI,"VALVE,FUEL PRESSURI_End_Item_F100_NSN_2915012309488NZ_PN_4062056","DEPT OF DEFENSE.DEFENSE LOGISTICS AGENCY.DLA AVIATION.DLA AVIATION OKLAHOMA CITY.DLA AVIATION AT OKLAHOMA CITY, OK",,Sources Sought,35a6b3ab2e344eab94580fbe1a39c806,FD20302602520,2026-08-31,5,336413,2915,No Set aside used,UNITED STATES,Not stated,,"Relevant Butler intelligence or subcontract lead, but prime feasibility is limited. Matched: dla aviation. Attachment text was included in the screen. Scope reads as hardware supply/manufacturing with no clear design, redesign, or engineering work (matched: nsn, supply-class PSC 2915), so it is tracked as a subcontract/competitive-intelligence lead rather than a prime fit.",None identified,Possible subcontract lead,No obvious vehicle restriction,Not Applicable,No special eligibility found in SAM.gov fields.,Prime feasible,Monitor as a direct pursuit unless attachments indicate otherwise.,None detected,https://sam.gov/workspace/contract/opp/35a6b3ab2e344eab94580fbe1a39c806/view,"https://sam.gov/api/prod/opps/v3/opportunities/resources/files/ae25ed6548834ede8062e7c3f5462784/download
{'rel': 'self', 'href': 'https://api.sam.gov/prod/opportunities/v2/search?noticeid=35a6b3ab2e344eab94580fbe1a39c806&limit=1'}",421st SCMS,421scms.requirements.workflow@us.af.mil,Primary NAICS 336413,Partial Refresh — Capacity Reached,High — attachment text read
Accepted,C,3,Sources Sought / RFI,CIRCUIT CARD ASSEMB_End_Item_F-16_NSN_5998010711203QD_PN_484685,"DEPT OF DEFENSE.DEFENSE LOGISTICS AGENCY.DLA AVIATION.DLA AVIATION OKLAHOMA CITY.DLA AVIATION AT OKLAHOMA CITY, OK",,Sources Sought,30c99343f9c24c84835b727b190d67b9,FD20302602539,2026-08-31,5,336413,5998,No Set aside used,UNITED STATES,Not stated,,"Relevant Butler intelligence or subcontract lead, but prime feasibility is limited. Matched: dla aviation. Attachment text was included in the screen. Scope reads as hardware supply/manufacturing with no clear design, redesign, or engineering work (matched: nsn, supply-class PSC 5998), so it is tracked as a subcontract/competitive-intelligence lead rather than a prime fit.",None identified,Possible subcontract lead,No obvious vehicle restriction,Not Applicable,No special eligibility found in SAM.gov fields.,Prime feasible,Monitor as a direct pursuit unless attachments indicate otherwise.,None detected,https://sam.gov/workspace/contract/opp/30c99343f9c24c84835b727b190d67b9/view,"https://sam.gov/api/prod/opps/v3/opportunities/resources/files/5d5571f3f2d14996879cbfebe353d528/download
{'rel': 'self', 'href': 'https://api.sam.gov/prod/opportunities/v2/search?noticeid=30c99343f9c24c84835b727b190d67b9&limit=1'}",422 SCMS,422.scms.afmc.rfi@us.af.mil,Primary NAICS 336413,Partial Refresh — Capacity Reached,High — attachment text read
Accepted,C,3,RFP / Solicitation,16--SERVOCYLINDER,DEPT OF DEFENSE.DEFENSE LOGISTICS AGENCY.DLA AVIATION.DLA AV RICHMOND.DLA AVIATION,,Solicitation,e14cce07b61445388e811b8a084ec321,SPE4A726T687H,2026-08-31,5,336413,16,,,Not stated,,"Relevant Butler intelligence or subcontract lead, but prime feasibility is limited. Matched: dla aviation. Scope reads as hardware supply/manufacturing with no clear design, redesign, or engineering work (matched: supply-class PSC 16), so it is tracked as a subcontract/competitive-intelligence lead rather than a prime fit.",None identified,Possible subcontract lead,No obvious vehicle restriction,Not Applicable,No special eligibility found in SAM.gov fields.,Prime feasible,Monitor as a direct pursuit unless attachments indicate otherwise.,None detected,https://sam.gov/workspace/contract/opp/e14cce07b61445388e811b8a084ec321/view,"{'rel': 'self', 'href': 'https://api.sam.gov/prod/opportunities/v2/search?noticeid=e14cce07b61445388e811b8a084ec321&limit=1'}","Questions regarding this solicitation should be emailed to the buyer listed in block 5 of the solicitation document which can be found under the Additional Information link.
If the Additional Information link does not work, please go to https://www.dibbs.bsm.dla.mil/Solicitations/ and type the solicitation number in the Global Search box.
",DibbsBSM@dla.mil,Primary NAICS 336413,Partial Refresh — Capacity Reached,High
Accepted,C,3,RFP / Solicitation,"16--PARTS KIT,COOLING T",DEPT OF DEFENSE.DEFENSE LOGISTICS AGENCY.DLA AVIATION.DLA AV RICHMOND.DLA AVIATION,,Solicitation,df9d115cebba4aabb48ad113d0b02da4,SPE4A726T687F,2026-08-31,5,336413,16,,,Not stated,,"Relevant Butler intelligence or subcontract lead, but prime feasibility is limited. Matched: dla aviation. Scope reads as hardware supply/manufacturing with no clear design, redesign, or engineering work (matched: supply-class PSC 16), so it is tracked as a subcontract/competitive-intelligence lead rather than a prime fit.",None identified,Possible subcontract lead,No obvious vehicle restriction,Not Applicable,No special eligibility found in SAM.gov fields.,Prime feasible,Monitor as a direct pursuit unless attachments indicate otherwise.,None detected,https://sam.gov/workspace/contract/opp/df9d115cebba4aabb48ad113d0b02da4/view,"{'rel': 'self', 'href': 'https://api.sam.gov/prod/opportunities/v2/search?noticeid=df9d115cebba4aabb48ad113d0b02da4&limit=1'}","Questions regarding this solicitation should be emailed to the buyer listed in block 5 of the solicitation document which can be found under the Additional Information link.
If the Additional Information link does not work, please go to https://www.dibbs.bsm.dla.mil/Solicitations/ and type the solicitation number in the Global Search box.
",DibbsBSM@dla.mil,Primary NAICS 336413,Partial Refresh — Capacity Reached,High
Accepted,C,9,RFP / Solicitation,143MXG Aircraft Recovery Equipment,DEPT OF DEFENSE.DEPT OF THE ARMY.NATIONAL GUARD BUREAU.JFHQ USPFO RI.USPFO RI PROCUREMENT.W7NY USPFO ACTIVITY RIANG 143,,Solicitation,d64cf8f0ed154e9483a7d556ac359e80,W50S9426QSY17,2026-08-31,5,336413,1730,Small Business Set Aside - Total,"North Kingstown, Rhode Island, UNITED STATES",Not stated,,"Relevant Butler intelligence or subcontract lead, but prime feasibility is limited. Matched: aircraft, plm, army. Attachment text was included in the screen. Scope reads as hardware supply/manufacturing with no clear design, redesign, or engineering work (matched: supply-class PSC 1730), so it is tracked as a subcontract/competitive-intelligence lead rather than a prime fit.",Set-aside eligibility may limit prime feasibility,Check set-aside,No obvious vehicle restriction,Unknown — check Butler contract vehicles,Requires small-business set-aside eligibility.,Prime uncertain,Check whether Butler can qualify directly or should team with an eligible prime.,small business set aside,https://sam.gov/workspace/contract/opp/d64cf8f0ed154e9483a7d556ac359e80/view,"https://sam.gov/api/prod/opps/v3/opportunities/resources/files/741181f984b44e0e9ca128c983236e28/download
https://sam.gov/api/prod/opps/v3/opportunities/resources/files/f6c2471c48eb4bf3a3cf319d84b2c3db/download
{'rel': 'self', 'href': 'https://api.sam.gov/prod/opportunities/v2/search?noticeid=d64cf8f0ed154e9483a7d556ac359e80&limit=1'}",MSgt Sandra Yazidjian,sandra.e.yazidjian.mil@army.mil,Primary NAICS 336413,Partial Refresh — Capacity Reached,High — attachment text read
Accepted,C,3,RFP / Solicitation,"16--VALVE,SOLENOID,CART",DEPT OF DEFENSE.DEFENSE LOGISTICS AGENCY.DLA AVIATION.DLA AV RICHMOND.DLA AVIATION,,Solicitation,cd9839de2c3b4273a3f70826c33f1098,SPE4A726T687E,2026-08-31,5,336413,16,,,Not stated,,"Relevant Butler intelligence or subcontract lead, but prime feasibility is limited. Matched: dla aviation. Scope reads as hardware supply/manufacturing with no clear design, redesign, or engineering work (matched: supply-class PSC 16), so it is tracked as a subcontract/competitive-intelligence lead rather than a prime fit.",None identified,Possible subcontract lead,No obvious vehicle restriction,Not Applicable,No special eligibility found in SAM.gov fields.,Prime feasible,Monitor as a direct pursuit unless attachments indicate otherwise.,None detected,https://sam.gov/workspace/contract/opp/cd9839de2c3b4273a3f70826c33f1098/view,"{'rel': 'self', 'href': 'https://api.sam.gov/prod/opportunities/v2/search?noticeid=cd9839de2c3b4273a3f70826c33f1098&limit=1'}","Questions regarding this solicitation should be emailed to the buyer listed in block 5 of the solicitation document which can be found under the Additional Information link.
If the Additional Information link does not work, please go to https://www.dibbs.bsm.dla.mil/Solicitations/ and type the solicitation number in the Global Search box.
",DibbsBSM@dla.mil,Primary NAICS 336413,Partial Refresh — Capacity Reached,High
Accepted,C,-2,RFP / Solicitation,16--CHAMBER,DEPT OF DEFENSE.DEFENSE LOGISTICS AGENCY.DLA MARITIME.DLA MARITIME COLUMBUS.DLA LAND AND MARITIME,,Solicitation,569968b197154147ac70826ad7b5bd1f,SPE7M426T362A,2026-08-31,5,336413,16,,,Not stated,,"Relevant Butler intelligence or subcontract lead, but prime feasibility is limited. Scope reads as hardware supply/manufacturing with no clear design, redesign, or engineering work (matched: supply-class PSC 16), so it is tracked as a subcontract/competitive-intelligence lead rather than a prime fit.",None identified,Possible subcontract lead,No obvious vehicle restriction,Not Applicable,No special eligibility found in SAM.gov fields.,Prime feasible,Monitor as a direct pursuit unless attachments indicate otherwise.,None detected,https://sam.gov/workspace/contract/opp/569968b197154147ac70826ad7b5bd1f/view,"{'rel': 'self', 'href': 'https://api.sam.gov/prod/opportunities/v2/search?noticeid=569968b197154147ac70826ad7b5bd1f&limit=1'}","Questions regarding this solicitation should be emailed to the buyer listed in block 5 of the solicitation document which can be found under the Additional Information link.
If the Additional Information link does not work, please go to https://www.dibbs.bsm.dla.mil/Solicitations/ and type the solicitation number in the Global Search box.
",DibbsBSM@dla.mil,Primary NAICS 336413,Partial Refresh — Capacity Reached,High
Accepted,C,3,RFP / Solicitation,"16--NRP,PROC PWR CTRL P",DEPT OF DEFENSE.DEFENSE LOGISTICS AGENCY.DLA AVIATION.DLA AV RICHMOND.DLA AVIATION,,Solicitation,3033abb24c94425cbc954e29d6824eb7,SPE4A626T21NG,2026-08-31,5,336413,16,,,Not stated,,"Relevant Butler intelligence or subcontract lead, but prime feasibility is limited. Matched: dla aviation. Scope reads as hardware supply/manufacturing with no clear design, redesign, or engineering work (matched: supply-class PSC 16), so it is tracked as a subcontract/competitive-intelligence lead rather than a prime fit.",None identified,Possible subcontract lead,No obvious vehicle restriction,Not Applicable,No special eligibility found in SAM.gov fields.,Prime feasible,Monitor as a direct pursuit unless attachments indicate otherwise.,None detected,https://sam.gov/workspace/contract/opp/3033abb24c94425cbc954e29d6824eb7/view,"{'rel': 'self', 'href': 'https://api.sam.gov/prod/opportunities/v2/search?noticeid=3033abb24c94425cbc954e29d6824eb7&limit=1'}","Questions regarding this solicitation should be emailed to the buyer listed in block 5 of the solicitation document which can be found under the Additional Information link.
If the Additional Information link does not work, please go to https://www.dibbs.bsm.dla.mil/Solicitations/ and type the solicitation number in the Global Search box.
",DibbsBSM@dla.mil,Primary NAICS 336413,Partial Refresh — Capacity Reached,High
Accepted,C,0,RFP / Solicitation,"15--SHROUD,SERVICE DOOR",DEPT OF DEFENSE.DEFENSE LOGISTICS AGENCY.DLA AVIATION.DLA AV RICHMOND.DLA AVIATION,,Solicitation,27bd7e1ce4454efb9ca2848a8baf8707,SPE4A726T686W,2026-08-31,5,336413,15,Small Business Set Aside - Total,,Not stated,,"Relevant Butler intelligence or subcontract lead, but prime feasibility is limited. Matched: dla aviation. Scope reads as hardware supply/manufacturing with no clear design, redesign, or engineering work (matched: supply-class PSC 15), so it is tracked as a subcontract/competitive-intelligence lead rather than a prime fit.",Set-aside eligibility may limit prime feasibility,Check set-aside,No obvious vehicle restriction,Unknown — check Butler contract vehicles,Requires small-business set-aside eligibility.,Prime uncertain,Check whether Butler can qualify directly or should team with an eligible prime.,small business set aside,https://sam.gov/workspace/contract/opp/27bd7e1ce4454efb9ca2848a8baf8707/view,"{'rel': 'self', 'href': 'https://api.sam.gov/prod/opportunities/v2/search?noticeid=27bd7e1ce4454efb9ca2848a8baf8707&limit=1'}","Questions regarding this solicitation should be emailed to the buyer listed in block 5 of the solicitation document which can be found under the Additional Information link.
If the Additional Information link does not work, please go to https://www.dibbs.bsm.dla.mil/Solicitations/ and type the solicitation number in the Global Search box.
",DibbsBSM@dla.mil,Primary NAICS 336413,Partial Refresh — Capacity Reached,High
Accepted,C,3,RFP / Solicitation,"40--WIRE ROPE ASSEMBLY,SIN",DEPT OF DEFENSE.DEFENSE LOGISTICS AGENCY.DLA AVIATION.DLA AV RICHMOND.DLA AVIATION,,Solicitation,12d32fd4c9b741149c979bdcb9bd5814,SPE4A526T383E,2026-08-31,5,336413,40,,,Not stated,,"Relevant Butler intelligence or subcontract lead, but prime feasibility is limited. Matched: dla aviation. Scope reads as hardware supply/manufacturing with no clear design, redesign, or engineering work (matched: supply-class PSC 40), so it is tracked as a subcontract/competitive-intelligence lead rather than a prime fit.",None identified,Possible subcontract lead,No obvious vehicle restriction,Not Applicable,No special eligibility found in SAM.gov fields.,Prime feasible,Monitor as a direct pursuit unless attachments indicate otherwise.,None detected,https://sam.gov/workspace/contract/opp/12d32fd4c9b741149c979bdcb9bd5814/view,"{'rel': 'self', 'href': 'https://api.sam.gov/prod/opportunities/v2/search?noticeid=12d32fd4c9b741149c979bdcb9bd5814&limit=1'}","Questions regarding this solicitation should be emailed to the buyer listed in block 5 of the solicitation document which can be found under the Additional Information link.
If the Additional Information link does not work, please go to https://www.dibbs.bsm.dla.mil/Solicitations/ and type the solicitation number in the Global Search box.
",DibbsBSM@dla.mil,Primary NAICS 336413,Partial Refresh — Capacity Reached,High
Accepted,C,-5,RFP / Solicitation,59--TAIL SENSOR,DEPT OF DEFENSE.DEFENSE LOGISTICS AGENCY.DLA MARITIME.DLA MARITIME COLUMBUS.DLA LAND AND MARITIME,,Solicitation,d032e7f6af9d4a2e8f11c50eae9d95da,SPE7M526T432P,2026-08-31,5,336413,59,Small Business Set Aside - Total,,Not stated,,"Relevant Butler intelligence or subcontract lead, but prime feasibility is limited. Scope reads as hardware supply/manufacturing with no clear design, redesign, or engineering work (matched: supply-class PSC 59), so it is tracked as a subcontract/competitive-intelligence lead rather than a prime fit.",Set-aside eligibility may limit prime feasibility,Check set-aside,No obvious vehicle restriction,Unknown — check Butler contract vehicles,Requires small-business set-aside eligibility.,Prime uncertain,Check whether Butler can qualify directly or should team with an eligible prime.,small business set aside,https://sam.gov/workspace/contract/opp/d032e7f6af9d4a2e8f11c50eae9d95da/view,"{'rel': 'self', 'href': 'https://api.sam.gov/prod/opportunities/v2/search?noticeid=d032e7f6af9d4a2e8f11c50eae9d95da&limit=1'}","Questions regarding this solicitation should be emailed to the buyer listed in block 5 of the solicitation document which can be found under the Additional Information link.
If the Additional Information link does not work, please go to https://www.dibbs.bsm.dla.mil/Solicitations/ and type the solicitation number in the Global Search box.
",DibbsBSM@dla.mil,Primary NAICS 336413,Partial Refresh — Capacity Reached,High
Accepted,C,-5,RFP / Solicitation,"59--SWITCH,HANDLE FIRE CON",DEPT OF DEFENSE.DEFENSE LOGISTICS AGENCY.DLA MARITIME.DLA MARITIME COLUMBUS.DLA LAND AND MARITIME,,Solicitation,4e36948acd6841749983c1f3295e4474,SPE7M826T6173,2026-08-31,5,336413,59,Small Business Set Aside - Total,,Not stated,,"Relevant Butler intelligence or subcontract lead, but prime feasibility is limited. Scope reads as hardware supply/manufacturing with no clear design, redesign, or engineering work (matched: supply-class PSC 59), so it is tracked as a subcontract/competitive-intelligence lead rather than a prime fit.",Set-aside eligibility may limit prime feasibility,Check set-aside,No obvious vehicle restriction,Unknown — check Butler contract vehicles,Requires small-business set-aside eligibility.,Prime uncertain,Check whether Butler can qualify directly or should team with an eligible prime.,small business set aside,https://sam.gov/workspace/contract/opp/4e36948acd6841749983c1f3295e4474/view,"{'rel': 'self', 'href': 'https://api.sam.gov/prod/opportunities/v2/search?noticeid=4e36948acd6841749983c1f3295e4474&limit=1'}","Questions regarding this solicitation should be emailed to the buyer listed in block 5 of the solicitation document which can be found under the Additional Information link.
If the Additional Information link does not work, please go to https://www.dibbs.bsm.dla.mil/Solicitations/ and type the solicitation number in the Global Search box.
",DibbsBSM@dla.mil,Primary NAICS 336413,Partial Refresh — Capacity Reached,High
Accepted,C,-5,RFP / Solicitation,"17--FITTING,EXTERNAL JA",DEPT OF DEFENSE.DEFENSE LOGISTICS AGENCY.TROOP SUPPORT CONSTRUCTION & EQUIPMENT.DLA TROOP SUPPORT,,Solicitation,431ea786275b41cfb66626657a1fd33c,SPE8EF26T1672,2026-08-31,5,336413,17,Small Business Set Aside - Total,,Not stated,,"Relevant Butler intelligence or subcontract lead, but prime feasibility is limited. Scope reads as hardware supply/manufacturing with no clear design, redesign, or engineering work (matched: supply-class PSC 17), so it is tracked as a subcontract/competitive-intelligence lead rather than a prime fit.",Set-aside eligibility may limit prime feasibility,Check set-aside,No obvious vehicle restriction,Unknown — check Butler contract vehicles,Requires small-business set-aside eligibility.,Prime uncertain,Check whether Butler can qualify directly or should team with an eligible prime.,small business set aside,https://sam.gov/workspace/contract/opp/431ea786275b41cfb66626657a1fd33c/view,"{'rel': 'self', 'href': 'https://api.sam.gov/prod/opportunities/v2/search?noticeid=431ea786275b41cfb66626657a1fd33c&limit=1'}","Questions regarding this solicitation should be emailed to the buyer listed in block 5 of the solicitation document which can be found under the Additional Information link.
If the Additional Information link does not work, please go to https://www.dibbs.bsm.dla.mil/Solicitations/ and type the solicitation number in the Global Search box.
",DibbsBSM@dla.mil,Primary NAICS 336413,Partial Refresh — Capacity Reached,High
Accepted,C,-2,RFP / Solicitation,"43--FILTER,FLUID",DEPT OF DEFENSE.DEFENSE LOGISTICS AGENCY.DLA MARITIME.DLA MARITIME COLUMBUS.DLA LAND AND MARITIME,,Solicitation,19e6a0b2609c4d40ba2c760d57485b70,SPE7M126T301Y,2026-08-31,5,336413,43,,,Not stated,,"Relevant Butler intelligence or subcontract lead, but prime feasibility is limited. Scope reads as hardware supply/manufacturing with no clear design, redesign, or engineering work (matched: supply-class PSC 43), so it is tracked as a subcontract/competitive-intelligence lead rather than a prime fit.",None identified,Possible subcontract lead,No obvious vehicle restriction,Not Applicable,No special eligibility found in SAM.gov fields.,Prime feasible,Monitor as a direct pursuit unless attachments indicate otherwise.,None detected,https://sam.gov/workspace/contract/opp/19e6a0b2609c4d40ba2c760d57485b70/view,"{'rel': 'self', 'href': 'https://api.sam.gov/prod/opportunities/v2/search?noticeid=19e6a0b2609c4d40ba2c760d57485b70&limit=1'}","Questions regarding this solicitation should be emailed to the buyer listed in block 5 of the solicitation document which can be found under the Additional Information link.
If the Additional Information link does not work, please go to https://www.dibbs.bsm.dla.mil/Solicitations/ and type the solicitation number in the Global Search box.
",DibbsBSM@dla.mil,Primary NAICS 336413,Partial Refresh — Capacity Reached,High
Accepted,C,-5,RFP / Solicitation,"17--CHOCK,WHEEL-TRACK",DEPT OF DEFENSE.DEFENSE LOGISTICS AGENCY.TROOP SUPPORT CONSTRUCTION & EQUIPMENT.DLA TROOP SUPPORT,,Solicitation,172c3aee76fe45988993026123686821,SPE8EF26T1671,2026-08-31,5,336413,17,Service-Disabled Veteran-Owned Small Business (SDVOSB) Set-Aside (FAR 19.14),,Not stated,,"Relevant Butler intelligence or subcontract lead, but prime feasibility is limited. Scope reads as hardware supply/manufacturing with no clear design, redesign, or engineering work (matched: supply-class PSC 17), so it is tracked as a subcontract/competitive-intelligence lead rather than a prime fit.",Set-aside eligibility may limit prime feasibility,Check set-aside,No obvious vehicle restriction,Unknown — check Butler contract vehicles,Requires small-business set-aside eligibility.,Prime uncertain,Check whether Butler can qualify directly or should team with an eligible prime.,sdvosb; veteran-owned,https://sam.gov/workspace/contract/opp/172c3aee76fe45988993026123686821/view,"{'rel': 'self', 'href': 'https://api.sam.gov/prod/opportunities/v2/search?noticeid=172c3aee76fe45988993026123686821&limit=1'}","Questions regarding this solicitation should be emailed to the buyer listed in block 5 of the solicitation document which can be found under the Additional Information link.
If the Additional Information link does not work, please go to https://www.dibbs.bsm.dla.mil/Solicitations/ and type the solicitation number in the Global Search box.
",DibbsBSM@dla.mil,Primary NAICS 336413,Partial Refresh — Capacity Reached,High
Accepted,C,-5,RFP / Solicitation,Procurement of SAS Actuator Assy,"HOMELAND SECURITY, DEPARTMENT OF.US COAST GUARD.AVIATION LOGISTICS CENTER (ALC)(00038)",,Solicitation,6362014b8daf4789a8a93816c801fed7,70Z03826QJ0000289,2026-08-31,5,336413,1560,Small Business Set Aside - Total,,Not stated,,"Relevant Butler intelligence or subcontract lead, but prime feasibility is limited. Attachment text was included in the screen. Scope reads as hardware supply/manufacturing with no clear design, redesign, or engineering work (matched: procurement of, supply-class PSC 1560), so it is tracked as a subcontract/competitive-intelligence lead rather than a prime fit.",Set-aside eligibility may limit prime feasibility,Check set-aside,No obvious vehicle restriction,Unknown — check Butler contract vehicles,Requires small-business set-aside eligibility.,Prime uncertain,Check whether Butler can qualify directly or should team with an eligible prime.,small business set aside,https://sam.gov/workspace/contract/opp/6362014b8daf4789a8a93816c801fed7/view,"https://sam.gov/api/prod/opps/v3/opportunities/resources/files/5aa60e12a12148e7a99790bcaa1e0235/download
{'rel': 'self', 'href': 'https://api.sam.gov/prod/opportunities/v2/search?noticeid=6362014b8daf4789a8a93816c801fed7&limit=1'}",Austin Ivins,Austin.R.Ivins@uscg.mil,Primary NAICS 336413,Partial Refresh — Capacity Reached,High — attachment text read
Accepted,C,8,RFP / Solicitation,"TANK,FUEL,AIRCRAFT","DEPT OF DEFENSE.DEFENSE LOGISTICS AGENCY.DLA AVIATION.DLA AVIATION PHILADELPHIA.DLA AVIATION AT PHILADELPHIA, PA",,Solicitation,bd395aa7f22d48cc948fc4dbd46f55a2,SPRPA126QWB63,2026-08-31,5,336413,1560,,,Not stated,,"Relevant Butler intelligence or subcontract lead, but prime feasibility is limited. Matched: aircraft, dla aviation. Scope reads as hardware supply/manufacturing with no clear design, redesign, or engineering work (matched: supply-class PSC 1560), so it is tracked as a subcontract/competitive-intelligence lead rather than a prime fit.",None identified,Possible subcontract lead,No obvious vehicle restriction,Not Applicable,No special eligibility found in SAM.gov fields.,Prime feasible,Monitor as a direct pursuit unless attachments indicate otherwise.,None detected,https://sam.gov/workspace/contract/opp/bd395aa7f22d48cc948fc4dbd46f55a2/view,"{'rel': 'self', 'href': 'https://api.sam.gov/prod/opportunities/v2/search?noticeid=bd395aa7f22d48cc948fc4dbd46f55a2&limit=1'}",Telephone: 2157370865,NASEEM.AOUN@DLA.MIL,Primary NAICS 336413,Partial Refresh — Capacity Reached,High
Accepted,C,-5,RFP / Solicitation,"61--CONTACTOR,MAGNETIC",DEPT OF DEFENSE.DEFENSE LOGISTICS AGENCY.DLA MARITIME.DLA MARITIME COLUMBUS.DLA LAND AND MARITIME,,Solicitation,b888457641bf4ae4aee0e9eda4c9289b,SPE7M126T294E,2026-08-31,5,336413,61,Small Business Set Aside - Total,,Not stated,,"Relevant Butler intelligence or subcontract lead, but prime feasibility is limited. Scope reads as hardware supply/manufacturing with no clear design, redesign, or engineering work (matched: supply-class PSC 61), so it is tracked as a subcontract/competitive-intelligence lead rather than a prime fit.",Set-aside eligibility may limit prime feasibility,Check set-aside,No obvious vehicle restriction,Unknown — check Butler contract vehicles,Requires small-business set-aside eligibility.,Prime uncertain,Check whether Butler can qualify directly or should team with an eligible prime.,small business set aside,https://sam.gov/workspace/contract/opp/b888457641bf4ae4aee0e9eda4c9289b/view,"{'rel': 'self', 'href': 'https://api.sam.gov/prod/opportunities/v2/search?noticeid=b888457641bf4ae4aee0e9eda4c9289b&limit=1'}","Questions regarding this solicitation should be emailed to the buyer listed in block 5 of the solicitation document which can be found under the Additional Information link.
If the Additional Information link does not work, please go to https://www.dibbs.bsm.dla.mil/Solicitations/ and type the solicitation number in the Global Search box.
",DibbsBSM@dla.mil,Primary NAICS 336413,Partial Refresh — Capacity Reached,High
Accepted,C,-2,RFP / Solicitation,"30--HOUSING,MECHANICAL",DEPT OF DEFENSE.DEFENSE LOGISTICS AGENCY.DLA LAND.DLA LAND COLUMBUS.DLA LAND AND MARITIME,,Solicitation,96803bfd0d3b46afa3575f05e2f96944,SPE7L126T00J0,2026-08-31,5,336413,30,,,Not stated,,"Relevant Butler intelligence or subcontract lead, but prime feasibility is limited. Scope reads as hardware supply/manufacturing with no clear design, redesign, or engineering work (matched: supply-class PSC 30), so it is tracked as a subcontract/competitive-intelligence lead rather than a prime fit.",None identified,Possible subcontract lead,No obvious vehicle restriction,Not Applicable,No special eligibility found in SAM.gov fields.,Prime feasible,Monitor as a direct pursuit unless attachments indicate otherwise.,None detected,https://sam.gov/workspace/contract/opp/96803bfd0d3b46afa3575f05e2f96944/view,"{'rel': 'self', 'href': 'https://api.sam.gov/prod/opportunities/v2/search?noticeid=96803bfd0d3b46afa3575f05e2f96944&limit=1'}","Questions regarding this solicitation should be emailed to the buyer listed in block 5 of the solicitation document which can be found under the Additional Information link.
If the Additional Information link does not work, please go to https://www.dibbs.bsm.dla.mil/Solicitations/ and type the solicitation number in the Global Search box.
",DibbsBSM@dla.mil,Primary NAICS 336413,Partial Refresh — Capacity Reached,High
Accepted,C,-5,RFP / Solicitation,"10--CAP,FILTER,HOOK RELEAS",DEPT OF DEFENSE.DEFENSE LOGISTICS AGENCY.DLA LAND.DLA LAND COLUMBUS.DLA LAND AND MARITIME,,Solicitation,8f41fd28230c4327b54ccd6fea956399,SPE7L126T00G4,2026-08-31,5,336413,10,Small Business Set Aside - Total,,Not stated,,"Relevant Butler intelligence or subcontract lead, but prime feasibility is limited. Scope reads as hardware supply/manufacturing with no clear design, redesign, or engineering work (matched: supply-class PSC 10), so it is tracked as a subcontract/competitive-intelligence lead rather than a prime fit.",Set-aside eligibility may limit prime feasibility,Check set-aside,No obvious vehicle restriction,Unknown — check Butler contract vehicles,Requires small-business set-aside eligibility.,Prime uncertain,Check whether Butler can qualify directly or should team with an eligible prime.,small business set aside,https://sam.gov/workspace/contract/opp/8f41fd28230c4327b54ccd6fea956399/view,"{'rel': 'self', 'href': 'https://api.sam.gov/prod/opportunities/v2/search?noticeid=8f41fd28230c4327b54ccd6fea956399&limit=1'}","Questions regarding this solicitation should be emailed to the buyer listed in block 5 of the solicitation document which can be found under the Additional Information link.
If the Additional Information link does not work, please go to https://www.dibbs.bsm.dla.mil/Solicitations/ and type the solicitation number in the Global Search box.
",DibbsBSM@dla.mil,Primary NAICS 336413,Partial Refresh — Capacity Reached,High
Accepted,B,8,RFP / Solicitation,GV Avionics and Display Upgrade,NATIONAL AERONAUTICS AND SPACE ADMINISTRATION.NATIONAL AERONAUTICS AND SPACE ADMINISTRATION.NASA ARMSTRONG FLIGHT RESEARCH CNTR,,Solicitation,75d5f4a9521445b69fb88e3c024ac7ad,80AFRC26Q0009,2026-08-31,5,336413,K016,,"Edwards, California, UNITED STATES",Not stated,,"Possible Butler fit through broader defense engineering, logistics, testing, or program support. Matched: avionics, nasa. Attachment text was included in the screen.",None identified,Add to tracker,No obvious vehicle restriction,Not Applicable,No special eligibility found in SAM.gov fields.,Prime feasible,Monitor as a direct pursuit unless attachments indicate otherwise.,None detected,https://sam.gov/workspace/contract/opp/75d5f4a9521445b69fb88e3c024ac7ad/view,"https://sam.gov/api/prod/opps/v3/opportunities/resources/files/01e7b15f87ac40b9b3acc691dc5be254/download
https://sam.gov/api/prod/opps/v3/opportunities/resources/files/1484c94be6c944608b646f6b11177e87/download
https://sam.gov/api/prod/opps/v3/opportunities/resources/files/1cf6f03121ed4449a5f84087b46d16fe/download
https://sam.gov/api/prod/opps/v3/opportunities/resources/files/8a881314c2b94ecc9cb7b845492a08f1/download
https://sam.gov/api/prod/opps/v3/opportunities/resources/files/8d715b15d8de47b8af8c89643eb1695b/download
{'rel': 'self', 'href': 'https://api.sam.gov/prod/opportunities/v2/search?noticeid=75d5f4a9521445b69fb88e3c024ac7ad&limit=1'}",Jenny Staggs,jenny.y.staggs@nasa.gov,Primary NAICS 336413,Partial Refresh — Capacity Reached,High — attachment text read
Accepted,C,3,RFP / Solicitation,"HEAT EXCHANGER,AIR","DEPT OF DEFENSE.DEFENSE LOGISTICS AGENCY.DLA AVIATION.DLA AVIATION PHILADELPHIA.DLA AVIATION AT PHILADELPHIA, PA",,Solicitation,401964775fed4760862d960f8530ce1b,SPRPA126QWB60,2026-08-31,5,336413,1660,,,Not stated,,"Relevant Butler intelligence or subcontract lead, but prime feasibility is limited. Matched: dla aviation. Scope reads as hardware supply/manufacturing with no clear design, redesign, or engineering work (matched: supply-class PSC 1660), so it is tracked as a subcontract/competitive-intelligence lead rather than a prime fit.",None identified,Possible subcontract lead,No obvious vehicle restriction,Not Applicable,No special eligibility found in SAM.gov fields.,Prime feasible,Monitor as a direct pursuit unless attachments indicate otherwise.,None detected,https://sam.gov/workspace/contract/opp/401964775fed4760862d960f8530ce1b/view,"{'rel': 'self', 'href': 'https://api.sam.gov/prod/opportunities/v2/search?noticeid=401964775fed4760862d960f8530ce1b&limit=1'}",Telephone: 2157370865,NASEEM.AOUN@DLA.MIL,Primary NAICS 336413,Partial Refresh — Capacity Reached,High
Accepted,C,8,RFP / Solicitation,"TANK,FUEL,AIRCRAFT","DEPT OF DEFENSE.DEFENSE LOGISTICS AGENCY.DLA AVIATION.DLA AVIATION PHILADELPHIA.DLA AVIATION AT PHILADELPHIA, PA",,Solicitation,efefa529a6ff463e9285ba603ed29ff7,SPRPA126QWB76,2026-08-31,5,336413,1560,,,Not stated,,"Relevant Butler intelligence or subcontract lead, but prime feasibility is limited. Matched: aircraft, dla aviation. Scope reads as hardware supply/manufacturing with no clear design, redesign, or engineering work (matched: supply-class PSC 1560), so it is tracked as a subcontract/competitive-intelligence lead rather than a prime fit.",None identified,Possible subcontract lead,No obvious vehicle restriction,Not Applicable,No special eligibility found in SAM.gov fields.,Prime feasible,Monitor as a direct pursuit unless attachments indicate otherwise.,None detected,https://sam.gov/workspace/contract/opp/efefa529a6ff463e9285ba603ed29ff7/view,"{'rel': 'self', 'href': 'https://api.sam.gov/prod/opportunities/v2/search?noticeid=efefa529a6ff463e9285ba603ed29ff7&limit=1'}",Telephone: 2157370865,NASEEM.AOUN@DLA.MIL,Primary NAICS 336413,Partial Refresh — Capacity Reached,High
Accepted,C,-5,RFP / Solicitation,"62--LIGHT,DOME",DEPT OF DEFENSE.DEFENSE LOGISTICS AGENCY.TROOP SUPPORT CONSTRUCTION & EQUIPMENT.DLA TROOP SUPPORT,,Solicitation,eddadcf555bc44fe932a79f23c894e1f,SPE8E726T3648,2026-08-31,5,336413,62,Small Business Set Aside - Total,,Not stated,,"Relevant Butler intelligence or subcontract lead, but prime feasibility is limited. Scope reads as hardware supply/manufacturing with no clear design, redesign, or engineering work (matched: supply-class PSC 62), so it is tracked as a subcontract/competitive-intelligence lead rather than a prime fit.",Set-aside eligibility may limit prime feasibility,Check set-aside,No obvious vehicle restriction,Unknown — check Butler contract vehicles,Requires small-business set-aside eligibility.,Prime uncertain,Check whether Butler can qualify directly or should team with an eligible prime.,small business set aside,https://sam.gov/workspace/contract/opp/eddadcf555bc44fe932a79f23c894e1f/view,"{'rel': 'self', 'href': 'https://api.sam.gov/prod/opportunities/v2/search?noticeid=eddadcf555bc44fe932a79f23c894e1f&limit=1'}","Questions regarding this solicitation should be emailed to the buyer listed in block 5 of the solicitation document which can be found under the Additional Information link.
If the Additional Information link does not work, please go to https://www.dibbs.bsm.dla.mil/Solicitations/ and type the solicitation number in the Global Search box.
",DibbsBSM@dla.mil,Primary NAICS 336413,Partial Refresh — Capacity Reached,High
Accepted,C,-2,RFP / Solicitation,17--END ASSEMBLY,DEPT OF DEFENSE.DEFENSE LOGISTICS AGENCY.TROOP SUPPORT CONSTRUCTION & EQUIPMENT.DLA TROOP SUPPORT,,Solicitation,eda8d46192a445f89309ab16ff434c9c,SPE8E926T3507,2026-08-31,5,336413,17,,,Not stated,,"Relevant Butler intelligence or subcontract lead, but prime feasibility is limited. Scope reads as hardware supply/manufacturing with no clear design, redesign, or engineering work (matched: supply-class PSC 17), so it is tracked as a subcontract/competitive-intelligence lead rather than a prime fit.",None identified,Possible subcontract lead,No obvious vehicle restriction,Not Applicable,No special eligibility found in SAM.gov fields.,Prime feasible,Monitor as a direct pursuit unless attachments indicate otherwise.,None detected,https://sam.gov/workspace/contract/opp/eda8d46192a445f89309ab16ff434c9c/view,"{'rel': 'self', 'href': 'https://api.sam.gov/prod/opportunities/v2/search?noticeid=eda8d46192a445f89309ab16ff434c9c&limit=1'}","Questions regarding this solicitation should be emailed to the buyer listed in block 5 of the solicitation document which can be found under the Additional Information link.
If the Additional Information link does not work, please go to https://www.dibbs.bsm.dla.mil/Solicitations/ and type the solicitation number in the Global Search box.
",DibbsBSM@dla.mil,Primary NAICS 336413,Partial Refresh — Capacity Reached,High
Accepted,C,2,RFP / Solicitation,"17--TIE DOWN,AIRCRAFT M",DEPT OF DEFENSE.DEFENSE LOGISTICS AGENCY.TROOP SUPPORT CONSTRUCTION & EQUIPMENT.DLA TROOP SUPPORT,,Solicitation,e574e75a7db449068971e5a6e99ef284,SPE8EF26T1664,2026-08-31,5,336413,17,SBA Certified Women-Owned Small Business (WOSB) Program Set-Aside (FAR 19.15),,Not stated,,"Relevant Butler intelligence or subcontract lead, but prime feasibility is limited. Matched: aircraft. Scope reads as hardware supply/manufacturing with no clear design, redesign, or engineering work (matched: supply-class PSC 17), so it is tracked as a subcontract/competitive-intelligence lead rather than a prime fit.",Set-aside eligibility may limit prime feasibility,Check set-aside,No obvious vehicle restriction,Unknown — check Butler contract vehicles,Requires small-business set-aside eligibility.,Prime uncertain,Check whether Butler can qualify directly or should team with an eligible prime.,wosb,https://sam.gov/workspace/contract/opp/e574e75a7db449068971e5a6e99ef284/view,"{'rel': 'self', 'href': 'https://api.sam.gov/prod/opportunities/v2/search?noticeid=e574e75a7db449068971e5a6e99ef284&limit=1'}","Questions regarding this solicitation should be emailed to the buyer listed in block 5 of the solicitation document which can be found under the Additional Information link.
If the Additional Information link does not work, please go to https://www.dibbs.bsm.dla.mil/Solicitations/ and type the solicitation number in the Global Search box.
",DibbsBSM@dla.mil,Primary NAICS 336413,Partial Refresh — Capacity Reached,High
Accepted,C,8,RFP / Solicitation,"FUEL CELL,AIRCRAFT","DEPT OF DEFENSE.DEFENSE LOGISTICS AGENCY.DLA AVIATION.DLA AVIATION PHILADELPHIA.DLA AVIATION AT PHILADELPHIA, PA",,Solicitation,bb5b5b7a86114a8bb10bda3151d7ca1f,SPRPA126QWB79,2026-08-31,5,336413,1680,,,Not stated,,"Relevant Butler intelligence or subcontract lead, but prime feasibility is limited. Matched: aircraft, dla aviation. Scope reads as hardware supply/manufacturing with no clear design, redesign, or engineering work (matched: supply-class PSC 1680), so it is tracked as a subcontract/competitive-intelligence lead rather than a prime fit.",None identified,Possible subcontract lead,No obvious vehicle restriction,Not Applicable,No special eligibility found in SAM.gov fields.,Prime feasible,Monitor as a direct pursuit unless attachments indicate otherwise.,None detected,https://sam.gov/workspace/contract/opp/bb5b5b7a86114a8bb10bda3151d7ca1f/view,"{'rel': 'self', 'href': 'https://api.sam.gov/prod/opportunities/v2/search?noticeid=bb5b5b7a86114a8bb10bda3151d7ca1f&limit=1'}",Telephone: 2157370865,NASEEM.AOUN@DLA.MIL,Primary NAICS 336413,Partial Refresh — Capacity Reached,High
Accepted,C,2,RFP / Solicitation,"17--TOWBAR,AIRCRAFT",DEPT OF DEFENSE.DEFENSE LOGISTICS AGENCY.TROOP SUPPORT CONSTRUCTION & EQUIPMENT.DLA TROOP SUPPORT,,Solicitation,b778b874ef4e4c6594a86984bd25e61a,SPE8EF26T1653,2026-08-31,5,336413,17,Small Business Set Aside - Total,,Not stated,,"Relevant Butler intelligence or subcontract lead, but prime feasibility is limited. Matched: aircraft. Scope reads as hardware supply/manufacturing with no clear design, redesign, or engineering work (matched: supply-class PSC 17), so it is tracked as a subcontract/competitive-intelligence lead rather than a prime fit.",Set-aside eligibility may limit prime feasibility,Check set-aside,No obvious vehicle restriction,Unknown — check Butler contract vehicles,Requires small-business set-aside eligibility.,Prime uncertain,Check whether Butler can qualify directly or should team with an eligible prime.,small business set aside,https://sam.gov/workspace/contract/opp/b778b874ef4e4c6594a86984bd25e61a/view,"{'rel': 'self', 'href': 'https://api.sam.gov/prod/opportunities/v2/search?noticeid=b778b874ef4e4c6594a86984bd25e61a&limit=1'}","Questions regarding this solicitation should be emailed to the buyer listed in block 5 of the solicitation document which can be found under the Additional Information link.
If the Additional Information link does not work, please go to https://www.dibbs.bsm.dla.mil/Solicitations/ and type the solicitation number in the Global Search box.
",DibbsBSM@dla.mil,Primary NAICS 336413,Partial Refresh — Capacity Reached,High
Accepted,C,2,RFP / Solicitation,"17--LADDER,AIRCRAFT MAINTE",DEPT OF DEFENSE.DEFENSE LOGISTICS AGENCY.TROOP SUPPORT CONSTRUCTION & EQUIPMENT.DLA TROOP SUPPORT,,Solicitation,b7628c70be8d4ba5abff229996aed08c,SPE8EF26T1667,2026-08-31,5,336413,17,Service-Disabled Veteran-Owned Small Business (SDVOSB) Set-Aside (FAR 19.14),,Not stated,,"Relevant Butler intelligence or subcontract lead, but prime feasibility is limited. Matched: aircraft. Scope reads as hardware supply/manufacturing with no clear design, redesign, or engineering work (matched: supply-class PSC 17), so it is tracked as a subcontract/competitive-intelligence lead rather than a prime fit.",Set-aside eligibility may limit prime feasibility,Check set-aside,No obvious vehicle restriction,Unknown — check Butler contract vehicles,Requires small-business set-aside eligibility.,Prime uncertain,Check whether Butler can qualify directly or should team with an eligible prime.,sdvosb; veteran-owned,https://sam.gov/workspace/contract/opp/b7628c70be8d4ba5abff229996aed08c/view,"{'rel': 'self', 'href': 'https://api.sam.gov/prod/opportunities/v2/search?noticeid=b7628c70be8d4ba5abff229996aed08c&limit=1'}","Questions regarding this solicitation should be emailed to the buyer listed in block 5 of the solicitation document which can be found under the Additional Information link.
If the Additional Information link does not work, please go to https://www.dibbs.bsm.dla.mil/Solicitations/ and type the solicitation number in the Global Search box.
",DibbsBSM@dla.mil,Primary NAICS 336413,Partial Refresh — Capacity Reached,High
Accepted,C,8,RFP / Solicitation,"FUEL CELL,AIRCRAFT,","DEPT OF DEFENSE.DEFENSE LOGISTICS AGENCY.DLA AVIATION.DLA AVIATION PHILADELPHIA.DLA AVIATION AT PHILADELPHIA, PA",,Solicitation,900e22b9ca454a0b874d53f1ec8f612a,SPRPA126QWB78,2026-08-31,5,336413,1680,,,Not stated,,"Relevant Butler intelligence or subcontract lead, but prime feasibility is limited. Matched: aircraft, dla aviation. Scope reads as hardware supply/manufacturing with no clear design, redesign, or engineering work (matched: supply-class PSC 1680), so it is tracked as a subcontract/competitive-intelligence lead rather than a prime fit.",None identified,Possible subcontract lead,No obvious vehicle restriction,Not Applicable,No special eligibility found in SAM.gov fields.,Prime feasible,Monitor as a direct pursuit unless attachments indicate otherwise.,None detected,https://sam.gov/workspace/contract/opp/900e22b9ca454a0b874d53f1ec8f612a/view,"{'rel': 'self', 'href': 'https://api.sam.gov/prod/opportunities/v2/search?noticeid=900e22b9ca454a0b874d53f1ec8f612a&limit=1'}",Telephone: 2157370865,NASEEM.AOUN@DLA.MIL,Primary NAICS 336413,Partial Refresh — Capacity Reached,High
Accepted,C,-5,RFP / Solicitation,"17--PUMP ASSEMBLY,CYLIN",DEPT OF DEFENSE.DEFENSE LOGISTICS AGENCY.TROOP SUPPORT CONSTRUCTION & EQUIPMENT.DLA TROOP SUPPORT,,Solicitation,86ce7d342028479a9a1b198f87d17717,SPE8EF26T1665,2026-08-31,5,336413,17,Service-Disabled Veteran-Owned Small Business (SDVOSB) Set-Aside (FAR 19.14),,Not stated,,"Relevant Butler intelligence or subcontract lead, but prime feasibility is limited. Scope reads as hardware supply/manufacturing with no clear design, redesign, or engineering work (matched: supply-class PSC 17), so it is tracked as a subcontract/competitive-intelligence lead rather than a prime fit.",Set-aside eligibility may limit prime feasibility,Check set-aside,No obvious vehicle restriction,Unknown — check Butler contract vehicles,Requires small-business set-aside eligibility.,Prime uncertain,Check whether Butler can qualify directly or should team with an eligible prime.,sdvosb; veteran-owned,https://sam.gov/workspace/contract/opp/86ce7d342028479a9a1b198f87d17717/view,"{'rel': 'self', 'href': 'https://api.sam.gov/prod/opportunities/v2/search?noticeid=86ce7d342028479a9a1b198f87d17717&limit=1'}","Questions regarding this solicitation should be emailed to the buyer listed in block 5 of the solicitation document which can be found under the Additional Information link.
If the Additional Information link does not work, please go to https://www.dibbs.bsm.dla.mil/Solicitations/ and type the solicitation number in the Global Search box.
",DibbsBSM@dla.mil,Primary NAICS 336413,Partial Refresh — Capacity Reached,High
Accepted,C,-5,RFP / Solicitation,"17--CART SERVICING,NITR",DEPT OF DEFENSE.DEFENSE LOGISTICS AGENCY.TROOP SUPPORT CONSTRUCTION & EQUIPMENT.DLA TROOP SUPPORT,,Solicitation,7ebd53b908924e7998fd072db4d8d185,SPE8EF26T1662,2026-08-31,5,336413,17,Service-Disabled Veteran-Owned Small Business (SDVOSB) Set-Aside (FAR 19.14),,Not stated,,"Relevant Butler intelligence or subcontract lead, but prime feasibility is limited. Scope reads as hardware supply/manufacturing with no clear design, redesign, or engineering work (matched: supply-class PSC 17), so it is tracked as a subcontract/competitive-intelligence lead rather than a prime fit.",Set-aside eligibility may limit prime feasibility,Check set-aside,No obvious vehicle restriction,Unknown — check Butler contract vehicles,Requires small-business set-aside eligibility.,Prime uncertain,Check whether Butler can qualify directly or should team with an eligible prime.,sdvosb; veteran-owned,https://sam.gov/workspace/contract/opp/7ebd53b908924e7998fd072db4d8d185/view,"{'rel': 'self', 'href': 'https://api.sam.gov/prod/opportunities/v2/search?noticeid=7ebd53b908924e7998fd072db4d8d185&limit=1'}","Questions regarding this solicitation should be emailed to the buyer listed in block 5 of the solicitation document which can be found under the Additional Information link.
If the Additional Information link does not work, please go to https://www.dibbs.bsm.dla.mil/Solicitations/ and type the solicitation number in the Global Search box.
",DibbsBSM@dla.mil,Primary NAICS 336413,Partial Refresh — Capacity Reached,High
Accepted,C,3,RFP / Solicitation,"FUEL CELL,LH SPONSO","DEPT OF DEFENSE.DEFENSE LOGISTICS AGENCY.DLA AVIATION.DLA AVIATION PHILADELPHIA.DLA AVIATION AT PHILADELPHIA, PA",,Solicitation,69955d6995a0401aa198adac3e9121d8,SPRPA126QWB71,2026-08-31,5,336413,1680,,,Not stated,,"Relevant Butler intelligence or subcontract lead, but prime feasibility is limited. Matched: dla aviation. Scope reads as hardware supply/manufacturing with no clear design, redesign, or engineering work (matched: supply-class PSC 1680), so it is tracked as a subcontract/competitive-intelligence lead rather than a prime fit.",None identified,Possible subcontract lead,No obvious vehicle restriction,Not Applicable,No special eligibility found in SAM.gov fields.,Prime feasible,Monitor as a direct pursuit unless attachments indicate otherwise.,None detected,https://sam.gov/workspace/contract/opp/69955d6995a0401aa198adac3e9121d8/view,"{'rel': 'self', 'href': 'https://api.sam.gov/prod/opportunities/v2/search?noticeid=69955d6995a0401aa198adac3e9121d8&limit=1'}",Telephone: 2157370865,NASEEM.AOUN@DLA.MIL,Primary NAICS 336413,Partial Refresh — Capacity Reached,High
Accepted,C,0,RFP / Solicitation,"16--INDICATOR,DIFFERENTIAL",DEPT OF DEFENSE.DEFENSE LOGISTICS AGENCY.DLA AVIATION.DLA AV RICHMOND.DLA AVIATION,,Solicitation,539e5ba8b009481eae32f649bd7a32e5,SPE4A726Q1066,2026-08-31,5,336413,16,Small Business Set Aside - Total,,Not stated,,"Relevant Butler intelligence or subcontract lead, but prime feasibility is limited. Matched: dla aviation. Scope reads as hardware supply/manufacturing with no clear design, redesign, or engineering work (matched: supply-class PSC 16), so it is tracked as a subcontract/competitive-intelligence lead rather than a prime fit.",Set-aside eligibility may limit prime feasibility,Check set-aside,No obvious vehicle restriction,Unknown — check Butler contract vehicles,Requires small-business set-aside eligibility.,Prime uncertain,Check whether Butler can qualify directly or should team with an eligible prime.,small business set aside,https://sam.gov/workspace/contract/opp/539e5ba8b009481eae32f649bd7a32e5/view,"{'rel': 'self', 'href': 'https://api.sam.gov/prod/opportunities/v2/search?noticeid=539e5ba8b009481eae32f649bd7a32e5&limit=1'}","Questions regarding this solicitation should be emailed to the buyer listed in block 5 of the solicitation document which can be found under the Additional Information link.
If the Additional Information link does not work, please go to https://www.dibbs.bsm.dla.mil/Solicitations/ and type the solicitation number in the Global Search box.
",DibbsBSM@dla.mil,Primary NAICS 336413,Partial Refresh — Capacity Reached,High
Accepted,C,-2,RFP / Solicitation,"20--COVER,BLADE",DEPT OF DEFENSE.DEFENSE LOGISTICS AGENCY.DLA MARITIME.DLA MARITIME COLUMBUS.DLA LAND AND MARITIME,,Solicitation,ceda68b9fe994b5bbe93725c200d903a,SPE7M426T350Q,2026-08-31,5,336415,20,,,Not stated,,"Relevant Butler intelligence or subcontract lead, but prime feasibility is limited. Scope reads as hardware supply/manufacturing with no clear design, redesign, or engineering work (matched: supply-class PSC 20), so it is tracked as a subcontract/competitive-intelligence lead rather than a prime fit.",None identified,Possible subcontract lead,No obvious vehicle restriction,Not Applicable,No special eligibility found in SAM.gov fields.,Prime feasible,Monitor as a direct pursuit unless attachments indicate otherwise.,None detected,https://sam.gov/workspace/contract/opp/ceda68b9fe994b5bbe93725c200d903a/view,"{'rel': 'self', 'href': 'https://api.sam.gov/prod/opportunities/v2/search?noticeid=ceda68b9fe994b5bbe93725c200d903a&limit=1'}","Questions regarding this solicitation should be emailed to the buyer listed in block 5 of the solicitation document which can be found under the Additional Information link.
If the Additional Information link does not work, please go to https://www.dibbs.bsm.dla.mil/Solicitations/ and type the solicitation number in the Global Search box.
",DibbsBSM@dla.mil,Primary NAICS 336415,Partial Refresh — Capacity Reached,High
Accepted,C,-5,RFP / Solicitation,"20--PISTON,RESONANCE CH",DEPT OF DEFENSE.DEFENSE LOGISTICS AGENCY.DLA MARITIME.DLA MARITIME COLUMBUS.DLA LAND AND MARITIME,,Solicitation,43e7d9327ada402f8ca924e41132c9d5,SPE7M426T349S,2026-08-31,5,336415,20,SBA Certified Women-Owned Small Business (WOSB) Program Set-Aside (FAR 19.15),,Not stated,,"Relevant Butler intelligence or subcontract lead, but prime feasibility is limited. Scope reads as hardware supply/manufacturing with no clear design, redesign, or engineering work (matched: supply-class PSC 20), so it is tracked as a subcontract/competitive-intelligence lead rather than a prime fit.",Set-aside eligibility may limit prime feasibility,Check set-aside,No obvious vehicle restriction,Unknown — check Butler contract vehicles,Requires small-business set-aside eligibility.,Prime uncertain,Check whether Butler can qualify directly or should team with an eligible prime.,wosb,https://sam.gov/workspace/contract/opp/43e7d9327ada402f8ca924e41132c9d5/view,"{'rel': 'self', 'href': 'https://api.sam.gov/prod/opportunities/v2/search?noticeid=43e7d9327ada402f8ca924e41132c9d5&limit=1'}","Questions regarding this solicitation should be emailed to the buyer listed in block 5 of the solicitation document which can be found under the Additional Information link.
If the Additional Information link does not work, please go to https://www.dibbs.bsm.dla.mil/Solicitations/ and type the solicitation number in the Global Search box.
",DibbsBSM@dla.mil,Primary NAICS 336415,Partial Refresh — Capacity Reached,High
Accepted,C,3,RFP / Solicitation,Fin Cover,DEPT OF DEFENSE.DEPT OF THE NAVY.NAVAIR.NAVAIR NAWC WD.NAVAL AIR WARFARE CENTER,,Solicitation,5a9a29a29a5e4095b4acdd9637620bf1,N68936-26-SIMACQ-D0AH250-0035,2026-08-31,5,336419,1680,,,Not stated,,"Relevant Butler intelligence or subcontract lead, but prime feasibility is limited. Matched: navy, navair, nawc. Scope reads as hardware supply/manufacturing with no clear design, redesign, or engineering work (matched: supply-class PSC 1680), so it is tracked as a subcontract/competitive-intelligence lead rather than a prime fit.",None identified,Possible subcontract lead,No obvious vehicle restriction,Not Applicable,No special eligibility found in SAM.gov fields.,Prime feasible,Monitor as a direct pursuit unless attachments indicate otherwise.,None detected,https://sam.gov/workspace/contract/opp/5a9a29a29a5e4095b4acdd9637620bf1/view,"{'rel': 'self', 'href': 'https://api.sam.gov/prod/opportunities/v2/search?noticeid=5a9a29a29a5e4095b4acdd9637620bf1&limit=1'}",Miranda Zamarron,miranda.m.zamarron.civ@us.navy.mil,Primary NAICS 336419,Partial Refresh — Capacity Reached,High
Accepted,C,-5,RFP / Solicitation,"66--CONVERTER,WAVE FORM",DEPT OF DEFENSE.DEFENSE LOGISTICS AGENCY.DLA MARITIME.DLA MARITIME COLUMBUS.DLA LAND AND MARITIME,,Solicitation,78b36be43bb94c80ba4f8a3feab0f03b,SPE7M126T300J,2026-08-31,5,336419,66,Small Business Set Aside - Total,,Not stated,,"Relevant Butler intelligence or subcontract lead, but prime feasibility is limited. Scope reads as hardware supply/manufacturing with no clear design, redesign, or engineering work (matched: supply-class PSC 66), so it is tracked as a subcontract/competitive-intelligence lead rather than a prime fit.",Set-aside eligibility may limit prime feasibility,Check set-aside,No obvious vehicle restriction,Unknown — check Butler contract vehicles,Requires small-business set-aside eligibility.,Prime uncertain,Check whether Butler can qualify directly or should team with an eligible prime.,small business set aside,https://sam.gov/workspace/contract/opp/78b36be43bb94c80ba4f8a3feab0f03b/view,"{'rel': 'self', 'href': 'https://api.sam.gov/prod/opportunities/v2/search?noticeid=78b36be43bb94c80ba4f8a3feab0f03b&limit=1'}","Questions regarding this solicitation should be emailed to the buyer listed in block 5 of the solicitation document which can be found under the Additional Information link.
If the Additional Information link does not work, please go to https://www.dibbs.bsm.dla.mil/Solicitations/ and type the solicitation number in the Global Search box.
",DibbsBSM@dla.mil,Primary NAICS 336419,Partial Refresh — Capacity Reached,High
Accepted,B,9,Sources Sought / RFI,H941--614-27-1-5082-0001 NEW 'Base + 3' Indoor Air Quality and  Surface Testing Svc's (Eng.-Safety) (VA-27-00002864),"VETERANS AFFAIRS, DEPARTMENT OF.VETERANS AFFAIRS, DEPARTMENT OF.249-NETWORK CONTRACT OFFICE 9 (36C249)",,Sources Sought,da46df5380fb4b4195e90906f524652b,36C24926Q0369,2026-08-31,5,541380,H941,,"Memphis, TN",Not stated,,"Possible Butler fit through broader defense engineering, logistics, testing, or program support. Matched: testing, quality. Attachment text was included in the screen.",None identified,Add to tracker,No obvious vehicle restriction,Not Applicable,No special eligibility found in SAM.gov fields.,Prime feasible,Monitor as a direct pursuit unless attachments indicate otherwise.,None detected,https://sam.gov/workspace/contract/opp/da46df5380fb4b4195e90906f524652b/view,"https://sam.gov/api/prod/opps/v3/opportunities/resources/files/b1faa127be744f599701e15f7a554c14/download
{'rel': 'self', 'href': 'https://api.sam.gov/prod/opportunities/v2/search?noticeid=da46df5380fb4b4195e90906f524652b&limit=1'}",Shania Kimbrough,shania.kimbrough@va.gov,Primary NAICS 541380,Partial Refresh — Capacity Reached,High — attachment text read
Accepted,B,9,Sources Sought / RFI,H941--614-27-1-5082-0001 NEW 'Base + 3' Indoor Air Quality and  Surface Testing Svc's (Eng.-Safety) (VA-27-00002864),"VETERANS AFFAIRS, DEPARTMENT OF.VETERANS AFFAIRS, DEPARTMENT OF.249-NETWORK CONTRACT OFFICE 9 (36C249)",,Sources Sought,17dcb5b4b36441579de57b27e174f7bd,36C24926Q0369,2026-08-31,5,541380,H941,,"Memphis, TN",Not stated,,"Possible Butler fit through broader defense engineering, logistics, testing, or program support. Matched: testing, quality. Attachment text was included in the screen.",None identified,Add to tracker,No obvious vehicle restriction,Not Applicable,No special eligibility found in SAM.gov fields.,Prime feasible,Monitor as a direct pursuit unless attachments indicate otherwise.,None detected,https://sam.gov/workspace/contract/opp/17dcb5b4b36441579de57b27e174f7bd/view,"https://sam.gov/api/prod/opps/v3/opportunities/resources/files/41cdae47283a411db64c82f82a28b426/download
{'rel': 'self', 'href': 'https://api.sam.gov/prod/opportunities/v2/search?noticeid=17dcb5b4b36441579de57b27e174f7bd&limit=1'}",Shania Kimbrough,shania.kimbrough@va.gov,Primary NAICS 541380,Partial Refresh — Capacity Reached,High — attachment text read
Accepted,C,0,Sources Sought / RFI,SPE4A526R0298,DEPT OF DEFENSE.DEFENSE LOGISTICS AGENCY.DLA AVIATION.DLA AV RICHMOND.DLA AVIATION,,Sources Sought,bb3b783be5f74d34a85382a6d921fd73,680012320661,2026-08-30,4,336413,1680,,"Richmond, Virginia, UNITED STATES",Not stated,,"Relevant Butler intelligence or subcontract lead, but prime feasibility is limited. Matched: dla aviation. Scope reads as hardware supply/manufacturing with no clear design, redesign, or engineering work (matched: supply-class PSC 1680), so it is tracked as a subcontract/competitive-intelligence lead rather than a prime fit.",None identified,Possible subcontract lead,No obvious vehicle restriction,Not Applicable,No special eligibility found in SAM.gov fields.,Prime feasible,Monitor as a direct pursuit unless attachments indicate otherwise.,None detected,https://sam.gov/workspace/contract/opp/bb3b783be5f74d34a85382a6d921fd73/view,"{'rel': 'self', 'href': 'https://api.sam.gov/prod/opportunities/v2/search?noticeid=bb3b783be5f74d34a85382a6d921fd73&limit=1'}",Yvonne Jackson-Dias,yvonne.jackson-dias@dla.mil,Primary NAICS 336413,Partial Refresh — Capacity Reached,High
Accepted,C,5,Sources Sought / RFI,"NSN 1560010705142, SKIN,AIRCRAFT, WSDC: 04F, AIRCRAFT, STRATOFORTRESS B-52",DEPT OF DEFENSE.DEFENSE LOGISTICS AGENCY.DLA AVIATION.DLA AV RICHMOND.DLA AVIATION,,Sources Sought,3cb882aa3bb845be91632107a41b4d1d,SPE4A726R0771,2026-08-30,4,336413,1560,,"0, Oklahoma, UNITED STATES",Not stated,,"Relevant Butler intelligence or subcontract lead, but prime feasibility is limited. Matched: aircraft, dla aviation. Scope reads as hardware supply/manufacturing with no clear design, redesign, or engineering work (matched: nsn, supply-class PSC 1560), so it is tracked as a subcontract/competitive-intelligence lead rather than a prime fit.",None identified,Possible subcontract lead,No obvious vehicle restriction,Not Applicable,No special eligibility found in SAM.gov fields.,Prime feasible,Monitor as a direct pursuit unless attachments indicate otherwise.,None detected,https://sam.gov/workspace/contract/opp/3cb882aa3bb845be91632107a41b4d1d/view,"{'rel': 'self', 'href': 'https://api.sam.gov/prod/opportunities/v2/search?noticeid=3cb882aa3bb845be91632107a41b4d1d&limit=1'}",Lamar Olivier,lamar.olivier@dla.mil,Primary NAICS 336413,Partial Refresh — Capacity Reached,High
Accepted,C,-5,Sources Sought / RFI,Request for Information (RFI)- Aerostat Envelope,"HOMELAND SECURITY, DEPARTMENT OF.US CUSTOMS AND BORDER PROTECTION.AIR AND MARINE CONTRACTING DIVISION",,Sources Sought,e62605f11d9e4f4f8052170cb805723b,2016XXXX,2026-08-28,2,336411,1510,,"51595, District of Columbia, UNITED STATES",Not stated,,"Relevant Butler intelligence or subcontract lead, but prime feasibility is limited. Attachment text was included in the screen. Scope reads as hardware supply/manufacturing with no clear design, redesign, or engineering work (matched: supply-class PSC 1510), so it is tracked as a subcontract/competitive-intelligence lead rather than a prime fit.",None identified,Possible subcontract lead,No obvious vehicle restriction,Not Applicable,No special eligibility found in SAM.gov fields.,Prime feasible,Monitor as a direct pursuit unless attachments indicate otherwise.,None detected,https://sam.gov/workspace/contract/opp/e62605f11d9e4f4f8052170cb805723b/view,"https://sam.gov/api/prod/opps/v3/opportunities/resources/files/5595efd96e0e49279e7b32a6d1708b27/download
https://sam.gov/api/prod/opps/v3/opportunities/resources/files/cfa47306ff6646a7a6ef3d44a1925db7/download
{'rel': 'self', 'href': 'https://api.sam.gov/prod/opportunities/v2/search?noticeid=e62605f11d9e4f4f8052170cb805723b&limit=1'}",Leslie Lozano,leslie.lozano@cbp.dhs.gov,Primary NAICS 336411,Partial Refresh — Capacity Reached,High — attachment text read
Accepted,C,0,RFP / Solicitation,"16--MASK,OXYGEN",DEPT OF DEFENSE.DEFENSE LOGISTICS AGENCY.DLA AVIATION.DLA AV RICHMOND.DLA AVIATION,,Solicitation,bee559d931f94ab8b068f92010713a5c,SPE4A726T684C,2026-08-28,2,336411,16,,,Not stated,,"Relevant Butler intelligence or subcontract lead, but prime feasibility is limited. Matched: dla aviation. Scope reads as hardware supply/manufacturing with no clear design, redesign, or engineering work (matched: supply-class PSC 16), so it is tracked as a subcontract/competitive-intelligence lead rather than a prime fit.",None identified,Possible subcontract lead,No obvious vehicle restriction,Not Applicable,No special eligibility found in SAM.gov fields.,Prime feasible,Monitor as a direct pursuit unless attachments indicate otherwise.,None detected,https://sam.gov/workspace/contract/opp/bee559d931f94ab8b068f92010713a5c/view,"{'rel': 'self', 'href': 'https://api.sam.gov/prod/opportunities/v2/search?noticeid=bee559d931f94ab8b068f92010713a5c&limit=1'}","Questions regarding this solicitation should be emailed to the buyer listed in block 5 of the solicitation document which can be found under the Additional Information link.
If the Additional Information link does not work, please go to https://www.dibbs.bsm.dla.mil/Solicitations/ and type the solicitation number in the Global Search box.
",DibbsBSM@dla.mil,Primary NAICS 336411,Partial Refresh — Capacity Reached,High
Accepted,C,-3,RFP / Solicitation,"16--VALVE,CONVERTER,LIQ",DEPT OF DEFENSE.DEFENSE LOGISTICS AGENCY.DLA AVIATION.DLA AV RICHMOND.DLA AVIATION,,Solicitation,a609ff4658504a2b857694b4edd7115c,SPE4A726T684B,2026-08-28,2,336411,16,SBA Certified Women-Owned Small Business (WOSB) Program Set-Aside (FAR 19.15),,Not stated,,"Relevant Butler intelligence or subcontract lead, but prime feasibility is limited. Matched: dla aviation. Scope reads as hardware supply/manufacturing with no clear design, redesign, or engineering work (matched: supply-class PSC 16), so it is tracked as a subcontract/competitive-intelligence lead rather than a prime fit.",Set-aside eligibility may limit prime feasibility,Check set-aside,No obvious vehicle restriction,Unknown — check Butler contract vehicles,Requires small-business set-aside eligibility.,Prime uncertain,Check whether Butler can qualify directly or should team with an eligible prime.,wosb,https://sam.gov/workspace/contract/opp/a609ff4658504a2b857694b4edd7115c/view,"{'rel': 'self', 'href': 'https://api.sam.gov/prod/opportunities/v2/search?noticeid=a609ff4658504a2b857694b4edd7115c&limit=1'}","Questions regarding this solicitation should be emailed to the buyer listed in block 5 of the solicitation document which can be found under the Additional Information link.
If the Additional Information link does not work, please go to https://www.dibbs.bsm.dla.mil/Solicitations/ and type the solicitation number in the Global Search box.
",DibbsBSM@dla.mil,Primary NAICS 336411,Partial Refresh — Capacity Reached,High
Accepted,C,0,RFP / Solicitation,"29--DETECTOR,CHIP,ELECT",DEPT OF DEFENSE.DEFENSE LOGISTICS AGENCY.DLA AVIATION.DLA AV RICHMOND.DLA AVIATION,,Solicitation,7e2e6b4f1a864bb9a127c9d9bd0a632e,SPE4A726T686U,2026-08-28,2,336412,29,,,Not stated,,"Relevant Butler intelligence or subcontract lead, but prime feasibility is limited. Matched: dla aviation. Scope reads as hardware supply/manufacturing with no clear design, redesign, or engineering work (matched: supply-class PSC 29), so it is tracked as a subcontract/competitive-intelligence lead rather than a prime fit.",None identified,Possible subcontract lead,No obvious vehicle restriction,Not Applicable,No special eligibility found in SAM.gov fields.,Prime feasible,Monitor as a direct pursuit unless attachments indicate otherwise.,None detected,https://sam.gov/workspace/contract/opp/7e2e6b4f1a864bb9a127c9d9bd0a632e/view,"{'rel': 'self', 'href': 'https://api.sam.gov/prod/opportunities/v2/search?noticeid=7e2e6b4f1a864bb9a127c9d9bd0a632e&limit=1'}","Questions regarding this solicitation should be emailed to the buyer listed in block 5 of the solicitation document which can be found under the Additional Information link.
If the Additional Information link does not work, please go to https://www.dibbs.bsm.dla.mil/Solicitations/ and type the solicitation number in the Global Search box.
",DibbsBSM@dla.mil,Primary NAICS 336412,Partial Refresh — Capacity Reached,High
Accepted,C,2,RFP / Solicitation,"28--SEAL,AIR,AIRCRAFT G",DEPT OF DEFENSE.DEFENSE LOGISTICS AGENCY.DLA AVIATION.DLA AV RICHMOND.DLA AVIATION,,Solicitation,99f48088adda4d3e9b07f944ef0f3265,SPE4A726T686J,2026-08-28,2,336412,28,Small Business Set Aside - Total,,Not stated,,"Relevant Butler intelligence or subcontract lead, but prime feasibility is limited. Matched: aircraft, dla aviation. Scope reads as hardware supply/manufacturing with no clear design, redesign, or engineering work (matched: supply-class PSC 28), so it is tracked as a subcontract/competitive-intelligence lead rather than a prime fit.",Set-aside eligibility may limit prime feasibility,Check set-aside,No obvious vehicle restriction,Unknown — check Butler contract vehicles,Requires small-business set-aside eligibility.,Prime uncertain,Check whether Butler can qualify directly or should team with an eligible prime.,small business set aside,https://sam.gov/workspace/contract/opp/99f48088adda4d3e9b07f944ef0f3265/view,"{'rel': 'self', 'href': 'https://api.sam.gov/prod/opportunities/v2/search?noticeid=99f48088adda4d3e9b07f944ef0f3265&limit=1'}","Questions regarding this solicitation should be emailed to the buyer listed in block 5 of the solicitation document which can be found under the Additional Information link.
If the Additional Information link does not work, please go to https://www.dibbs.bsm.dla.mil/Solicitations/ and type the solicitation number in the Global Search box.
",DibbsBSM@dla.mil,Primary NAICS 336412,Partial Refresh — Capacity Reached,High
Accepted,C,0,RFP / Solicitation,"29--FILTER ELEMENT,FLUID",DEPT OF DEFENSE.DEFENSE LOGISTICS AGENCY.DLA AVIATION.DLA AV RICHMOND.DLA AVIATION,,Solicitation,afa7d416a3864d79991157033b6ed049,SPE4A726T685Y,2026-08-28,2,336412,29,,,Not stated,,"Relevant Butler intelligence or subcontract lead, but prime feasibility is limited. Matched: dla aviation. Scope reads as hardware supply/manufacturing with no clear design, redesign, or engineering work (matched: supply-class PSC 29), so it is tracked as a subcontract/competitive-intelligence lead rather than a prime fit.",None identified,Possible subcontract lead,No obvious vehicle restriction,Not Applicable,No special eligibility found in SAM.gov fields.,Prime feasible,Monitor as a direct pursuit unless attachments indicate otherwise.,None detected,https://sam.gov/workspace/contract/opp/afa7d416a3864d79991157033b6ed049/view,"{'rel': 'self', 'href': 'https://api.sam.gov/prod/opportunities/v2/search?noticeid=afa7d416a3864d79991157033b6ed049&limit=1'}","Questions regarding this solicitation should be emailed to the buyer listed in block 5 of the solicitation document which can be found under the Additional Information link.
If the Additional Information link does not work, please go to https://www.dibbs.bsm.dla.mil/Solicitations/ and type the solicitation number in the Global Search box.
",DibbsBSM@dla.mil,Primary NAICS 336412,Partial Refresh — Capacity Reached,High
Accepted,C,0,RFP / Solicitation,"29--VALVE,FUEL PRESSURI",DEPT OF DEFENSE.DEFENSE LOGISTICS AGENCY.DLA AVIATION.DLA AV RICHMOND.DLA AVIATION,,Solicitation,651d8bc402994148b70357e934784f1e,SPE4A726T686A,2026-08-28,2,336412,29,,,Not stated,,"Relevant Butler intelligence or subcontract lead, but prime feasibility is limited. Matched: dla aviation. Scope reads as hardware supply/manufacturing with no clear design, redesign, or engineering work (matched: supply-class PSC 29), so it is tracked as a subcontract/competitive-intelligence lead rather than a prime fit.",None identified,Possible subcontract lead,No obvious vehicle restriction,Not Applicable,No special eligibility found in SAM.gov fields.,Prime feasible,Monitor as a direct pursuit unless attachments indicate otherwise.,None detected,https://sam.gov/workspace/contract/opp/651d8bc402994148b70357e934784f1e/view,"{'rel': 'self', 'href': 'https://api.sam.gov/prod/opportunities/v2/search?noticeid=651d8bc402994148b70357e934784f1e&limit=1'}","Questions regarding this solicitation should be emailed to the buyer listed in block 5 of the solicitation document which can be found under the Additional Information link.
If the Additional Information link does not work, please go to https://www.dibbs.bsm.dla.mil/Solicitations/ and type the solicitation number in the Global Search box.
",DibbsBSM@dla.mil,Primary NAICS 336412,Partial Refresh — Capacity Reached,High
Accepted,C,-3,RFP / Solicitation,"29--PARTS KIT,VALVE,CUR",DEPT OF DEFENSE.DEFENSE LOGISTICS AGENCY.DLA AVIATION.DLA AV RICHMOND.DLA AVIATION,,Solicitation,3c4d04bb8eb3436997e36a506bce284e,SPE4A726T684J,2026-08-28,2,336412,29,Small Business Set Aside - Total,,Not stated,,"Relevant Butler intelligence or subcontract lead, but prime feasibility is limited. Matched: dla aviation. Scope reads as hardware supply/manufacturing with no clear design, redesign, or engineering work (matched: supply-class PSC 29), so it is tracked as a subcontract/competitive-intelligence lead rather than a prime fit.",Set-aside eligibility may limit prime feasibility,Check set-aside,No obvious vehicle restriction,Unknown — check Butler contract vehicles,Requires small-business set-aside eligibility.,Prime uncertain,Check whether Butler can qualify directly or should team with an eligible prime.,small business set aside,https://sam.gov/workspace/contract/opp/3c4d04bb8eb3436997e36a506bce284e/view,"{'rel': 'self', 'href': 'https://api.sam.gov/prod/opportunities/v2/search?noticeid=3c4d04bb8eb3436997e36a506bce284e&limit=1'}","Questions regarding this solicitation should be emailed to the buyer listed in block 5 of the solicitation document which can be found under the Additional Information link.
If the Additional Information link does not work, please go to https://www.dibbs.bsm.dla.mil/Solicitations/ and type the solicitation number in the Global Search box.
",DibbsBSM@dla.mil,Primary NAICS 336412,Partial Refresh — Capacity Reached,High
Accepted,C,5,RFP / Solicitation,"28--SHAFT,TURBINE,AIRCRAFT",DEPT OF DEFENSE.DEFENSE LOGISTICS AGENCY.DLA AVIATION.DLA AV RICHMOND.DLA AVIATION,,Solicitation,2e42e7d75002441fae560c7b8d6eb114,SPE4A126T2672,2026-08-28,2,336412,28,,,Not stated,,"Relevant Butler intelligence or subcontract lead, but prime feasibility is limited. Matched: aircraft, dla aviation. Scope reads as hardware supply/manufacturing with no clear design, redesign, or engineering work (matched: supply-class PSC 28), so it is tracked as a subcontract/competitive-intelligence lead rather than a prime fit.",None identified,Possible subcontract lead,No obvious vehicle restriction,Not Applicable,No special eligibility found in SAM.gov fields.,Prime feasible,Monitor as a direct pursuit unless attachments indicate otherwise.,None detected,https://sam.gov/workspace/contract/opp/2e42e7d75002441fae560c7b8d6eb114/view,"{'rel': 'self', 'href': 'https://api.sam.gov/prod/opportunities/v2/search?noticeid=2e42e7d75002441fae560c7b8d6eb114&limit=1'}","Questions regarding this solicitation should be emailed to the buyer listed in block 5 of the solicitation document which can be found under the Additional Information link.
If the Additional Information link does not work, please go to https://www.dibbs.bsm.dla.mil/Solicitations/ and type the solicitation number in the Global Search box.
",DibbsBSM@dla.mil,Primary NAICS 336412,Partial Refresh — Capacity Reached,High
Accepted,C,5,Sources Sought / RFI,Sources Sought for P8-A Aircraft Horizontal Stabilizer Kits (H-STAB),DEPT OF DEFENSE.DEPT OF THE NAVY.NAVAIR.NAVAIR HQS.NAVAL AIR SYSTEMS COMMAND,,Sources Sought,c672980a95724776b36a1837886c4ffd,N00019-24-RFPREQ-APM290-0738,2026-08-28,2,336413,1560,,"Tukwila, Washington, UNITED STATES",Not stated,,"Relevant Butler intelligence or subcontract lead, but prime feasibility is limited. Matched: aircraft, navy, navair. Scope reads as hardware supply/manufacturing with no clear design, redesign, or engineering work (matched: supply-class PSC 1560), so it is tracked as a subcontract/competitive-intelligence lead rather than a prime fit.",None identified,Possible subcontract lead,No obvious vehicle restriction,Not Applicable,No special eligibility found in SAM.gov fields.,Prime feasible,Monitor as a direct pursuit unless attachments indicate otherwise.,None detected,https://sam.gov/workspace/contract/opp/c672980a95724776b36a1837886c4ffd/view,"{'rel': 'self', 'href': 'https://api.sam.gov/prod/opportunities/v2/search?noticeid=c672980a95724776b36a1837886c4ffd&limit=1'}",Brianna Mancuso,brianna.l.mancuso.civ@us.navy.mil,Primary NAICS 336413,Partial Refresh — Capacity Reached,High
Accepted,C,-5,RFP / Solicitation,Purchase of Various Skin Assemblies and Shrouds,"HOMELAND SECURITY, DEPARTMENT OF.US COAST GUARD.AVIATION LOGISTICS CENTER (ALC)(00038)",,Solicitation,196c55f33de1474c99dc6f28d01569cd,70Z03826QH0000104,2026-08-28,2,336413,1560,No Set aside used,,Not stated,,"Relevant Butler intelligence or subcontract lead, but prime feasibility is limited. Attachment text was included in the screen. Scope reads as hardware supply/manufacturing with no clear design, redesign, or engineering work (matched: purchase of, supply-class PSC 1560), so it is tracked as a subcontract/competitive-intelligence lead rather than a prime fit.",None identified,Possible subcontract lead,No obvious vehicle restriction,Not Applicable,No special eligibility found in SAM.gov fields.,Prime feasible,Monitor as a direct pursuit unless attachments indicate otherwise.,None detected,https://sam.gov/workspace/contract/opp/196c55f33de1474c99dc6f28d01569cd/view,"https://sam.gov/api/prod/opps/v3/opportunities/resources/files/433a2f042f834d84af06a2829685897c/download
https://sam.gov/api/prod/opps/v3/opportunities/resources/files/5f194022e7bd4d70b9a7e9d03cec4e50/download
{'rel': 'self', 'href': 'https://api.sam.gov/prod/opportunities/v2/search?noticeid=196c55f33de1474c99dc6f28d01569cd&limit=1'}","WATTS, ANGELA",ANGELA.L.WATTS@USCG.MIL,Primary NAICS 336413,Partial Refresh — Capacity Reached,High — attachment text read
Accepted,C,-3,RFP / Solicitation,"16--LINK ASSEMBLY,CANOPY",DEPT OF DEFENSE.DEFENSE LOGISTICS AGENCY.DLA AVIATION.DLA AV RICHMOND.DLA AVIATION,,Solicitation,f7e1233bd27e46219f5806f97b19f271,SPE4A726T686M,2026-08-28,2,336413,16,Small Business Set Aside - Total,,Not stated,,"Relevant Butler intelligence or subcontract lead, but prime feasibility is limited. Matched: dla aviation. Scope reads as hardware supply/manufacturing with no clear design, redesign, or engineering work (matched: supply-class PSC 16), so it is tracked as a subcontract/competitive-intelligence lead rather than a prime fit.",Set-aside eligibility may limit prime feasibility,Check set-aside,No obvious vehicle restriction,Unknown — check Butler contract vehicles,Requires small-business set-aside eligibility.,Prime uncertain,Check whether Butler can qualify directly or should team with an eligible prime.,small business set aside,https://sam.gov/workspace/contract/opp/f7e1233bd27e46219f5806f97b19f271/view,"{'rel': 'self', 'href': 'https://api.sam.gov/prod/opportunities/v2/search?noticeid=f7e1233bd27e46219f5806f97b19f271&limit=1'}","Questions regarding this solicitation should be emailed to the buyer listed in block 5 of the solicitation document which can be found under the Additional Information link.
If the Additional Information link does not work, please go to https://www.dibbs.bsm.dla.mil/Solicitations/ and type the solicitation number in the Global Search box.
",DibbsBSM@dla.mil,Primary NAICS 336413,Partial Refresh — Capacity Reached,High
Accepted,C,0,RFP / Solicitation,"15--INSULATION,THERMAL,",DEPT OF DEFENSE.DEFENSE LOGISTICS AGENCY.DLA AVIATION.DLA AV RICHMOND.DLA AVIATION,,Solicitation,89f56a9b8575485da5f2c7b0727fa821,SPE4A626Q1346,2026-08-28,2,336413,15,,,Not stated,,"Relevant Butler intelligence or subcontract lead, but prime feasibility is limited. Matched: dla aviation. Scope reads as hardware supply/manufacturing with no clear design, redesign, or engineering work (matched: supply-class PSC 15), so it is tracked as a subcontract/competitive-intelligence lead rather than a prime fit.",None identified,Possible subcontract lead,No obvious vehicle restriction,Not Applicable,No special eligibility found in SAM.gov fields.,Prime feasible,Monitor as a direct pursuit unless attachments indicate otherwise.,None detected,https://sam.gov/workspace/contract/opp/89f56a9b8575485da5f2c7b0727fa821/view,"{'rel': 'self', 'href': 'https://api.sam.gov/prod/opportunities/v2/search?noticeid=89f56a9b8575485da5f2c7b0727fa821&limit=1'}","Questions regarding this solicitation should be emailed to the buyer listed in block 5 of the solicitation document which can be found under the Additional Information link.
If the Additional Information link does not work, please go to https://www.dibbs.bsm.dla.mil/Solicitations/ and type the solicitation number in the Global Search box.
",DibbsBSM@dla.mil,Primary NAICS 336413,Partial Refresh — Capacity Reached,High
Accepted,C,0,RFP / Solicitation,"16--CABLE ASSEMBLY,CONT",DEPT OF DEFENSE.DEFENSE LOGISTICS AGENCY.DLA AVIATION.DLA AV RICHMOND.DLA AVIATION,,Solicitation,68c4c074a12f40acb92b02c5115678e7,SPE4A726T686S,2026-08-28,2,336413,16,,,Not stated,,"Relevant Butler intelligence or subcontract lead, but prime feasibility is limited. Matched: dla aviation. Scope reads as hardware supply/manufacturing with no clear design, redesign, or engineering work (matched: supply-class PSC 16), so it is tracked as a subcontract/competitive-intelligence lead rather than a prime fit.",None identified,Possible subcontract lead,No obvious vehicle restriction,Not Applicable,No special eligibility found in SAM.gov fields.,Prime feasible,Monitor as a direct pursuit unless attachments indicate otherwise.,None detected,https://sam.gov/workspace/contract/opp/68c4c074a12f40acb92b02c5115678e7/view,"{'rel': 'self', 'href': 'https://api.sam.gov/prod/opportunities/v2/search?noticeid=68c4c074a12f40acb92b02c5115678e7&limit=1'}","Questions regarding this solicitation should be emailed to the buyer listed in block 5 of the solicitation document which can be found under the Additional Information link.
If the Additional Information link does not work, please go to https://www.dibbs.bsm.dla.mil/Solicitations/ and type the solicitation number in the Global Search box.
",DibbsBSM@dla.mil,Primary NAICS 336413,Partial Refresh — Capacity Reached,High
Accepted,C,-3,RFP / Solicitation,16--TERMINAL BOOT,DEPT OF DEFENSE.DEFENSE LOGISTICS AGENCY.DLA AVIATION.DLA AV RICHMOND.DLA AVIATION,,Solicitation,b8ba64df0b3342be909f71a5e5915789,SPE4A726T686E,2026-08-28,2,336413,16,Small Business Set Aside - Total,,Not stated,,"Relevant Butler intelligence or subcontract lead, but prime feasibility is limited. Matched: dla aviation. Scope reads as hardware supply/manufacturing with no clear design, redesign, or engineering work (matched: supply-class PSC 16), so it is tracked as a subcontract/competitive-intelligence lead rather than a prime fit.",Set-aside eligibility may limit prime feasibility,Check set-aside,No obvious vehicle restriction,Unknown — check Butler contract vehicles,Requires small-business set-aside eligibility.,Prime uncertain,Check whether Butler can qualify directly or should team with an eligible prime.,small business set aside,https://sam.gov/workspace/contract/opp/b8ba64df0b3342be909f71a5e5915789/view,"{'rel': 'self', 'href': 'https://api.sam.gov/prod/opportunities/v2/search?noticeid=b8ba64df0b3342be909f71a5e5915789&limit=1'}","Questions regarding this solicitation should be emailed to the buyer listed in block 5 of the solicitation document which can be found under the Additional Information link.
If the Additional Information link does not work, please go to https://www.dibbs.bsm.dla.mil/Solicitations/ and type the solicitation number in the Global Search box.
",DibbsBSM@dla.mil,Primary NAICS 336413,Partial Refresh — Capacity Reached,High
Accepted,C,0,RFP / Solicitation,"16--CHIP DETECTOR,AIRCR",DEPT OF DEFENSE.DEFENSE LOGISTICS AGENCY.DLA AVIATION.DLA AV RICHMOND.DLA AVIATION,,Solicitation,c737e355807645feb8baf5d19ef9d91b,SPE4A726T684W,2026-08-28,2,336413,16,,,Not stated,,"Relevant Butler intelligence or subcontract lead, but prime feasibility is limited. Matched: dla aviation. Scope reads as hardware supply/manufacturing with no clear design, redesign, or engineering work (matched: supply-class PSC 16), so it is tracked as a subcontract/competitive-intelligence lead rather than a prime fit.",None identified,Possible subcontract lead,No obvious vehicle restriction,Not Applicable,No special eligibility found in SAM.gov fields.,Prime feasible,Monitor as a direct pursuit unless attachments indicate otherwise.,None detected,https://sam.gov/workspace/contract/opp/c737e355807645feb8baf5d19ef9d91b/view,"{'rel': 'self', 'href': 'https://api.sam.gov/prod/opportunities/v2/search?noticeid=c737e355807645feb8baf5d19ef9d91b&limit=1'}","Questions regarding this solicitation should be emailed to the buyer listed in block 5 of the solicitation document which can be found under the Additional Information link.
If the Additional Information link does not work, please go to https://www.dibbs.bsm.dla.mil/Solicitations/ and type the solicitation number in the Global Search box.
",DibbsBSM@dla.mil,Primary NAICS 336413,Partial Refresh — Capacity Reached,High
Accepted,C,0,RFP / Solicitation,"15--DUCT,OIL COOLER EJE",DEPT OF DEFENSE.DEFENSE LOGISTICS AGENCY.DLA AVIATION.DLA AV RICHMOND.DLA AVIATION,,Solicitation,a1cf316e58e44db5b4371ae1847ddf3c,SPE4A626T21EP,2026-08-28,2,336413,15,,,Not stated,,"Relevant Butler intelligence or subcontract lead, but prime feasibility is limited. Matched: dla aviation. Scope reads as hardware supply/manufacturing with no clear design, redesign, or engineering work (matched: supply-class PSC 15), so it is tracked as a subcontract/competitive-intelligence lead rather than a prime fit.",None identified,Possible subcontract lead,No obvious vehicle restriction,Not Applicable,No special eligibility found in SAM.gov fields.,Prime feasible,Monitor as a direct pursuit unless attachments indicate otherwise.,None detected,https://sam.gov/workspace/contract/opp/a1cf316e58e44db5b4371ae1847ddf3c/view,"{'rel': 'self', 'href': 'https://api.sam.gov/prod/opportunities/v2/search?noticeid=a1cf316e58e44db5b4371ae1847ddf3c&limit=1'}","Questions regarding this solicitation should be emailed to the buyer listed in block 5 of the solicitation document which can be found under the Additional Information link.
If the Additional Information link does not work, please go to https://www.dibbs.bsm.dla.mil/Solicitations/ and type the solicitation number in the Global Search box.
",DibbsBSM@dla.mil,Primary NAICS 336413,Partial Refresh — Capacity Reached,High
Accepted,C,-3,RFP / Solicitation,"16--HARNESS,PERSONNEL P",DEPT OF DEFENSE.DEFENSE LOGISTICS AGENCY.DLA AVIATION.DLA AV RICHMOND.DLA AVIATION,,Solicitation,7c138ebcc1984f0d879d64a5641d33ca,SPE4A726T684Z,2026-08-28,2,336413,16,Small Business Set Aside - Total,,Not stated,,"Relevant Butler intelligence or subcontract lead, but prime feasibility is limited. Matched: dla aviation. Scope reads as hardware supply/manufacturing with no clear design, redesign, or engineering work (matched: supply-class PSC 16), so it is tracked as a subcontract/competitive-intelligence lead rather than a prime fit.",Set-aside eligibility may limit prime feasibility,Check set-aside,No obvious vehicle restriction,Unknown — check Butler contract vehicles,Requires small-business set-aside eligibility.,Prime uncertain,Check whether Butler can qualify directly or should team with an eligible prime.,small business set aside,https://sam.gov/workspace/contract/opp/7c138ebcc1984f0d879d64a5641d33ca/view,"{'rel': 'self', 'href': 'https://api.sam.gov/prod/opportunities/v2/search?noticeid=7c138ebcc1984f0d879d64a5641d33ca&limit=1'}","Questions regarding this solicitation should be emailed to the buyer listed in block 5 of the solicitation document which can be found under the Additional Information link.
If the Additional Information link does not work, please go to https://www.dibbs.bsm.dla.mil/Solicitations/ and type the solicitation number in the Global Search box.
",DibbsBSM@dla.mil,Primary NAICS 336413,Partial Refresh — Capacity Reached,High
Accepted,C,-3,RFP / Solicitation,"16--SENSOR,ANTI-LOCK BR",DEPT OF DEFENSE.DEFENSE LOGISTICS AGENCY.DLA AVIATION.DLA AV RICHMOND.DLA AVIATION,,Solicitation,55512f77b7fa4808936799f827cbae10,SPE4A726T685A,2026-08-28,2,336413,16,Small Business Set Aside - Total,,Not stated,,"Relevant Butler intelligence or subcontract lead, but prime feasibility is limited. Matched: dla aviation. Scope reads as hardware supply/manufacturing with no clear design, redesign, or engineering work (matched: supply-class PSC 16), so it is tracked as a subcontract/competitive-intelligence lead rather than a prime fit.",Set-aside eligibility may limit prime feasibility,Check set-aside,No obvious vehicle restriction,Unknown — check Butler contract vehicles,Requires small-business set-aside eligibility.,Prime uncertain,Check whether Butler can qualify directly or should team with an eligible prime.,small business set aside,https://sam.gov/workspace/contract/opp/55512f77b7fa4808936799f827cbae10/view,"{'rel': 'self', 'href': 'https://api.sam.gov/prod/opportunities/v2/search?noticeid=55512f77b7fa4808936799f827cbae10&limit=1'}","Questions regarding this solicitation should be emailed to the buyer listed in block 5 of the solicitation document which can be found under the Additional Information link.
If the Additional Information link does not work, please go to https://www.dibbs.bsm.dla.mil/Solicitations/ and type the solicitation number in the Global Search box.
",DibbsBSM@dla.mil,Primary NAICS 336413,Partial Refresh — Capacity Reached,High
Accepted,C,0,RFP / Solicitation,15--DOOR ASSEMBLY,DEPT OF DEFENSE.DEFENSE LOGISTICS AGENCY.DLA AVIATION.DLA AV RICHMOND.DLA AVIATION,,Solicitation,22b0b31cb6bc4e7295181da4ff9b173a,SPE4A726T684D,2026-08-28,2,336413,15,,,Not stated,,"Relevant Butler intelligence or subcontract lead, but prime feasibility is limited. Matched: dla aviation. Scope reads as hardware supply/manufacturing with no clear design, redesign, or engineering work (matched: supply-class PSC 15), so it is tracked as a subcontract/competitive-intelligence lead rather than a prime fit.",None identified,Possible subcontract lead,No obvious vehicle restriction,Not Applicable,No special eligibility found in SAM.gov fields.,Prime feasible,Monitor as a direct pursuit unless attachments indicate otherwise.,None detected,https://sam.gov/workspace/contract/opp/22b0b31cb6bc4e7295181da4ff9b173a/view,"{'rel': 'self', 'href': 'https://api.sam.gov/prod/opportunities/v2/search?noticeid=22b0b31cb6bc4e7295181da4ff9b173a&limit=1'}","Questions regarding this solicitation should be emailed to the buyer listed in block 5 of the solicitation document which can be found under the Additional Information link.
If the Additional Information link does not work, please go to https://www.dibbs.bsm.dla.mil/Solicitations/ and type the solicitation number in the Global Search box.
",DibbsBSM@dla.mil,Primary NAICS 336413,Partial Refresh — Capacity Reached,High
Accepted,C,-5,RFP / Solicitation,"Procurement of Cable, Special Purpose","HOMELAND SECURITY, DEPARTMENT OF.US COAST GUARD.AVIATION LOGISTICS CENTER (ALC)(00038)",,Solicitation,1485568a3f044663969ffb2f02594af6,70Z03826QJ0000323,2026-08-28,2,336413,6145,No Set aside used,,Not stated,,"Relevant Butler intelligence or subcontract lead, but prime feasibility is limited. Attachment text was included in the screen. Scope reads as hardware supply/manufacturing with no clear design, redesign, or engineering work (matched: procurement of, supply-class PSC 6145), so it is tracked as a subcontract/competitive-intelligence lead rather than a prime fit.",None identified,Possible subcontract lead,No obvious vehicle restriction,Not Applicable,No special eligibility found in SAM.gov fields.,Prime feasible,Monitor as a direct pursuit unless attachments indicate otherwise.,None detected,https://sam.gov/workspace/contract/opp/1485568a3f044663969ffb2f02594af6/view,"https://sam.gov/api/prod/opps/v3/opportunities/resources/files/233bda65e68f4d28aee232410a06aecf/download
https://sam.gov/api/prod/opps/v3/opportunities/resources/files/3dfb790e8ef540dfadb33a998b7894e0/download
{'rel': 'self', 'href': 'https://api.sam.gov/prod/opportunities/v2/search?noticeid=1485568a3f044663969ffb2f02594af6&limit=1'}",Cindy Harmes,Cindy.K.Harmes@uscg.mil,Primary NAICS 336413,Partial Refresh — Capacity Reached,High — attachment text read
Accepted,C,0,RFP / Solicitation,"16--PISTON,LINEAR ACTUATIN",DEPT OF DEFENSE.DEFENSE LOGISTICS AGENCY.DLA AVIATION.DLA AV RICHMOND.DLA AVIATION,,Solicitation,83a7085cba7e4577a672901cd2737d11,SPE4A626T21DF,2026-08-28,2,336413,16,,,Not stated,,"Relevant Butler intelligence or subcontract lead, but prime feasibility is limited. Matched: dla aviation. Scope reads as hardware supply/manufacturing with no clear design, redesign, or engineering work (matched: supply-class PSC 16), so it is tracked as a subcontract/competitive-intelligence lead rather than a prime fit.",None identified,Possible subcontract lead,No obvious vehicle restriction,Not Applicable,No special eligibility found in SAM.gov fields.,Prime feasible,Monitor as a direct pursuit unless attachments indicate otherwise.,None detected,https://sam.gov/workspace/contract/opp/83a7085cba7e4577a672901cd2737d11/view,"{'rel': 'self', 'href': 'https://api.sam.gov/prod/opportunities/v2/search?noticeid=83a7085cba7e4577a672901cd2737d11&limit=1'}","Questions regarding this solicitation should be emailed to the buyer listed in block 5 of the solicitation document which can be found under the Additional Information link.
If the Additional Information link does not work, please go to https://www.dibbs.bsm.dla.mil/Solicitations/ and type the solicitation number in the Global Search box.
",DibbsBSM@dla.mil,Primary NAICS 336413,Partial Refresh — Capacity Reached,High
Accepted,C,-3,RFP / Solicitation,"16--PARTS KIT,LINEAR AC",DEPT OF DEFENSE.DEFENSE LOGISTICS AGENCY.DLA AVIATION.DLA AV RICHMOND.DLA AVIATION,,Solicitation,817b449c0aec46a484a9d4024394ce77,SPE4A726T683X,2026-08-28,2,336413,16,Small Business Set Aside - Total,,Not stated,,"Relevant Butler intelligence or subcontract lead, but prime feasibility is limited. Matched: dla aviation. Scope reads as hardware supply/manufacturing with no clear design, redesign, or engineering work (matched: supply-class PSC 16), so it is tracked as a subcontract/competitive-intelligence lead rather than a prime fit.",Set-aside eligibility may limit prime feasibility,Check set-aside,No obvious vehicle restriction,Unknown — check Butler contract vehicles,Requires small-business set-aside eligibility.,Prime uncertain,Check whether Butler can qualify directly or should team with an eligible prime.,small business set aside,https://sam.gov/workspace/contract/opp/817b449c0aec46a484a9d4024394ce77/view,"{'rel': 'self', 'href': 'https://api.sam.gov/prod/opportunities/v2/search?noticeid=817b449c0aec46a484a9d4024394ce77&limit=1'}","Questions regarding this solicitation should be emailed to the buyer listed in block 5 of the solicitation document which can be found under the Additional Information link.
If the Additional Information link does not work, please go to https://www.dibbs.bsm.dla.mil/Solicitations/ and type the solicitation number in the Global Search box.
",DibbsBSM@dla.mil,Primary NAICS 336413,Partial Refresh — Capacity Reached,High
Accepted,C,-3,RFP / Solicitation,"Tire and Wheel Machine, Scott AFB, IL",DEPT OF DEFENSE.DEPT OF THE ARMY.NATIONAL GUARD BUREAU.JFHQ USPFO IL.USPFO IL PROCUREMENT.W7M6 USPFO ACTIVITY ILANG 126,,Solicitation,bfd8a50428934317965ba6728dc67970,W50S7S26Q0023,2026-08-28,2,336413,4910,Small Business Set Aside - Total,"Scott Air Force Base, Illinois, UNITED STATES",Not stated,,"Relevant Butler intelligence or subcontract lead, but prime feasibility is limited. Matched: army. Attachment text was included in the screen. Scope reads as hardware supply/manufacturing with no clear design, redesign, or engineering work (matched: supply-class PSC 4910), so it is tracked as a subcontract/competitive-intelligence lead rather than a prime fit.",Set-aside eligibility may limit prime feasibility,Check set-aside,No obvious vehicle restriction,Unknown — check Butler contract vehicles,Requires small-business set-aside eligibility.,Prime uncertain,Check whether Butler can qualify directly or should team with an eligible prime.,small business set aside,https://sam.gov/workspace/contract/opp/bfd8a50428934317965ba6728dc67970/view,"https://sam.gov/api/prod/opps/v3/opportunities/resources/files/a406324428864698af2e2da4366b359a/download
{'rel': 'self', 'href': 'https://api.sam.gov/prod/opportunities/v2/search?noticeid=bfd8a50428934317965ba6728dc67970&limit=1'}",MSgt Jonathan Middleton,jonathan.middleton.5@us.af.mil,Primary NAICS 336413,Partial Refresh — Capacity Reached,High — attachment text read
Accepted,C,2,RFP / Solicitation,Unmanned Aerial System (UAS) with AerialIgnition Capabilities UAS,DEPT OF DEFENSE.DEPT OF THE ARMY.AMC.ACC.MISSION INSTALLATION CONTRACTING COMMAND.419TH CSB.W6QM MICC-FT DRUM,,Solicitation,3da9a60d1f494e4b98d8c29c90e2c2fa,W911S226U4249,2026-08-27,1,336411,1550,Small Business Set Aside - Total,,Not stated,,"Relevant Butler intelligence or subcontract lead, but prime feasibility is limited. Matched: uas, army. Scope reads as hardware supply/manufacturing with no clear design, redesign, or engineering work (matched: supply-class PSC 1550), so it is tracked as a subcontract/competitive-intelligence lead rather than a prime fit.",Set-aside eligibility may limit prime feasibility,Check set-aside,No obvious vehicle restriction,Unknown — check Butler contract vehicles,Requires small-business set-aside eligibility.,Prime uncertain,Check whether Butler can qualify directly or should team with an eligible prime.,small business set aside,https://sam.gov/workspace/contract/opp/3da9a60d1f494e4b98d8c29c90e2c2fa/view,"{'rel': 'self', 'href': 'https://api.sam.gov/prod/opportunities/v2/search?noticeid=3da9a60d1f494e4b98d8c29c90e2c2fa&limit=1'}",Andre Bishop,andre.r.bishop.civ@army.mil,Primary NAICS 336411,Partial Refresh — Capacity Reached,High
Accepted,C,0,RFP / Solicitation,"16--LOCK PIN ASSEMBLY,FOLD",DEPT OF DEFENSE.DEFENSE LOGISTICS AGENCY.DLA AVIATION.DLA AV RICHMOND.DLA AVIATION,,Solicitation,fd732b23a5a446ee90d41c7ad30f3223,SPE4A626T20XF,2026-08-27,1,336411,16,,,Not stated,,"Relevant Butler intelligence or subcontract lead, but prime feasibility is limited. Matched: dla aviation. Scope reads as hardware supply/manufacturing with no clear design, redesign, or engineering work (matched: supply-class PSC 16), so it is tracked as a subcontract/competitive-intelligence lead rather than a prime fit.",None identified,Possible subcontract lead,No obvious vehicle restriction,Not Applicable,No special eligibility found in SAM.gov fields.,Prime feasible,Monitor as a direct pursuit unless attachments indicate otherwise.,None detected,https://sam.gov/workspace/contract/opp/fd732b23a5a446ee90d41c7ad30f3223/view,"{'rel': 'self', 'href': 'https://api.sam.gov/prod/opportunities/v2/search?noticeid=fd732b23a5a446ee90d41c7ad30f3223&limit=1'}","Questions regarding this solicitation should be emailed to the buyer listed in block 5 of the solicitation document which can be found under the Additional Information link.
If the Additional Information link does not work, please go to https://www.dibbs.bsm.dla.mil/Solicitations/ and type the solicitation number in the Global Search box.
",DibbsBSM@dla.mil,Primary NAICS 336411,Partial Refresh — Capacity Reached,High
Accepted,C,-3,RFP / Solicitation,"16--PLUG,SIGHT GLASS",DEPT OF DEFENSE.DEFENSE LOGISTICS AGENCY.DLA AVIATION.DLA AV RICHMOND.DLA AVIATION,,Solicitation,bab1ddbdbe0749538669380a7ca0faad,SPE4A726T680H,2026-08-27,1,336411,16,Small Business Set Aside - Total,,Not stated,,"Relevant Butler intelligence or subcontract lead, but prime feasibility is limited. Matched: dla aviation. Scope reads as hardware supply/manufacturing with no clear design, redesign, or engineering work (matched: supply-class PSC 16), so it is tracked as a subcontract/competitive-intelligence lead rather than a prime fit.",Set-aside eligibility may limit prime feasibility,Check set-aside,No obvious vehicle restriction,Unknown — check Butler contract vehicles,Requires small-business set-aside eligibility.,Prime uncertain,Check whether Butler can qualify directly or should team with an eligible prime.,small business set aside,https://sam.gov/workspace/contract/opp/bab1ddbdbe0749538669380a7ca0faad/view,"{'rel': 'self', 'href': 'https://api.sam.gov/prod/opportunities/v2/search?noticeid=bab1ddbdbe0749538669380a7ca0faad&limit=1'}","Questions regarding this solicitation should be emailed to the buyer listed in block 5 of the solicitation document which can be found under the Additional Information link.
If the Additional Information link does not work, please go to https://www.dibbs.bsm.dla.mil/Solicitations/ and type the solicitation number in the Global Search box.
",DibbsBSM@dla.mil,Primary NAICS 336411,Partial Refresh — Capacity Reached,High
Accepted,C,-3,RFP / Solicitation,"15--WINDOW PANEL,AIRCRA",DEPT OF DEFENSE.DEFENSE LOGISTICS AGENCY.DLA AVIATION.DLA AV RICHMOND.DLA AVIATION,,Solicitation,acb94f3ab55c43bea00dad75aa6367fa,SPE4A726T680S,2026-08-27,1,336411,15,Small Business Set Aside - Total,,Not stated,,"Relevant Butler intelligence or subcontract lead, but prime feasibility is limited. Matched: dla aviation. Scope reads as hardware supply/manufacturing with no clear design, redesign, or engineering work (matched: supply-class PSC 15), so it is tracked as a subcontract/competitive-intelligence lead rather than a prime fit.",Set-aside eligibility may limit prime feasibility,Check set-aside,No obvious vehicle restriction,Unknown — check Butler contract vehicles,Requires small-business set-aside eligibility.,Prime uncertain,Check whether Butler can qualify directly or should team with an eligible prime.,small business set aside,https://sam.gov/workspace/contract/opp/acb94f3ab55c43bea00dad75aa6367fa/view,"{'rel': 'self', 'href': 'https://api.sam.gov/prod/opportunities/v2/search?noticeid=acb94f3ab55c43bea00dad75aa6367fa&limit=1'}","Questions regarding this solicitation should be emailed to the buyer listed in block 5 of the solicitation document which can be found under the Additional Information link.
If the Additional Information link does not work, please go to https://www.dibbs.bsm.dla.mil/Solicitations/ and type the solicitation number in the Global Search box.
",DibbsBSM@dla.mil,Primary NAICS 336411,Partial Refresh — Capacity Reached,High
Accepted,C,0,Sources Sought / RFI,"BLADE,COMPRESSOR,AI_End_Item_F110_NSN_2840016950035PR _PN_2814M91P01","DEPT OF DEFENSE.DEFENSE LOGISTICS AGENCY.DLA AVIATION.DLA AVIATION OKLAHOMA CITY.DLA AVIATION AT OKLAHOMA CITY, OK",,Sources Sought,530e1d9fbc314afdb6a5ce41604e2667,FD20302700096,2026-08-27,1,336412,2840,No Set aside used,UNITED STATES,Not stated,,"Relevant Butler intelligence or subcontract lead, but prime feasibility is limited. Matched: dla aviation. Attachment text was included in the screen. Scope reads as hardware supply/manufacturing with no clear design, redesign, or engineering work (matched: nsn, supply-class PSC 2840), so it is tracked as a subcontract/competitive-intelligence lead rather than a prime fit.",None identified,Possible subcontract lead,No obvious vehicle restriction,Not Applicable,No special eligibility found in SAM.gov fields.,Prime feasible,Monitor as a direct pursuit unless attachments indicate otherwise.,None detected,https://sam.gov/workspace/contract/opp/530e1d9fbc314afdb6a5ce41604e2667/view,"https://sam.gov/api/prod/opps/v3/opportunities/resources/files/0b65560a05194186a7a4fddad4ffbc53/download
https://sam.gov/api/prod/opps/v3/opportunities/resources/files/1662ad728e3546b6a87fc65279804e09/download
https://sam.gov/api/prod/opps/v3/opportunities/resources/files/168e6917553b40fd919717136e4222a7/download
https://sam.gov/api/prod/opps/v3/opportunities/resources/files/4befc786292349fc8c27df435cc52b56/download
{'rel': 'self', 'href': 'https://api.sam.gov/prod/opportunities/v2/search?noticeid=530e1d9fbc314afdb6a5ce41604e2667&limit=1'}",421st SCMS,421scms.requirements.workflow@us.af.mil,Primary NAICS 336412,Partial Refresh — Capacity Reached,High — attachment text read
Accepted,C,5,RFP / Solicitation,"28--SEAL,AIR,AIRCRAFT G",DEPT OF DEFENSE.DEFENSE LOGISTICS AGENCY.DLA AVIATION.DLA AV RICHMOND.DLA AVIATION,,Solicitation,6c00db30850e4196b48d1748b64f0caf,SPE4A526T378B,2026-08-27,1,336412,28,,,Not stated,,"Relevant Butler intelligence or subcontract lead, but prime feasibility is limited. Matched: aircraft, dla aviation. Scope reads as hardware supply/manufacturing with no clear design, redesign, or engineering work (matched: supply-class PSC 28), so it is tracked as a subcontract/competitive-intelligence lead rather than a prime fit.",None identified,Possible subcontract lead,No obvious vehicle restriction,Not Applicable,No special eligibility found in SAM.gov fields.,Prime feasible,Monitor as a direct pursuit unless attachments indicate otherwise.,None detected,https://sam.gov/workspace/contract/opp/6c00db30850e4196b48d1748b64f0caf/view,"{'rel': 'self', 'href': 'https://api.sam.gov/prod/opportunities/v2/search?noticeid=6c00db30850e4196b48d1748b64f0caf&limit=1'}","Questions regarding this solicitation should be emailed to the buyer listed in block 5 of the solicitation document which can be found under the Additional Information link.
If the Additional Information link does not work, please go to https://www.dibbs.bsm.dla.mil/Solicitations/ and type the solicitation number in the Global Search box.
",DibbsBSM@dla.mil,Primary NAICS 336412,Partial Refresh — Capacity Reached,High
Accepted,C,0,RFP / Solicitation,"28--SHROUD SEGMENT,TURB",DEPT OF DEFENSE.DEFENSE LOGISTICS AGENCY.DLA AVIATION.DLA AV RICHMOND.DLA AVIATION,,Solicitation,5115b71842784c49a26c8a340dc5f042,SPE4A126T2664,2026-08-27,1,336412,28,,,Not stated,,"Relevant Butler intelligence or subcontract lead, but prime feasibility is limited. Matched: dla aviation. Scope reads as hardware supply/manufacturing with no clear design, redesign, or engineering work (matched: supply-class PSC 28), so it is tracked as a subcontract/competitive-intelligence lead rather than a prime fit.",None identified,Possible subcontract lead,No obvious vehicle restriction,Not Applicable,No special eligibility found in SAM.gov fields.,Prime feasible,Monitor as a direct pursuit unless attachments indicate otherwise.,None detected,https://sam.gov/workspace/contract/opp/5115b71842784c49a26c8a340dc5f042/view,"{'rel': 'self', 'href': 'https://api.sam.gov/prod/opportunities/v2/search?noticeid=5115b71842784c49a26c8a340dc5f042&limit=1'}","Questions regarding this solicitation should be emailed to the buyer listed in block 5 of the solicitation document which can be found under the Additional Information link.
If the Additional Information link does not work, please go to https://www.dibbs.bsm.dla.mil/Solicitations/ and type the solicitation number in the Global Search box.
",DibbsBSM@dla.mil,Primary NAICS 336412,Partial Refresh — Capacity Reached,High
Accepted,C,0,RFP / Solicitation,"29--SHAFT ASSEMBLY,SERVO",DEPT OF DEFENSE.DEFENSE LOGISTICS AGENCY.DLA AVIATION.DLA AV RICHMOND.DLA AVIATION,,Solicitation,49349ac055f54615943cb139075e2601,SPE4A526T378H,2026-08-27,1,336412,29,,,Not stated,,"Relevant Butler intelligence or subcontract lead, but prime feasibility is limited. Matched: dla aviation. Scope reads as hardware supply/manufacturing with no clear design, redesign, or engineering work (matched: supply-class PSC 29), so it is tracked as a subcontract/competitive-intelligence lead rather than a prime fit.",None identified,Possible subcontract lead,No obvious vehicle restriction,Not Applicable,No special eligibility found in SAM.gov fields.,Prime feasible,Monitor as a direct pursuit unless attachments indicate otherwise.,None detected,https://sam.gov/workspace/contract/opp/49349ac055f54615943cb139075e2601/view,"{'rel': 'self', 'href': 'https://api.sam.gov/prod/opportunities/v2/search?noticeid=49349ac055f54615943cb139075e2601&limit=1'}","Questions regarding this solicitation should be emailed to the buyer listed in block 5 of the solicitation document which can be found under the Additional Information link.
If the Additional Information link does not work, please go to https://www.dibbs.bsm.dla.mil/Solicitations/ and type the solicitation number in the Global Search box.
",DibbsBSM@dla.mil,Primary NAICS 336412,Partial Refresh — Capacity Reached,High
Accepted,C,0,RFP / Solicitation,"29--MANIFOLD,FLUID,AIRC",DEPT OF DEFENSE.DEFENSE LOGISTICS AGENCY.DLA AVIATION.DLA AV RICHMOND.DLA AVIATION,,Solicitation,064a66d107df484c977a298c30b243ab,SPE4A526T379P,2026-08-27,1,336412,29,,,Not stated,,"Relevant Butler intelligence or subcontract lead, but prime feasibility is limited. Matched: dla aviation. Scope reads as hardware supply/manufacturing with no clear design, redesign, or engineering work (matched: supply-class PSC 29), so it is tracked as a subcontract/competitive-intelligence lead rather than a prime fit.",None identified,Possible subcontract lead,No obvious vehicle restriction,Not Applicable,No special eligibility found in SAM.gov fields.,Prime feasible,Monitor as a direct pursuit unless attachments indicate otherwise.,None detected,https://sam.gov/workspace/contract/opp/064a66d107df484c977a298c30b243ab/view,"{'rel': 'self', 'href': 'https://api.sam.gov/prod/opportunities/v2/search?noticeid=064a66d107df484c977a298c30b243ab&limit=1'}","Questions regarding this solicitation should be emailed to the buyer listed in block 5 of the solicitation document which can be found under the Additional Information link.
If the Additional Information link does not work, please go to https://www.dibbs.bsm.dla.mil/Solicitations/ and type the solicitation number in the Global Search box.
",DibbsBSM@dla.mil,Primary NAICS 336412,Partial Refresh — Capacity Reached,High
Accepted,C,-5,RFP / Solicitation,Purchase of Windshield AY,"HOMELAND SECURITY, DEPARTMENT OF.US COAST GUARD.AVIATION LOGISTICS CENTER (ALC)(00038)",,Solicitation,d9b42f89ed0d41a5aa9247259e16b4a2,70Z03826QJ0000344,2026-08-27,1,336413,1560,,,Not stated,,"Relevant Butler intelligence or subcontract lead, but prime feasibility is limited. Attachment text was included in the screen. Scope reads as hardware supply/manufacturing with no clear design, redesign, or engineering work (matched: purchase of, supply-class PSC 1560), so it is tracked as a subcontract/competitive-intelligence lead rather than a prime fit.",None identified,Possible subcontract lead,No obvious vehicle restriction,Not Applicable,No special eligibility found in SAM.gov fields.,Prime feasible,Monitor as a direct pursuit unless attachments indicate otherwise.,None detected,https://sam.gov/workspace/contract/opp/d9b42f89ed0d41a5aa9247259e16b4a2/view,"https://sam.gov/api/prod/opps/v3/opportunities/resources/files/e3f68b6059634762974f80a8d607b8a6/download
{'rel': 'self', 'href': 'https://api.sam.gov/prod/opportunities/v2/search?noticeid=d9b42f89ed0d41a5aa9247259e16b4a2&limit=1'}",Cayce Copley,cayce.a.copley2@uscg.mil,Primary NAICS 336413,Partial Refresh — Capacity Reached,High — attachment text read
Accepted,C,0,Special Notice,Replacement Parts for Sciaky EB Welder,NATIONAL AERONAUTICS AND SPACE ADMINISTRATION.NATIONAL AERONAUTICS AND SPACE ADMINISTRATION.NASA SHARED SERVICES CENTER,,Special Notice,c441fc8e3a90487ebe779e747feba1bb,80NSSC26942075Q,2026-08-27,1,336413,6695,,"Hampton, Virginia, UNITED STATES",Not stated,,"Relevant Butler intelligence or subcontract lead, but prime feasibility is limited. Matched: nasa. Attachment text was included in the screen. Scope reads as hardware supply/manufacturing with no clear design, redesign, or engineering work (matched: replacement parts, supply-class PSC 6695), so it is tracked as a subcontract/competitive-intelligence lead rather than a prime fit.",None identified,Possible subcontract lead,No obvious vehicle restriction,Not Applicable,No special eligibility found in SAM.gov fields.,Prime feasible,Monitor as a direct pursuit unless attachments indicate otherwise.,None detected,https://sam.gov/workspace/contract/opp/c441fc8e3a90487ebe779e747feba1bb/view,"https://sam.gov/api/prod/opps/v3/opportunities/resources/files/06e97f2c73914cddb2e65963e55c15e3/download
https://sam.gov/api/prod/opps/v3/opportunities/resources/files/51334b74112a419cbfdffb7120e46a78/download
https://sam.gov/api/prod/opps/v3/opportunities/resources/files/971999bf84a645d89776db08fa29fa6e/download
{'rel': 'self', 'href': 'https://api.sam.gov/prod/opportunities/v2/search?noticeid=c441fc8e3a90487ebe779e747feba1bb&limit=1'}",Shanna Patterson,shanna.l.patterson@nasa.gov,Primary NAICS 336413,Partial Refresh — Capacity Reached,High — attachment text read
Accepted,C,-5,RFP / Solicitation,"Relay Switch Box, AN","HOMELAND SECURITY, DEPARTMENT OF.US COAST GUARD.AVIATION LOGISTICS CENTER (ALC)(00038)",,Solicitation,7f954fe606b64c89bf5d678bcaaffae0,70Z03826QJ0000296,2026-08-27,1,336413,5930,,,Not stated,,"Relevant Butler intelligence or subcontract lead, but prime feasibility is limited. Attachment text was included in the screen. Scope reads as hardware supply/manufacturing with no clear design, redesign, or engineering work (matched: supply-class PSC 5930), so it is tracked as a subcontract/competitive-intelligence lead rather than a prime fit.",None identified,Possible subcontract lead,No obvious vehicle restriction,Not Applicable,No special eligibility found in SAM.gov fields.,Prime feasible,Monitor as a direct pursuit unless attachments indicate otherwise.,None detected,https://sam.gov/workspace/contract/opp/7f954fe606b64c89bf5d678bcaaffae0/view,"https://sam.gov/api/prod/opps/v3/opportunities/resources/files/20957c01f905411886be8f5d63b326d4/download
https://sam.gov/api/prod/opps/v3/opportunities/resources/files/4aed154591594899bb8b34fdc2a7cd4f/download
https://sam.gov/api/prod/opps/v3/opportunities/resources/files/601ae2a9465e4feebc68501f6f5c027f/download
https://sam.gov/api/prod/opps/v3/opportunities/resources/files/c7449235121d4374baf16b874716cb90/download
https://sam.gov/api/prod/opps/v3/opportunities/resources/files/e87af40d691443038db11c5e043907d7/download
{'rel': 'self', 'href': 'https://api.sam.gov/prod/opportunities/v2/search?noticeid=7f954fe606b64c89bf5d678bcaaffae0&limit=1'}",Julie Lininger,julie.g.lininger@uscg.mil,Primary NAICS 336413,Partial Refresh — Capacity Reached,High — attachment text read
Accepted,C,-1,RFP / Solicitation,PROCUREMENT OF VARIOUS SPARES FOR MH-65,"HOMELAND SECURITY, DEPARTMENT OF.US COAST GUARD.AVIATION LOGISTICS CENTER (ALC)(00038)",,Solicitation,454119370141401d99b7c6b8b53a5efd,70Z03826QB0000197,2026-08-27,1,336413,1730,No Set aside used,,Not stated,,"Relevant Butler intelligence or subcontract lead, but prime feasibility is limited. Matched: iot. Attachment text was included in the screen. Scope reads as hardware supply/manufacturing with no clear design, redesign, or engineering work (matched: procurement of, spares, supply-class PSC 1730), so it is tracked as a subcontract/competitive-intelligence lead rather than a prime fit.",None identified,Possible subcontract lead,No obvious vehicle restriction,Not Applicable,No special eligibility found in SAM.gov fields.,Prime feasible,Monitor as a direct pursuit unless attachments indicate otherwise.,None detected,https://sam.gov/workspace/contract/opp/454119370141401d99b7c6b8b53a5efd/view,"https://sam.gov/api/prod/opps/v3/opportunities/resources/files/06499e2e657948d1aa24fa9f4a46bee9/download
https://sam.gov/api/prod/opps/v3/opportunities/resources/files/1be4c2111be4463f94239633ea184417/download
https://sam.gov/api/prod/opps/v3/opportunities/resources/files/1c39bcb3466a46c0be58f806a30e6510/download
{'rel': 'self', 'href': 'https://api.sam.gov/prod/opportunities/v2/search?noticeid=454119370141401d99b7c6b8b53a5efd&limit=1'}",Alex-Marie Midgett,Alex-Marie.B.Midgett@uscg.mil,Primary NAICS 336413,Partial Refresh — Capacity Reached,High — attachment text read
Accepted,C,-5,RFP / Solicitation,Procurement of Various Cable and Wire,"HOMELAND SECURITY, DEPARTMENT OF.US COAST GUARD.AVIATION LOGISTICS CENTER (ALC)(00038)",,Solicitation,f2e9279019f84c38804421972e8fe927,70Z03826QJ0000341,2026-08-27,1,336413,6145,No Set aside used,,Not stated,,"Relevant Butler intelligence or subcontract lead, but prime feasibility is limited. Attachment text was included in the screen. Scope reads as hardware supply/manufacturing with no clear design, redesign, or engineering work (matched: procurement of, supply-class PSC 6145), so it is tracked as a subcontract/competitive-intelligence lead rather than a prime fit.",None identified,Possible subcontract lead,No obvious vehicle restriction,Not Applicable,No special eligibility found in SAM.gov fields.,Prime feasible,Monitor as a direct pursuit unless attachments indicate otherwise.,None detected,https://sam.gov/workspace/contract/opp/f2e9279019f84c38804421972e8fe927/view,"https://sam.gov/api/prod/opps/v3/opportunities/resources/files/14988420d07b41febed7bcfb354350e5/download
https://sam.gov/api/prod/opps/v3/opportunities/resources/files/1d40a02081614c229829fb4c7ce0e3dd/download
https://sam.gov/api/prod/opps/v3/opportunities/resources/files/a7ce0725e2284110866a05cc3988266f/download
{'rel': 'self', 'href': 'https://api.sam.gov/prod/opportunities/v2/search?noticeid=f2e9279019f84c38804421972e8fe927&limit=1'}",Amy Whitehurst,Amy.E.Whitehurst2@uscg.mil,Primary NAICS 336413,Partial Refresh — Capacity Reached,High — attachment text read
Accepted,C,0,Sources Sought / RFI,CYLINDER ASSEMBLY_End_Item_KC-135_NSN_1680008951058RK_PN_5-89525-6,"DEPT OF DEFENSE.DEFENSE LOGISTICS AGENCY.DLA AVIATION.DLA AVIATION OKLAHOMA CITY.DLA AVIATION AT OKLAHOMA CITY, OK",,Sources Sought,dfab79c2a9fc4df1a91741cf850d8132,FD20302700234,2026-08-27,1,336413,1680,No Set aside used,UNITED STATES,Not stated,,"Relevant Butler intelligence or subcontract lead, but prime feasibility is limited. Matched: dla aviation. Attachment text was included in the screen. Scope reads as hardware supply/manufacturing with no clear design, redesign, or engineering work (matched: nsn, supply-class PSC 1680), so it is tracked as a subcontract/competitive-intelligence lead rather than a prime fit.",None identified,Possible subcontract lead,No obvious vehicle restriction,Not Applicable,No special eligibility found in SAM.gov fields.,Prime feasible,Monitor as a direct pursuit unless attachments indicate otherwise.,None detected,https://sam.gov/workspace/contract/opp/dfab79c2a9fc4df1a91741cf850d8132/view,"https://sam.gov/api/prod/opps/v3/opportunities/resources/files/d9ebb925d1584904ab330d719655e469/download
{'rel': 'self', 'href': 'https://api.sam.gov/prod/opportunities/v2/search?noticeid=dfab79c2a9fc4df1a91741cf850d8132&limit=1'}",423 Workflow,423scms.guea.workflow@us.af.mil,Primary NAICS 336413,Partial Refresh — Capacity Reached,High — attachment text read
Accepted,C,0,Sources Sought / RFI,"VALVE, BUTTERFLY_End_Item_C-130_NSN_4810010390459TP_PN_398654-1-4","DEPT OF DEFENSE.DEFENSE LOGISTICS AGENCY.DLA AVIATION.DLA AVIATION OKLAHOMA CITY.DLA AVIATION AT OKLAHOMA CITY, OK",,Sources Sought,d05718dc92c446238095761108df5e78,FD20302700228,2026-08-27,1,336413,4810,No Set aside used,UNITED STATES,Not stated,,"Relevant Butler intelligence or subcontract lead, but prime feasibility is limited. Matched: dla aviation. Attachment text was included in the screen. Scope reads as hardware supply/manufacturing with no clear design, redesign, or engineering work (matched: nsn, supply-class PSC 4810), so it is tracked as a subcontract/competitive-intelligence lead rather than a prime fit.",None identified,Possible subcontract lead,No obvious vehicle restriction,Not Applicable,No special eligibility found in SAM.gov fields.,Prime feasible,Monitor as a direct pursuit unless attachments indicate otherwise.,None detected,https://sam.gov/workspace/contract/opp/d05718dc92c446238095761108df5e78/view,"https://sam.gov/api/prod/opps/v3/opportunities/resources/files/8758d8fbeee542d99ec937014c719ae2/download
{'rel': 'self', 'href': 'https://api.sam.gov/prod/opportunities/v2/search?noticeid=d05718dc92c446238095761108df5e78&limit=1'}",423 Workflow,423scms.guea.workflow@us.af.mil,Primary NAICS 336413,Partial Refresh — Capacity Reached,High — attachment text read
Accepted,C,-3,Special Notice,Portable Cabin Pressure Tester,DEPT OF DEFENSE.DEPT OF THE AIR FORCE.AIR COMBAT COMMAND.FA4809  4TH CONS SQ CC,,Special Notice,abf10ca9ca8642b5ae81c45abf65a2e2,F3T2EM6119AQ01,2026-08-27,1,336413,4920,Small Business Set Aside - Total,"Goldsboro, North Carolina, UNITED STATES",Not stated,,"Relevant Butler intelligence or subcontract lead, but prime feasibility is limited. Matched: air force. Attachment text was included in the screen. Scope reads as hardware supply/manufacturing with no clear design, redesign, or engineering work (matched: supply-class PSC 4920), so it is tracked as a subcontract/competitive-intelligence lead rather than a prime fit.",Set-aside eligibility may limit prime feasibility,Check set-aside,No obvious vehicle restriction,Unknown — check Butler contract vehicles,Requires small-business set-aside eligibility.,Prime uncertain,Check whether Butler can qualify directly or should team with an eligible prime.,small business set aside,https://sam.gov/workspace/contract/opp/abf10ca9ca8642b5ae81c45abf65a2e2/view,"https://sam.gov/api/prod/opps/v3/opportunities/resources/files/8b9cd0b674fa4fc2bf7a109a1e56c5e9/download
{'rel': 'self', 'href': 'https://api.sam.gov/prod/opportunities/v2/search?noticeid=abf10ca9ca8642b5ae81c45abf65a2e2&limit=1'}",De'Montae Frink,demontae.frink@us.af.mil,Primary NAICS 336413,Partial Refresh — Capacity Reached,High — attachment text read
Accepted,C,1,RFP / Solicitation,KC-46 Landing Gear PBL,"DEPT OF DEFENSE.DEFENSE LOGISTICS AGENCY.DLA AVIATION.DLA AVIATION OGDEN.DLA  AVIATION AT OGDEN, UT",,Solicitation,2dc4587a7775460d95f79aeeb6d3639a,SPRHA1-26-R-4646,2026-08-27,1,336413,1620,Small Business Set Aside - Total,UNITED STATES,Not stated,,"Relevant Butler intelligence or subcontract lead, but prime feasibility is limited. Matched: plm, dla aviation. Attachment text was included in the screen. Scope reads as hardware supply/manufacturing with no clear design, redesign, or engineering work (matched: supply-class PSC 1620), so it is tracked as a subcontract/competitive-intelligence lead rather than a prime fit.",Set-aside eligibility may limit prime feasibility,Check set-aside,No obvious vehicle restriction,Unknown — check Butler contract vehicles,Requires small-business set-aside eligibility.,Prime uncertain,Check whether Butler can qualify directly or should team with an eligible prime.,small business set aside,https://sam.gov/workspace/contract/opp/2dc4587a7775460d95f79aeeb6d3639a/view,"https://sam.gov/api/prod/opps/v3/opportunities/resources/files/02d46017dbb94538b3c2b74b663a6a9d/download
https://sam.gov/api/prod/opps/v3/opportunities/resources/files/0a982090c1de434b84736b8ba08c94f8/download
https://sam.gov/api/prod/opps/v3/opportunities/resources/files/1abea556976e4099bb149df479ba0544/download
https://sam.gov/api/prod/opps/v3/opportunities/resources/files/1c0c1d30022149ee9fc093cd545e6179/download
https://sam.gov/api/prod/opps/v3/opportunities/resources/files/1c8d609440ec436b8bb3de5d47c74ee0/download
https://sam.gov/api/prod/opps/v3/opportunities/resources/files/1ffdc10d423b4bfc960f34de288b9ea0/download
https://sam.gov/api/prod/opps/v3/opportunities/resources/files/239c3f6d49334fb5919902df6df05021/download
https://sam.gov/api/prod/opps/v3/opportunities/resources/files/24f870c141bb403184f8fdd5864740fc/download
https://sam.gov/api/prod/opps/v3/opportunities/resources/files/25ae46c3939d40c58d9790a19dc5efed/download
https://sam.gov/api/prod/opps/v3/opportunities/resources/files/2b88b67fdbc44eb698724249610eecfb/download
https://sam.gov/api/prod/opps/v3/opportunities/resources/files/2e3c41c6c9bb42aa945b2c66ca4b635e/download
https://sam.gov/api/prod/opps/v3/opportunities/resources/files/2fb066b560c94efaa980196643962045/download
https://sam.gov/api/prod/opps/v3/opportunities/resources/files/408970f4e4e6497a8628bdb05a31d083/download
https://sam.gov/api/prod/opps/v3/opportunities/resources/files/426cab1ef46f4cb38ba2371802e75aab/download
https://sam.gov/api/prod/opps/v3/opportunities/resources/files/4833fdd3c4b64e6e96034508d09f9b15/download
https://sam.gov/api/prod/opps/v3/opportunities/resources/files/4a8ecb4988d24e72aeb594e73af8dc41/download
https://sam.gov/api/prod/opps/v3/opportunities/resources/files/53a9bcb6680e4e34b7384c174d258260/download
https://sam.gov/api/prod/opps/v3/opportunities/resources/files/584fd42d7f9d4145832030a8e968ded4/download
https://sam.gov/api/prod/opps/v3/opportunities/resources/files/85b3855df7ff48c49a96d43b12a8dca6/download
https://sam.gov/api/prod/opps/v3/opportunities/resources/files/902afce372c247f5a2431b40f7f10c47/download
https://sam.gov/api/prod/opps/v3/opportunities/resources/files/90fce7f8e7bd458e8fcd4e3d94f916ea/download
https://sam.gov/api/prod/opps/v3/opportunities/resources/files/9a890b8fc25f4e8c9be5e1f22f51c7e6/download
https://sam.gov/api/prod/opps/v3/opportunities/resources/files/b85f19a4f7494ab381e162be023b702b/download
https://sam.gov/api/prod/opps/v3/opportunities/resources/files/bbef0f81a0894a0fa1b2e63cd25fcebe/download
https://sam.gov/api/prod/opps/v3/opportunities/resources/files/bd472c34756b4559a16a70eea408f538/download
https://sam.gov/api/prod/opps/v3/opportunities/resources/files/c4094390c5fd4531a4ef3feeacdec14e/download
https://sam.gov/api/prod/opps/v3/opportunities/resources/files/cf42ba283b0f4d35a805104644452375/download
https://sam.gov/api/prod/opps/v3/opportunities/resources/files/d703280eda9549b1b4d10fb0f4cccf81/download
https://sam.gov/api/prod/opps/v3/opportunities/resources/files/d7d071d03a1f47f4b0bf3c2605897089/download
https://sam.gov/api/prod/opps/v3/opportunities/resources/files/deb6ca678ff643089214ddcdaf044428/download
https://sam.gov/api/prod/opps/v3/opportunities/resources/files/e335056b52e94c76a528c205ea0b78ea/download
https://sam.gov/api/prod/opps/v3/opportunities/resources/files/e6940b6555b14c55b0da849eea5f20f7/download
https://sam.gov/api/prod/opps/v3/opportunities/resources/files/e9926ab1663247459d6b370c355e7cad/download
https://sam.gov/api/prod/opps/v3/opportunities/resources/files/eb047e5ce137418da64f77dafe63e3bf/download
https://sam.gov/api/prod/opps/v3/opportunities/resources/files/f43bf6fee8e842cca8eb3c85ef7262bf/download
https://sam.gov/api/prod/opps/v3/opportunities/resources/files/f7cc0b94774f4a9b87bef1299bbb210d/download
https://sam.gov/api/prod/opps/v3/opportunities/resources/files/fdaff4db932b43a8a076db2c97a64472/download
{'rel': 'self', 'href': 'https://api.sam.gov/prod/opportunities/v2/search?noticeid=2dc4587a7775460d95f79aeeb6d3639a&limit=1'}",Kyle  Swaner,kyle.swaner@us.af.mil,Primary NAICS 336413,Partial Refresh — Capacity Reached,High — attachment text read
Accepted,C,5,Sources Sought / RFI,"TURBINE, AIRCRAFT CO_End_Item_E-3_NSN_1660014608886_PN_2204330-4-2","DEPT OF DEFENSE.DEFENSE LOGISTICS AGENCY.DLA AVIATION.DLA AVIATION OKLAHOMA CITY.DLA AVIATION AT OKLAHOMA CITY, OK",,Sources Sought,0946e06a120745c1a86543b1a9ea3ec5,FD20302602096-01,2026-08-27,1,336413,1660,No Set aside used,UNITED STATES,Not stated,,"Relevant Butler intelligence or subcontract lead, but prime feasibility is limited. Matched: aircraft, dla aviation. Attachment text was included in the screen. Scope reads as hardware supply/manufacturing with no clear design, redesign, or engineering work (matched: nsn, supply-class PSC 1660), so it is tracked as a subcontract/competitive-intelligence lead rather than a prime fit.",None identified,Possible subcontract lead,No obvious vehicle restriction,Not Applicable,No special eligibility found in SAM.gov fields.,Prime feasible,Monitor as a direct pursuit unless attachments indicate otherwise.,None detected,https://sam.gov/workspace/contract/opp/0946e06a120745c1a86543b1a9ea3ec5/view,"https://sam.gov/api/prod/opps/v3/opportunities/resources/files/4d24d239d65c442893630b02d5feab98/download
{'rel': 'self', 'href': 'https://api.sam.gov/prod/opportunities/v2/search?noticeid=0946e06a120745c1a86543b1a9ea3ec5&limit=1'}",430 SCMS,430scms.afmc.rfiresponses@us.af.mil,Primary NAICS 336413,Partial Refresh — Capacity Reached,High — attachment text read
Accepted,C,5,RFP / Solicitation,"62--LIGHT,COCKPIT,AIRCRAFT",DEPT OF DEFENSE.DEFENSE LOGISTICS AGENCY.DLA AVIATION.DLA AV RICHMOND.DLA AVIATION,,Solicitation,e3ff4ebd46634bcaba80601fab7716d5,SPE4A626T20TH,2026-08-27,1,336413,62,,,Not stated,,"Relevant Butler intelligence or subcontract lead, but prime feasibility is limited. Matched: aircraft, dla aviation. Scope reads as hardware supply/manufacturing with no clear design, redesign, or engineering work (matched: supply-class PSC 62), so it is tracked as a subcontract/competitive-intelligence lead rather than a prime fit.",None identified,Possible subcontract lead,No obvious vehicle restriction,Not Applicable,No special eligibility found in SAM.gov fields.,Prime feasible,Monitor as a direct pursuit unless attachments indicate otherwise.,None detected,https://sam.gov/workspace/contract/opp/e3ff4ebd46634bcaba80601fab7716d5/view,"{'rel': 'self', 'href': 'https://api.sam.gov/prod/opportunities/v2/search?noticeid=e3ff4ebd46634bcaba80601fab7716d5&limit=1'}","Questions regarding this solicitation should be emailed to the buyer listed in block 5 of the solicitation document which can be found under the Additional Information link.
If the Additional Information link does not work, please go to https://www.dibbs.bsm.dla.mil/Solicitations/ and type the solicitation number in the Global Search box.
",DibbsBSM@dla.mil,Primary NAICS 336413,Partial Refresh — Capacity Reached,High
Accepted,C,-3,RFP / Solicitation,"15--PLATE,STRUCTURAL,AIRCR",DEPT OF DEFENSE.DEFENSE LOGISTICS AGENCY.DLA AVIATION.DLA AV RICHMOND.DLA AVIATION,,Solicitation,e0c6faa5f6a348efa3ef64fbfcfe0a70,SPE4A626T20LA,2026-08-27,1,336413,15,SBA Certified Women-Owned Small Business (WOSB) Program Set-Aside (FAR 19.15),,Not stated,,"Relevant Butler intelligence or subcontract lead, but prime feasibility is limited. Matched: dla aviation. Scope reads as hardware supply/manufacturing with no clear design, redesign, or engineering work (matched: supply-class PSC 15), so it is tracked as a subcontract/competitive-intelligence lead rather than a prime fit.",Set-aside eligibility may limit prime feasibility,Check set-aside,No obvious vehicle restriction,Unknown — check Butler contract vehicles,Requires small-business set-aside eligibility.,Prime uncertain,Check whether Butler can qualify directly or should team with an eligible prime.,wosb,https://sam.gov/workspace/contract/opp/e0c6faa5f6a348efa3ef64fbfcfe0a70/view,"{'rel': 'self', 'href': 'https://api.sam.gov/prod/opportunities/v2/search?noticeid=e0c6faa5f6a348efa3ef64fbfcfe0a70&limit=1'}","Questions regarding this solicitation should be emailed to the buyer listed in block 5 of the solicitation document which can be found under the Additional Information link.
If the Additional Information link does not work, please go to https://www.dibbs.bsm.dla.mil/Solicitations/ and type the solicitation number in the Global Search box.
",DibbsBSM@dla.mil,Primary NAICS 336413,Partial Refresh — Capacity Reached,High
Accepted,C,5,RFP / Solicitation,"15--FAIRING,AIRCRAFT",DEPT OF DEFENSE.DEFENSE LOGISTICS AGENCY.DLA AVIATION.DLA AV RICHMOND.DLA AVIATION,,Solicitation,c79a4c474fa644c3a1e5118341e67d6e,SPE4A526T379Z,2026-08-27,1,336413,15,,,Not stated,,"Relevant Butler intelligence or subcontract lead, but prime feasibility is limited. Matched: aircraft, dla aviation. Scope reads as hardware supply/manufacturing with no clear design, redesign, or engineering work (matched: supply-class PSC 15), so it is tracked as a subcontract/competitive-intelligence lead rather than a prime fit.",None identified,Possible subcontract lead,No obvious vehicle restriction,Not Applicable,No special eligibility found in SAM.gov fields.,Prime feasible,Monitor as a direct pursuit unless attachments indicate otherwise.,None detected,https://sam.gov/workspace/contract/opp/c79a4c474fa644c3a1e5118341e67d6e/view,"{'rel': 'self', 'href': 'https://api.sam.gov/prod/opportunities/v2/search?noticeid=c79a4c474fa644c3a1e5118341e67d6e&limit=1'}","Questions regarding this solicitation should be emailed to the buyer listed in block 5 of the solicitation document which can be found under the Additional Information link.
If the Additional Information link does not work, please go to https://www.dibbs.bsm.dla.mil/Solicitations/ and type the solicitation number in the Global Search box.
",DibbsBSM@dla.mil,Primary NAICS 336413,Partial Refresh — Capacity Reached,High
Accepted,C,-3,RFP / Solicitation,"15--SEAL,RUDDER BALANCE",DEPT OF DEFENSE.DEFENSE LOGISTICS AGENCY.DLA AVIATION.DLA AV RICHMOND.DLA AVIATION,,Solicitation,bb602e10996a4efca1ae6be3f716ada2,SPE4A726T681X,2026-08-27,1,336413,15,Small Business Set Aside - Total,,Not stated,,"Relevant Butler intelligence or subcontract lead, but prime feasibility is limited. Matched: dla aviation. Scope reads as hardware supply/manufacturing with no clear design, redesign, or engineering work (matched: supply-class PSC 15), so it is tracked as a subcontract/competitive-intelligence lead rather than a prime fit.",Set-aside eligibility may limit prime feasibility,Check set-aside,No obvious vehicle restriction,Unknown — check Butler contract vehicles,Requires small-business set-aside eligibility.,Prime uncertain,Check whether Butler can qualify directly or should team with an eligible prime.,small business set aside,https://sam.gov/workspace/contract/opp/bb602e10996a4efca1ae6be3f716ada2/view,"{'rel': 'self', 'href': 'https://api.sam.gov/prod/opportunities/v2/search?noticeid=bb602e10996a4efca1ae6be3f716ada2&limit=1'}","Questions regarding this solicitation should be emailed to the buyer listed in block 5 of the solicitation document which can be found under the Additional Information link.
If the Additional Information link does not work, please go to https://www.dibbs.bsm.dla.mil/Solicitations/ and type the solicitation number in the Global Search box.
",DibbsBSM@dla.mil,Primary NAICS 336413,Partial Refresh — Capacity Reached,High
Accepted,C,-3,RFP / Solicitation,"15--PANEL,STRUCTURAL,AI",DEPT OF DEFENSE.DEFENSE LOGISTICS AGENCY.DLA AVIATION.DLA AV RICHMOND.DLA AVIATION,,Solicitation,bb59f3e723bc475894c45c3b031ec406,SPE4A426T0190,2026-08-27,1,336413,15,Small Business Set Aside - Total,,Not stated,,"Relevant Butler intelligence or subcontract lead, but prime feasibility is limited. Matched: dla aviation. Scope reads as hardware supply/manufacturing with no clear design, redesign, or engineering work (matched: supply-class PSC 15), so it is tracked as a subcontract/competitive-intelligence lead rather than a prime fit.",Set-aside eligibility may limit prime feasibility,Check set-aside,No obvious vehicle restriction,Unknown — check Butler contract vehicles,Requires small-business set-aside eligibility.,Prime uncertain,Check whether Butler can qualify directly or should team with an eligible prime.,small business set aside,https://sam.gov/workspace/contract/opp/bb59f3e723bc475894c45c3b031ec406/view,"{'rel': 'self', 'href': 'https://api.sam.gov/prod/opportunities/v2/search?noticeid=bb59f3e723bc475894c45c3b031ec406&limit=1'}","Questions regarding this solicitation should be emailed to the buyer listed in block 5 of the solicitation document which can be found under the Additional Information link.
If the Additional Information link does not work, please go to https://www.dibbs.bsm.dla.mil/Solicitations/ and type the solicitation number in the Global Search box.
",DibbsBSM@dla.mil,Primary NAICS 336413,Partial Refresh — Capacity Reached,High
Accepted,C,-3,RFP / Solicitation,Pillow Block Plates,DEPT OF DEFENSE.DEPT OF THE AIR FORCE.AIR FORCE MATERIEL COMMAND.AIR FORCE LIFE CYCLE MANAGEMENT CENTER.CYBER AND NETWORKS.FA8307  AFLCMC HNCK HNC CYBER & NTR,,Solicitation,b764cd00f42a45efa95e08db3f2a94e5,F3KTK76106AW02,2026-08-27,1,336413,9535,Small Business Set Aside - Total,UNITED STATES,Not stated,,"Relevant Butler intelligence or subcontract lead, but prime feasibility is limited. Matched: air force, aflcmc. Scope reads as hardware supply/manufacturing with no clear design, redesign, or engineering work (matched: supply-class PSC 9535), so it is tracked as a subcontract/competitive-intelligence lead rather than a prime fit.",Set-aside eligibility may limit prime feasibility,Check set-aside,No obvious vehicle restriction,Unknown — check Butler contract vehicles,Requires small-business set-aside eligibility.,Prime uncertain,Check whether Butler can qualify directly or should team with an eligible prime.,small business set aside,https://sam.gov/workspace/contract/opp/b764cd00f42a45efa95e08db3f2a94e5/view,"{'rel': 'self', 'href': 'https://api.sam.gov/prod/opportunities/v2/search?noticeid=b764cd00f42a45efa95e08db3f2a94e5&limit=1'}",Latoya Perry-Jenkins,latoya.perry-jenkins.ctr@us.af.mil,Primary NAICS 336413,Partial Refresh — Capacity Reached,High
Accepted,C,-3,RFP / Solicitation,"16--AXLE,LANDING GEAR",DEPT OF DEFENSE.DEFENSE LOGISTICS AGENCY.DLA AVIATION.DLA AV RICHMOND.DLA AVIATION,,Solicitation,a3ddcf659b4a43c5a263c232a836c6fc,SPE4A726T679A,2026-08-27,1,336413,16,Small Business Set Aside - Total,,Not stated,,"Relevant Butler intelligence or subcontract lead, but prime feasibility is limited. Matched: dla aviation. Scope reads as hardware supply/manufacturing with no clear design, redesign, or engineering work (matched: supply-class PSC 16), so it is tracked as a subcontract/competitive-intelligence lead rather than a prime fit.",Set-aside eligibility may limit prime feasibility,Check set-aside,No obvious vehicle restriction,Unknown — check Butler contract vehicles,Requires small-business set-aside eligibility.,Prime uncertain,Check whether Butler can qualify directly or should team with an eligible prime.,small business set aside,https://sam.gov/workspace/contract/opp/a3ddcf659b4a43c5a263c232a836c6fc/view,"{'rel': 'self', 'href': 'https://api.sam.gov/prod/opportunities/v2/search?noticeid=a3ddcf659b4a43c5a263c232a836c6fc&limit=1'}","Questions regarding this solicitation should be emailed to the buyer listed in block 5 of the solicitation document which can be found under the Additional Information link.
If the Additional Information link does not work, please go to https://www.dibbs.bsm.dla.mil/Solicitations/ and type the solicitation number in the Global Search box.
",DibbsBSM@dla.mil,Primary NAICS 336413,Partial Refresh — Capacity Reached,High
Accepted,C,-3,RFP / Solicitation,"15--SUPPORT,STRUCTURAL",DEPT OF DEFENSE.DEFENSE LOGISTICS AGENCY.DLA AVIATION.DLA AV RICHMOND.DLA AVIATION,,Solicitation,62ed423eb7154f80bc283382dfb179ab,SPE4A726T681A,2026-08-27,1,336413,15,Small Business Set Aside - Total,,Not stated,,"Relevant Butler intelligence or subcontract lead, but prime feasibility is limited. Matched: dla aviation. Scope reads as hardware supply/manufacturing with no clear design, redesign, or engineering work (matched: supply-class PSC 15), so it is tracked as a subcontract/competitive-intelligence lead rather than a prime fit.",Set-aside eligibility may limit prime feasibility,Check set-aside,No obvious vehicle restriction,Unknown — check Butler contract vehicles,Requires small-business set-aside eligibility.,Prime uncertain,Check whether Butler can qualify directly or should team with an eligible prime.,small business set aside,https://sam.gov/workspace/contract/opp/62ed423eb7154f80bc283382dfb179ab/view,"{'rel': 'self', 'href': 'https://api.sam.gov/prod/opportunities/v2/search?noticeid=62ed423eb7154f80bc283382dfb179ab&limit=1'}","Questions regarding this solicitation should be emailed to the buyer listed in block 5 of the solicitation document which can be found under the Additional Information link.
If the Additional Information link does not work, please go to https://www.dibbs.bsm.dla.mil/Solicitations/ and type the solicitation number in the Global Search box.
",DibbsBSM@dla.mil,Primary NAICS 336413,Partial Refresh — Capacity Reached,High
Accepted,C,2,RFP / Solicitation,"15--SKIN,AIRCRAFT",DEPT OF DEFENSE.DEFENSE LOGISTICS AGENCY.DLA AVIATION.DLA AV RICHMOND.DLA AVIATION,,Solicitation,5e8b12c3607d4a9d85d4de55c3248ac0,SPE4A726T682Y,2026-08-27,1,336413,15,Small Business Set Aside - Total,,Not stated,,"Relevant Butler intelligence or subcontract lead, but prime feasibility is limited. Matched: aircraft, dla aviation. Scope reads as hardware supply/manufacturing with no clear design, redesign, or engineering work (matched: supply-class PSC 15), so it is tracked as a subcontract/competitive-intelligence lead rather than a prime fit.",Set-aside eligibility may limit prime feasibility,Check set-aside,No obvious vehicle restriction,Unknown — check Butler contract vehicles,Requires small-business set-aside eligibility.,Prime uncertain,Check whether Butler can qualify directly or should team with an eligible prime.,small business set aside,https://sam.gov/workspace/contract/opp/5e8b12c3607d4a9d85d4de55c3248ac0/view,"{'rel': 'self', 'href': 'https://api.sam.gov/prod/opportunities/v2/search?noticeid=5e8b12c3607d4a9d85d4de55c3248ac0&limit=1'}","Questions regarding this solicitation should be emailed to the buyer listed in block 5 of the solicitation document which can be found under the Additional Information link.
If the Additional Information link does not work, please go to https://www.dibbs.bsm.dla.mil/Solicitations/ and type the solicitation number in the Global Search box.
",DibbsBSM@dla.mil,Primary NAICS 336413,Partial Refresh — Capacity Reached,High
Accepted,C,-5,RFP / Solicitation,"PROCUREMENT OF RESISTOR, THERMAL FOR USE ON MH-65","HOMELAND SECURITY, DEPARTMENT OF.US COAST GUARD.AVIATION LOGISTICS CENTER (ALC)(00038)",,Solicitation,590d3575ec394813b0a6cdd57c209ac7,70Z03826QB0000203,2026-08-27,1,336413,5905,No Set aside used,,Not stated,,"Relevant Butler intelligence or subcontract lead, but prime feasibility is limited. Attachment text was included in the screen. Scope reads as hardware supply/manufacturing with no clear design, redesign, or engineering work (matched: procurement of, nsn, supply-class PSC 5905), so it is tracked as a subcontract/competitive-intelligence lead rather than a prime fit.",None identified,Possible subcontract lead,No obvious vehicle restriction,Not Applicable,No special eligibility found in SAM.gov fields.,Prime feasible,Monitor as a direct pursuit unless attachments indicate otherwise.,None detected,https://sam.gov/workspace/contract/opp/590d3575ec394813b0a6cdd57c209ac7/view,"https://sam.gov/api/prod/opps/v3/opportunities/resources/files/ad3c84bbedf24d18aab9af1b2151df73/download
https://sam.gov/api/prod/opps/v3/opportunities/resources/files/f7a580562c564b898056dff558746076/download
{'rel': 'self', 'href': 'https://api.sam.gov/prod/opportunities/v2/search?noticeid=590d3575ec394813b0a6cdd57c209ac7&limit=1'}",Alex-Marie Midgett,Alex-Marie.B.Midgett@uscg.mil,Primary NAICS 336413,Partial Refresh — Capacity Reached,High — attachment text read
Accepted,C,-3,RFP / Solicitation,"16--CYLINDER,ACTUATING,LIN",DEPT OF DEFENSE.DEFENSE LOGISTICS AGENCY.DLA AVIATION.DLA AV RICHMOND.DLA AVIATION,,Solicitation,3c82ba8f4e914aab9c0ae993c6e8c5a2,SPE4A726T678P,2026-08-27,1,336413,16,Small Business Set Aside - Total,,Not stated,,"Relevant Butler intelligence or subcontract lead, but prime feasibility is limited. Matched: dla aviation. Scope reads as hardware supply/manufacturing with no clear design, redesign, or engineering work (matched: supply-class PSC 16), so it is tracked as a subcontract/competitive-intelligence lead rather than a prime fit.",Set-aside eligibility may limit prime feasibility,Check set-aside,No obvious vehicle restriction,Unknown — check Butler contract vehicles,Requires small-business set-aside eligibility.,Prime uncertain,Check whether Butler can qualify directly or should team with an eligible prime.,small business set aside,https://sam.gov/workspace/contract/opp/3c82ba8f4e914aab9c0ae993c6e8c5a2/view,"{'rel': 'self', 'href': 'https://api.sam.gov/prod/opportunities/v2/search?noticeid=3c82ba8f4e914aab9c0ae993c6e8c5a2&limit=1'}","Questions regarding this solicitation should be emailed to the buyer listed in block 5 of the solicitation document which can be found under the Additional Information link.
If the Additional Information link does not work, please go to https://www.dibbs.bsm.dla.mil/Solicitations/ and type the solicitation number in the Global Search box.
",DibbsBSM@dla.mil,Primary NAICS 336413,Partial Refresh — Capacity Reached,High
Accepted,C,0,RFP / Solicitation,"15--PANEL,STRUCTURAL,AI",DEPT OF DEFENSE.DEFENSE LOGISTICS AGENCY.DLA AVIATION.DLA AV RICHMOND.DLA AVIATION,,Solicitation,0677e48efdf14731b3793c09bc21c189,SPE4A626T20KX,2026-08-27,1,336413,15,,,Not stated,,"Relevant Butler intelligence or subcontract lead, but prime feasibility is limited. Matched: dla aviation. Scope reads as hardware supply/manufacturing with no clear design, redesign, or engineering work (matched: supply-class PSC 15), so it is tracked as a subcontract/competitive-intelligence lead rather than a prime fit.",None identified,Possible subcontract lead,No obvious vehicle restriction,Not Applicable,No special eligibility found in SAM.gov fields.,Prime feasible,Monitor as a direct pursuit unless attachments indicate otherwise.,None detected,https://sam.gov/workspace/contract/opp/0677e48efdf14731b3793c09bc21c189/view,"{'rel': 'self', 'href': 'https://api.sam.gov/prod/opportunities/v2/search?noticeid=0677e48efdf14731b3793c09bc21c189&limit=1'}","Questions regarding this solicitation should be emailed to the buyer listed in block 5 of the solicitation document which can be found under the Additional Information link.
If the Additional Information link does not work, please go to https://www.dibbs.bsm.dla.mil/Solicitations/ and type the solicitation number in the Global Search box.
",DibbsBSM@dla.mil,Primary NAICS 336413,Partial Refresh — Capacity Reached,High
Accepted,C,-3,RFP / Solicitation,"16--HOUSING,TRIM TAB",DEPT OF DEFENSE.DEFENSE LOGISTICS AGENCY.DLA AVIATION.DLA AV RICHMOND.DLA AVIATION,,Solicitation,017157a5fb1c4c1cbc2ef6a4078a7245,SPE4A626T20HX,2026-08-27,1,336413,16,Small Business Set Aside - Total,,Not stated,,"Relevant Butler intelligence or subcontract lead, but prime feasibility is limited. Matched: dla aviation. Scope reads as hardware supply/manufacturing with no clear design, redesign, or engineering work (matched: supply-class PSC 16), so it is tracked as a subcontract/competitive-intelligence lead rather than a prime fit.",Set-aside eligibility may limit prime feasibility,Check set-aside,No obvious vehicle restriction,Unknown — check Butler contract vehicles,Requires small-business set-aside eligibility.,Prime uncertain,Check whether Butler can qualify directly or should team with an eligible prime.,small business set aside,https://sam.gov/workspace/contract/opp/017157a5fb1c4c1cbc2ef6a4078a7245/view,"{'rel': 'self', 'href': 'https://api.sam.gov/prod/opportunities/v2/search?noticeid=017157a5fb1c4c1cbc2ef6a4078a7245&limit=1'}","Questions regarding this solicitation should be emailed to the buyer listed in block 5 of the solicitation document which can be found under the Additional Information link.
If the Additional Information link does not work, please go to https://www.dibbs.bsm.dla.mil/Solicitations/ and type the solicitation number in the Global Search box.
",DibbsBSM@dla.mil,Primary NAICS 336413,Partial Refresh — Capacity Reached,High
Accepted,C,-3,RFP / Solicitation,"14--SABOT,SUBASSEMBLY",DEPT OF DEFENSE.DEFENSE LOGISTICS AGENCY.DLA AVIATION.DLA AV RICHMOND.DLA AVIATION,,Solicitation,534543650ce94e9c9f1ed07f7b0184d2,SPE4A726T681R,2026-08-27,1,336415,14,SBA Certified Women-Owned Small Business (WOSB) Program Set-Aside (FAR 19.15),,Not stated,,"Relevant Butler intelligence or subcontract lead, but prime feasibility is limited. Matched: dla aviation. Scope reads as hardware supply/manufacturing with no clear design, redesign, or engineering work (matched: supply-class PSC 14), so it is tracked as a subcontract/competitive-intelligence lead rather than a prime fit.",Set-aside eligibility may limit prime feasibility,Check set-aside,No obvious vehicle restriction,Unknown — check Butler contract vehicles,Requires small-business set-aside eligibility.,Prime uncertain,Check whether Butler can qualify directly or should team with an eligible prime.,wosb,https://sam.gov/workspace/contract/opp/534543650ce94e9c9f1ed07f7b0184d2/view,"{'rel': 'self', 'href': 'https://api.sam.gov/prod/opportunities/v2/search?noticeid=534543650ce94e9c9f1ed07f7b0184d2&limit=1'}","Questions regarding this solicitation should be emailed to the buyer listed in block 5 of the solicitation document which can be found under the Additional Information link.
If the Additional Information link does not work, please go to https://www.dibbs.bsm.dla.mil/Solicitations/ and type the solicitation number in the Global Search box.
",DibbsBSM@dla.mil,Primary NAICS 336415,Partial Refresh — Capacity Reached,High
Accepted,C,-3,RFP / Solicitation,14--FRAME ASSEMBLY,DEPT OF DEFENSE.DEFENSE LOGISTICS AGENCY.DLA AVIATION.DLA AV RICHMOND.DLA AVIATION,,Solicitation,a8cd034120b84044919f95457c97cc38,SPE4A626T20RP,2026-08-27,1,336419,14,Small Business Set Aside - Total,,Not stated,,"Relevant Butler intelligence or subcontract lead, but prime feasibility is limited. Matched: dla aviation. Scope reads as hardware supply/manufacturing with no clear design, redesign, or engineering work (matched: supply-class PSC 14), so it is tracked as a subcontract/competitive-intelligence lead rather than a prime fit.",Set-aside eligibility may limit prime feasibility,Check set-aside,No obvious vehicle restriction,Unknown — check Butler contract vehicles,Requires small-business set-aside eligibility.,Prime uncertain,Check whether Butler can qualify directly or should team with an eligible prime.,small business set aside,https://sam.gov/workspace/contract/opp/a8cd034120b84044919f95457c97cc38/view,"{'rel': 'self', 'href': 'https://api.sam.gov/prod/opportunities/v2/search?noticeid=a8cd034120b84044919f95457c97cc38&limit=1'}","Questions regarding this solicitation should be emailed to the buyer listed in block 5 of the solicitation document which can be found under the Additional Information link.
If the Additional Information link does not work, please go to https://www.dibbs.bsm.dla.mil/Solicitations/ and type the solicitation number in the Global Search box.
",DibbsBSM@dla.mil,Primary NAICS 336419,Partial Refresh — Capacity Reached,High
Accepted,C,-3,RFP / Solicitation,SeaPort: Site Security Manager (SSM) Support Services for SMWDC,DEPT OF DEFENSE.DEPT OF THE NAVY.NAVSUP.NAVSUP GLOBAL LOGISTICS SUPPORT.NAVSUP FLC SAN DIEGO.NAVSUP FLT LOG CTR  SAN DIEGO,,Solicitation,e75d5a8c2533402395e2adb0f3323ec0,N0024426R3110,2026-08-26,0,541330,R430,Small Business Set Aside - Total,"San Diego, California, UNITED STATES",Not stated,,"Relevant Butler intelligence or subcontract lead, but prime feasibility is limited. Matched: navy, navsup. Attachment text was included in the screen.",Set-aside eligibility may limit prime feasibility,Check set-aside,No obvious vehicle restriction,Unknown — check Butler contract vehicles,Requires small-business set-aside eligibility.,Prime uncertain,Check whether Butler can qualify directly or should team with an eligible prime.,small business set aside,https://sam.gov/workspace/contract/opp/e75d5a8c2533402395e2adb0f3323ec0/view,"https://sam.gov/api/prod/opps/v3/opportunities/resources/files/0244f81710b74ef1a86ea11498521dee/download
https://sam.gov/api/prod/opps/v3/opportunities/resources/files/097d32243a2f4394ae477dab9a9a75bc/download
https://sam.gov/api/prod/opps/v3/opportunities/resources/files/3a2ae023fdb343b7b54126408e77e732/download
https://sam.gov/api/prod/opps/v3/opportunities/resources/files/3adb4173155e4040b9a23e13f47f511f/download
https://sam.gov/api/prod/opps/v3/opportunities/resources/files/4f5a5b32235f4b9c836be069bfac4341/download
https://sam.gov/api/prod/opps/v3/opportunities/resources/files/74b742b5592b4c16bbe5021b9bd6158c/download
https://sam.gov/api/prod/opps/v3/opportunities/resources/files/76bb5a2590a143e3bffcae95e58a54bf/download
https://sam.gov/api/prod/opps/v3/opportunities/resources/files/7ff97c749b0c412e8545f77599c6c006/download
https://sam.gov/api/prod/opps/v3/opportunities/resources/files/806a71c0566f40c98ad1f0c506eaa54b/download
https://sam.gov/api/prod/opps/v3/opportunities/resources/files/85586abda3f3446d9527e26f05ef9929/download
https://sam.gov/api/prod/opps/v3/opportunities/resources/files/92a85127a4974876aa672f256c4cdd39/download
https://sam.gov/api/prod/opps/v3/opportunities/resources/files/94b0a4da68a64e9ca2db0ccef3f9c3b3/download
https://sam.gov/api/prod/opps/v3/opportunities/resources/files/9b11b82a2a6d4f558485ba8aa611e2ee/download
https://sam.gov/api/prod/opps/v3/opportunities/resources/files/b9a3ea8dd10244468724a7f0b2008c95/download
https://sam.gov/api/prod/opps/v3/opportunities/resources/files/ebe8b69f54a94ac687fc3bf020520c2f/download
https://sam.gov/api/prod/opps/v3/opportunities/resources/files/fac983d444ba4be88268ae3638a69952/download
{'rel': 'self', 'href': 'https://api.sam.gov/prod/opportunities/v2/search?noticeid=e75d5a8c2533402395e2adb0f3323ec0&limit=1'}","Christine Jordan, christine.jordan@navy.mil",christine.m.jordan14.civ@us.navy.mil,Primary NAICS 541330,Partial Refresh — Capacity Reached,High — attachment text read
Accepted,C,0,RFP / Solicitation,Gulfstream Hydraulic Pump,NATIONAL AERONAUTICS AND SPACE ADMINISTRATION.NATIONAL AERONAUTICS AND SPACE ADMINISTRATION.NASA SHARED SERVICES CENTER,,Solicitation,38cf5b15c2074e1c81328a377f977b38,80NSSC26942777Q,2026-08-26,0,336411,1680,,"Edwards, California, UNITED STATES",Not stated,,"Relevant Butler intelligence or subcontract lead, but prime feasibility is limited. Matched: nasa. Attachment text was included in the screen. Scope reads as hardware supply/manufacturing with no clear design, redesign, or engineering work (matched: supply-class PSC 1680), so it is tracked as a subcontract/competitive-intelligence lead rather than a prime fit.",None identified,Possible subcontract lead,No obvious vehicle restriction,Not Applicable,No special eligibility found in SAM.gov fields.,Prime feasible,Monitor as a direct pursuit unless attachments indicate otherwise.,None detected,https://sam.gov/workspace/contract/opp/38cf5b15c2074e1c81328a377f977b38/view,"https://sam.gov/api/prod/opps/v3/opportunities/resources/files/91d91ba293f04a12b660356bd9803785/download
https://sam.gov/api/prod/opps/v3/opportunities/resources/files/c4d0897bf248439b8349c43496e8975b/download
https://sam.gov/api/prod/opps/v3/opportunities/resources/files/f5a6031e386f48d9a7226a108ff4ca3a/download
{'rel': 'self', 'href': 'https://api.sam.gov/prod/opportunities/v2/search?noticeid=38cf5b15c2074e1c81328a377f977b38&limit=1'}",Tracy Bremer,tracy.g.bremer@nasa.gov,Primary NAICS 336411,Partial Refresh — Capacity Reached,High — attachment text read
Accepted,C,1,RFP / Solicitation,112th Signal Drones,DEPT OF DEFENSE.US SPECIAL OPERATIONS COMMAND (USSOCOM).HQ USSOCOM,,Solicitation,b2cd9fd492074537933909bbde5e8ebd,H9242126QE042,2026-08-26,0,336411,1550,,"25058, North Carolina, UNITED STATES",Not stated,,"Relevant Butler intelligence or subcontract lead, but prime feasibility is limited. Matched: plm. Attachment text was included in the screen. Scope reads as hardware supply/manufacturing with no clear design, redesign, or engineering work (matched: supply-class PSC 1550), so it is tracked as a subcontract/competitive-intelligence lead rather than a prime fit.",None identified,Possible subcontract lead,No obvious vehicle restriction,Not Applicable,No special eligibility found in SAM.gov fields.,Prime feasible,Monitor as a direct pursuit unless attachments indicate otherwise.,None detected,https://sam.gov/workspace/contract/opp/b2cd9fd492074537933909bbde5e8ebd/view,"https://sam.gov/api/prod/opps/v3/opportunities/resources/files/49dde946e0b54a40a05ec9486bac008c/download
https://sam.gov/api/prod/opps/v3/opportunities/resources/files/4f27f4dc2da4416ab1b2e6328ffa6878/download
https://sam.gov/api/prod/opps/v3/opportunities/resources/files/f7cc697bad594707872dd825180da628/download
{'rel': 'self', 'href': 'https://api.sam.gov/prod/opportunities/v2/search?noticeid=b2cd9fd492074537933909bbde5e8ebd&limit=1'}",SSG Saisha Smith,saisha.a.smith.mil@socom.mil,Primary NAICS 336411,Partial Refresh — Capacity Reached,High — attachment text read
Accepted,C,-3,RFP / Solicitation,"16--HARNESS,CARRYING,OXYGE",DEPT OF DEFENSE.DEFENSE LOGISTICS AGENCY.DLA AVIATION.DLA AV RICHMOND.DLA AVIATION,,Solicitation,6ef53561e8ca4bb1bba01dbf56ce9c7a,SPE4A726T678C,2026-08-26,0,336411,16,Small Business Set Aside - Total,,Not stated,,"Relevant Butler intelligence or subcontract lead, but prime feasibility is limited. Matched: dla aviation. Scope reads as hardware supply/manufacturing with no clear design, redesign, or engineering work (matched: supply-class PSC 16), so it is tracked as a subcontract/competitive-intelligence lead rather than a prime fit.",Set-aside eligibility may limit prime feasibility,Check set-aside,No obvious vehicle restriction,Unknown — check Butler contract vehicles,Requires small-business set-aside eligibility.,Prime uncertain,Check whether Butler can qualify directly or should team with an eligible prime.,small business set aside,https://sam.gov/workspace/contract/opp/6ef53561e8ca4bb1bba01dbf56ce9c7a/view,"{'rel': 'self', 'href': 'https://api.sam.gov/prod/opportunities/v2/search?noticeid=6ef53561e8ca4bb1bba01dbf56ce9c7a&limit=1'}","Questions regarding this solicitation should be emailed to the buyer listed in block 5 of the solicitation document which can be found under the Additional Information link.
If the Additional Information link does not work, please go to https://www.dibbs.bsm.dla.mil/Solicitations/ and type the solicitation number in the Global Search box.
",DibbsBSM@dla.mil,Primary NAICS 336411,Partial Refresh — Capacity Reached,High
Accepted,C,2,RFP / Solicitation,"28--DISK,TURBINE,AIRCRAFT",DEPT OF DEFENSE.DEFENSE LOGISTICS AGENCY.DLA AVIATION.DLA AV RICHMOND.DLA AVIATION,,Solicitation,f3345801a5184a11aae3f21e378bbedf,SPE4A526Q0707,2026-08-26,0,336412,28,Small Business Set Aside - Total,,Not stated,,"Relevant Butler intelligence or subcontract lead, but prime feasibility is limited. Matched: aircraft, dla aviation. Scope reads as hardware supply/manufacturing with no clear design, redesign, or engineering work (matched: supply-class PSC 28), so it is tracked as a subcontract/competitive-intelligence lead rather than a prime fit.",Set-aside eligibility may limit prime feasibility,Check set-aside,No obvious vehicle restriction,Unknown — check Butler contract vehicles,Requires small-business set-aside eligibility.,Prime uncertain,Check whether Butler can qualify directly or should team with an eligible prime.,small business set aside,https://sam.gov/workspace/contract/opp/f3345801a5184a11aae3f21e378bbedf/view,"{'rel': 'self', 'href': 'https://api.sam.gov/prod/opportunities/v2/search?noticeid=f3345801a5184a11aae3f21e378bbedf&limit=1'}","Questions regarding this solicitation should be emailed to the buyer listed in block 5 of the solicitation document which can be found under the Additional Information link.
If the Additional Information link does not work, please go to https://www.dibbs.bsm.dla.mil/Solicitations/ and type the solicitation number in the Global Search box.
",DibbsBSM@dla.mil,Primary NAICS 336412,Partial Refresh — Capacity Reached,High
Accepted,C,0,Sources Sought / RFI,FWD Rotor Spool_End_Item_J85_NSN_2840015169165OK_PN_5128T35G01,"DEPT OF DEFENSE.DEFENSE LOGISTICS AGENCY.DLA AVIATION.DLA AVIATION OKLAHOMA CITY.DLA AVIATION AT OKLAHOMA CITY, OK",,Sources Sought,6e50cc55e5244bf48912b8842b91986e,FD20302700232,2026-08-26,0,336412,2840,No Set aside used,UNITED STATES,Not stated,,"Relevant Butler intelligence or subcontract lead, but prime feasibility is limited. Matched: dla aviation. Attachment text was included in the screen. Scope reads as hardware supply/manufacturing with no clear design, redesign, or engineering work (matched: nsn, supply-class PSC 2840), so it is tracked as a subcontract/competitive-intelligence lead rather than a prime fit.",None identified,Possible subcontract lead,No obvious vehicle restriction,Not Applicable,No special eligibility found in SAM.gov fields.,Prime feasible,Monitor as a direct pursuit unless attachments indicate otherwise.,None detected,https://sam.gov/workspace/contract/opp/6e50cc55e5244bf48912b8842b91986e/view,"https://sam.gov/api/prod/opps/v3/opportunities/resources/files/33cc4edc95864136a6dfaf6767bffd8b/download
https://sam.gov/api/prod/opps/v3/opportunities/resources/files/ebcc44fcd81348cb905d02394b6d60e1/download
https://sam.gov/api/prod/opps/v3/opportunities/resources/files/f529b556ea7b41a29742ce56ca19b28a/download
https://sam.gov/api/prod/opps/v3/opportunities/resources/files/f94ffa4252cb4e4e9a332c8a6511f465/download
{'rel': 'self', 'href': 'https://api.sam.gov/prod/opportunities/v2/search?noticeid=6e50cc55e5244bf48912b8842b91986e&limit=1'}",421st SCMS,421scms.requirements.workflow@us.af.mil,Primary NAICS 336412,Partial Refresh — Capacity Reached,High — attachment text read
Accepted,C,0,RFP / Solicitation,"29--HOUSING,ACTUATOR",DEPT OF DEFENSE.DEFENSE LOGISTICS AGENCY.DLA AVIATION.DLA AV RICHMOND.DLA AVIATION,,Solicitation,38f48b2db45746f3bf022c09c8808fcb,SPE4A526T377A,2026-08-26,0,336412,29,,,Not stated,,"Relevant Butler intelligence or subcontract lead, but prime feasibility is limited. Matched: dla aviation. Scope reads as hardware supply/manufacturing with no clear design, redesign, or engineering work (matched: supply-class PSC 29), so it is tracked as a subcontract/competitive-intelligence lead rather than a prime fit.",None identified,Possible subcontract lead,No obvious vehicle restriction,Not Applicable,No special eligibility found in SAM.gov fields.,Prime feasible,Monitor as a direct pursuit unless attachments indicate otherwise.,None detected,https://sam.gov/workspace/contract/opp/38f48b2db45746f3bf022c09c8808fcb/view,"{'rel': 'self', 'href': 'https://api.sam.gov/prod/opportunities/v2/search?noticeid=38f48b2db45746f3bf022c09c8808fcb&limit=1'}","Questions regarding this solicitation should be emailed to the buyer listed in block 5 of the solicitation document which can be found under the Additional Information link.
If the Additional Information link does not work, please go to https://www.dibbs.bsm.dla.mil/Solicitations/ and type the solicitation number in the Global Search box.
",DibbsBSM@dla.mil,Primary NAICS 336412,Partial Refresh — Capacity Reached,High
Accepted,C,-8,RFP / Solicitation,Shock Absorber,"HOMELAND SECURITY, DEPARTMENT OF.US COAST GUARD.AVIATION LOGISTICS CENTER (ALC)(00038)",,Solicitation,258d1a8cdf084bb3a235c9ae97dcd8a0,70Z03826QB0000201,2026-08-26,0,336413,5340,Small Business Set Aside - Total,,Not stated,,"Relevant Butler intelligence or subcontract lead, but prime feasibility is limited. Attachment text was included in the screen. Scope reads as hardware supply/manufacturing with no clear design, redesign, or engineering work (matched: supply-class PSC 5340), so it is tracked as a subcontract/competitive-intelligence lead rather than a prime fit.",Set-aside eligibility may limit prime feasibility,Check set-aside,No obvious vehicle restriction,Unknown — check Butler contract vehicles,Requires small-business set-aside eligibility.,Prime uncertain,Check whether Butler can qualify directly or should team with an eligible prime.,small business set aside,https://sam.gov/workspace/contract/opp/258d1a8cdf084bb3a235c9ae97dcd8a0/view,"https://sam.gov/api/prod/opps/v3/opportunities/resources/files/059a39b20ecb473ba618549a6ba66629/download
https://sam.gov/api/prod/opps/v3/opportunities/resources/files/b2f738f8f2934bfc8f39ff5626156cce/download
{'rel': 'self', 'href': 'https://api.sam.gov/prod/opportunities/v2/search?noticeid=258d1a8cdf084bb3a235c9ae97dcd8a0&limit=1'}",Raymond V. Marler,raymond.v.marler@uscg.mil,Primary NAICS 336413,Partial Refresh — Capacity Reached,High — attachment text read
Accepted,C,2,RFP / Solicitation,Starlink Aviation Performance Kit,NATIONAL AERONAUTICS AND SPACE ADMINISTRATION.NATIONAL AERONAUTICS AND SPACE ADMINISTRATION.NASA SHARED SERVICES CENTER,,Solicitation,c8239cebebdf4aabaedf9ab4554a6652,80NSSC26941587Q,2026-08-26,0,336413,7A20,Small Business Set Aside - Total,"Hampton, Virginia, UNITED STATES",Not stated,,"Relevant Butler intelligence or subcontract lead, but prime feasibility is limited. Matched: aviation, nasa. Attachment text was included in the screen. Scope reads as hardware supply/manufacturing with no clear design, redesign, or engineering work (matched: supply-class PSC 7A20), so it is tracked as a subcontract/competitive-intelligence lead rather than a prime fit.",Set-aside eligibility may limit prime feasibility,Check set-aside,No obvious vehicle restriction,Unknown — check Butler contract vehicles,Requires small-business set-aside eligibility.,Prime uncertain,Check whether Butler can qualify directly or should team with an eligible prime.,small business set aside,https://sam.gov/workspace/contract/opp/c8239cebebdf4aabaedf9ab4554a6652/view,"https://sam.gov/api/prod/opps/v3/opportunities/resources/files/58de38e8518242ef966aa85b07dd6926/download
https://sam.gov/api/prod/opps/v3/opportunities/resources/files/78b64c350d524ccc96dcfac273bcfc5d/download
https://sam.gov/api/prod/opps/v3/opportunities/resources/files/b85f204e5c754807a90f3c4171b40b96/download
https://sam.gov/api/prod/opps/v3/opportunities/resources/files/e903ced5ea444cc1943089cb3298f511/download
{'rel': 'self', 'href': 'https://api.sam.gov/prod/opportunities/v2/search?noticeid=c8239cebebdf4aabaedf9ab4554a6652&limit=1'}",Shanna Patterson,shanna.l.patterson@nasa.gov,Primary NAICS 336413,Partial Refresh — Capacity Reached,High — attachment text read
Accepted,C,-5,Special Notice,Tail Cone and Tail Rotor Pylon Kit,"HOMELAND SECURITY, DEPARTMENT OF.US COAST GUARD.AVIATION LOGISTICS CENTER (ALC)(00038)",,Special Notice,88c7e377125045488a5963014a3fceda,70Z03826QJ0000147,2026-08-26,0,336413,1560,No Set aside used,,Not stated,,"Relevant Butler intelligence or subcontract lead, but prime feasibility is limited. Attachment text was included in the screen. Scope reads as hardware supply/manufacturing with no clear design, redesign, or engineering work (matched: supply-class PSC 1560), so it is tracked as a subcontract/competitive-intelligence lead rather than a prime fit.",None identified,Possible subcontract lead,No obvious vehicle restriction,Not Applicable,No special eligibility found in SAM.gov fields.,Prime feasible,Monitor as a direct pursuit unless attachments indicate otherwise.,None detected,https://sam.gov/workspace/contract/opp/88c7e377125045488a5963014a3fceda/view,"https://sam.gov/api/prod/opps/v3/opportunities/resources/files/451843fadf2948b0888b3affd5c83d7a/download
https://sam.gov/api/prod/opps/v3/opportunities/resources/files/e959825afe0246f39ca638888508c510/download
{'rel': 'self', 'href': 'https://api.sam.gov/prod/opportunities/v2/search?noticeid=88c7e377125045488a5963014a3fceda&limit=1'}",Trenton Twiford,trenton.c.twiford@uscg.mil,Primary NAICS 336413,Partial Refresh — Capacity Reached,High — attachment text read
Accepted,C,-8,RFP / Solicitation,Purchase of Emergency Breathing System,"HOMELAND SECURITY, DEPARTMENT OF.US COAST GUARD.AVIATION LOGISTICS CENTER (ALC)(00038)",,Solicitation,bed37312a3824f69bd0f95afbb22b439,70Z03826QE0000057,2026-08-26,0,336413,4220,Small Business Set Aside - Total,"Elizabeth City, North Carolina, UNITED STATES",Not stated,,"Relevant Butler intelligence or subcontract lead, but prime feasibility is limited. Attachment text was included in the screen. Scope reads as hardware supply/manufacturing with no clear design, redesign, or engineering work (matched: purchase of, supply-class PSC 4220), so it is tracked as a subcontract/competitive-intelligence lead rather than a prime fit.",Set-aside eligibility may limit prime feasibility,Check set-aside,No obvious vehicle restriction,Unknown — check Butler contract vehicles,Requires small-business set-aside eligibility.,Prime uncertain,Check whether Butler can qualify directly or should team with an eligible prime.,small business set aside,https://sam.gov/workspace/contract/opp/bed37312a3824f69bd0f95afbb22b439/view,"https://sam.gov/api/prod/opps/v3/opportunities/resources/files/544809659a6f4f0e8b656fdfcc39be55/download
https://sam.gov/api/prod/opps/v3/opportunities/resources/files/d223985c0c9d41c38a62c043397d73cb/download
https://sam.gov/api/prod/opps/v3/opportunities/resources/files/f43217ac6bb4468a9fd3ffab29b389d7/download
{'rel': 'self', 'href': 'https://api.sam.gov/prod/opportunities/v2/search?noticeid=bed37312a3824f69bd0f95afbb22b439&limit=1'}",Patrick Morris,william.p.morris@uscg.mil,Primary NAICS 336413,Partial Refresh — Capacity Reached,High — attachment text read
Accepted,C,-5,RFP / Solicitation,"PROCUREMENT OF EXTINGUISHER,FIRE,V FOR USE ON MH-65","HOMELAND SECURITY, DEPARTMENT OF.US COAST GUARD.AVIATION LOGISTICS CENTER (ALC)(00038)",,Solicitation,9e0ec26059d8438cba58cd4b38304a7c,70Z03826QB0000202,2026-08-26,0,336413,4210,No Set aside used,,Not stated,,"Relevant Butler intelligence or subcontract lead, but prime feasibility is limited. Attachment text was included in the screen. Scope reads as hardware supply/manufacturing with no clear design, redesign, or engineering work (matched: procurement of, supply-class PSC 4210), so it is tracked as a subcontract/competitive-intelligence lead rather than a prime fit.",None identified,Possible subcontract lead,No obvious vehicle restriction,Not Applicable,No special eligibility found in SAM.gov fields.,Prime feasible,Monitor as a direct pursuit unless attachments indicate otherwise.,None detected,https://sam.gov/workspace/contract/opp/9e0ec26059d8438cba58cd4b38304a7c/view,"https://sam.gov/api/prod/opps/v3/opportunities/resources/files/1ef82952e71d433eabf62c9c4ec0fd8b/download
https://sam.gov/api/prod/opps/v3/opportunities/resources/files/d69bd95c78994211a4aeeec087439caf/download
{'rel': 'self', 'href': 'https://api.sam.gov/prod/opportunities/v2/search?noticeid=9e0ec26059d8438cba58cd4b38304a7c&limit=1'}",Alex-Marie Midgett,Alex-Marie.B.Midgett@uscg.mil,Primary NAICS 336413,Partial Refresh — Capacity Reached,High — attachment text read
Accepted,C,-5,RFP / Solicitation,"Dampener, Flutter","HOMELAND SECURITY, DEPARTMENT OF.US COAST GUARD.AVIATION LOGISTICS CENTER (ALC)(00038)",,Solicitation,19e4f2b8f869443c9a9d51c0aed75263,70Z03826QJ0000329,2026-08-26,0,336413,1650,No Set aside used,,Not stated,,"Relevant Butler intelligence or subcontract lead, but prime feasibility is limited. Attachment text was included in the screen. Scope reads as hardware supply/manufacturing with no clear design, redesign, or engineering work (matched: supply-class PSC 1650), so it is tracked as a subcontract/competitive-intelligence lead rather than a prime fit.",None identified,Possible subcontract lead,No obvious vehicle restriction,Not Applicable,No special eligibility found in SAM.gov fields.,Prime feasible,Monitor as a direct pursuit unless attachments indicate otherwise.,None detected,https://sam.gov/workspace/contract/opp/19e4f2b8f869443c9a9d51c0aed75263/view,"https://sam.gov/api/prod/opps/v3/opportunities/resources/files/63c1a4d6473d468697ecb765863495dd/download
{'rel': 'self', 'href': 'https://api.sam.gov/prod/opportunities/v2/search?noticeid=19e4f2b8f869443c9a9d51c0aed75263&limit=1'}",Julie Lininger,julie.g.lininger@uscg.mil,Primary NAICS 336413,Partial Refresh — Capacity Reached,High — attachment text read
Accepted,C,0,RFP / Solicitation,B1-B Intake & Exhaust Plugs - Solicitation,DEPT OF DEFENSE.DEPT OF THE AIR FORCE.AIR FORCE GLOBAL STRIKE COMMAND.FA4661  7 CONS CD,,Solicitation,db02f2becf264b4f848b9367ed3f27f0,FA466126Q0088,2026-08-26,0,336413,1730,No Set aside used,"Dyess AFB, Texas, UNITED STATES",Not stated,,"Relevant Butler intelligence or subcontract lead, but prime feasibility is limited. Matched: air force. Attachment text was included in the screen. Scope reads as hardware supply/manufacturing with no clear design, redesign, or engineering work (matched: supply-class PSC 1730), so it is tracked as a subcontract/competitive-intelligence lead rather than a prime fit.",None identified,Possible subcontract lead,No obvious vehicle restriction,Not Applicable,No special eligibility found in SAM.gov fields.,Prime feasible,Monitor as a direct pursuit unless attachments indicate otherwise.,None detected,https://sam.gov/workspace/contract/opp/db02f2becf264b4f848b9367ed3f27f0/view,"https://sam.gov/api/prod/opps/v3/opportunities/resources/files/37b3c103680449f891e0e2b674675aa4/download
https://sam.gov/api/prod/opps/v3/opportunities/resources/files/482472620f3e492599fdd773478cba2f/download
https://sam.gov/api/prod/opps/v3/opportunities/resources/files/d2e9ab58859e489cba389de2a5405a12/download
{'rel': 'self', 'href': 'https://api.sam.gov/prod/opportunities/v2/search?noticeid=db02f2becf264b4f848b9367ed3f27f0&limit=1'}",Cade Watson,cade.watson@us.af.mil,Primary NAICS 336413,Partial Refresh — Capacity Reached,High — attachment text read
Accepted,C,-5,RFP / Solicitation,"Purchase of Valve, Butterfly","HOMELAND SECURITY, DEPARTMENT OF.US COAST GUARD.AVIATION LOGISTICS CENTER (ALC)(00038)",,Solicitation,aab37113d5804c09bea8d847a6d42235,70Z03826QH0000105,2026-08-26,0,336413,4810,,,Not stated,,"Relevant Butler intelligence or subcontract lead, but prime feasibility is limited. Attachment text was included in the screen. Scope reads as hardware supply/manufacturing with no clear design, redesign, or engineering work (matched: purchase of, supply-class PSC 4810), so it is tracked as a subcontract/competitive-intelligence lead rather than a prime fit.",None identified,Possible subcontract lead,No obvious vehicle restriction,Not Applicable,No special eligibility found in SAM.gov fields.,Prime feasible,Monitor as a direct pursuit unless attachments indicate otherwise.,None detected,https://sam.gov/workspace/contract/opp/aab37113d5804c09bea8d847a6d42235/view,"https://sam.gov/api/prod/opps/v3/opportunities/resources/files/1cddf60b2e3a4a889e0f72c156fd336c/download
https://sam.gov/api/prod/opps/v3/opportunities/resources/files/7c4c75f38f004608a0f2546de9b03311/download
https://sam.gov/api/prod/opps/v3/opportunities/resources/files/a3b602c8c97048c894788b12d9fcb3c7/download
{'rel': 'self', 'href': 'https://api.sam.gov/prod/opportunities/v2/search?noticeid=aab37113d5804c09bea8d847a6d42235&limit=1'}","WATTS, ANGELA",ANGELA.L.WATTS@USCG.MIL,Primary NAICS 336413,Partial Refresh — Capacity Reached,High — attachment text read
Accepted,C,-5,RFP / Solicitation,PROCUREMENT OF CONNECTOR FOR USE ON MH-65,"HOMELAND SECURITY, DEPARTMENT OF.US COAST GUARD.AVIATION LOGISTICS CENTER (ALC)(00038)",,Solicitation,738660d46f4547b29dce543ffac50889,70Z03826QB0000190,2026-08-26,0,336413,5935,No Set aside used,,Not stated,,"Relevant Butler intelligence or subcontract lead, but prime feasibility is limited. Attachment text was included in the screen. Scope reads as hardware supply/manufacturing with no clear design, redesign, or engineering work (matched: procurement of, supply-class PSC 5935), so it is tracked as a subcontract/competitive-intelligence lead rather than a prime fit.",None identified,Possible subcontract lead,No obvious vehicle restriction,Not Applicable,No special eligibility found in SAM.gov fields.,Prime feasible,Monitor as a direct pursuit unless attachments indicate otherwise.,None detected,https://sam.gov/workspace/contract/opp/738660d46f4547b29dce543ffac50889/view,"https://sam.gov/api/prod/opps/v3/opportunities/resources/files/099a87793dae4e3bb9ee0484b839a737/download
https://sam.gov/api/prod/opps/v3/opportunities/resources/files/dfed6e60c5734b46bec7c0b23a009d67/download
{'rel': 'self', 'href': 'https://api.sam.gov/prod/opportunities/v2/search?noticeid=738660d46f4547b29dce543ffac50889&limit=1'}",Alex-Marie Midgett,Alex-Marie.B.Midgett@uscg.mil,Primary NAICS 336413,Partial Refresh — Capacity Reached,High — attachment text read
Accepted,C,5,Sources Sought / RFI,E-7 Wedgetail Aircraft Simulator Capability Assessment,DEPT OF DEFENSE.DEPT OF THE AIR FORCE.AIR FORCE MATERIEL COMMAND.AIR FORCE LIFE CYCLE MANAGEMENT CENTER.TRAINING.FA8621 AFLCMC WNSK SIMS,,Sources Sought,72056b630ce94835b7fdd2726588daa0,E7RFIv2-260819,2026-08-26,0,336413,6930,No Set aside used,"0, Oklahoma, UNITED STATES",Not stated,,"Relevant Butler intelligence or subcontract lead, but prime feasibility is limited. Matched: aircraft, air force, aflcmc. Attachment text was included in the screen. Scope reads as hardware supply/manufacturing with no clear design, redesign, or engineering work (matched: supply-class PSC 6930), so it is tracked as a subcontract/competitive-intelligence lead rather than a prime fit.",None identified,Possible subcontract lead,No obvious vehicle restriction,Not Applicable,No special eligibility found in SAM.gov fields.,Prime feasible,Monitor as a direct pursuit unless attachments indicate otherwise.,None detected,https://sam.gov/workspace/contract/opp/72056b630ce94835b7fdd2726588daa0/view,"https://sam.gov/api/prod/opps/v3/opportunities/resources/files/ebc72f81207d4a9db2258c50b91b57a5/download
{'rel': 'self', 'href': 'https://api.sam.gov/prod/opportunities/v2/search?noticeid=72056b630ce94835b7fdd2726588daa0&limit=1'}",Ryan Masin,ryan.masin.1@us.af.mil,Primary NAICS 336413,Partial Refresh — Capacity Reached,High — attachment text read
Accepted,C,-5,RFP / Solicitation,Procurement of Various Items,"HOMELAND SECURITY, DEPARTMENT OF.US COAST GUARD.AVIATION LOGISTICS CENTER (ALC)(00038)",,Solicitation,56a47040f1b44f05b28488fa1a1daa61,70Z03826QJ0000333,2026-08-26,0,336413,1560,No Set aside used,,Not stated,,"Relevant Butler intelligence or subcontract lead, but prime feasibility is limited. Attachment text was included in the screen. Scope reads as hardware supply/manufacturing with no clear design, redesign, or engineering work (matched: procurement of, supply-class PSC 1560), so it is tracked as a subcontract/competitive-intelligence lead rather than a prime fit.",None identified,Possible subcontract lead,No obvious vehicle restriction,Not Applicable,No special eligibility found in SAM.gov fields.,Prime feasible,Monitor as a direct pursuit unless attachments indicate otherwise.,None detected,https://sam.gov/workspace/contract/opp/56a47040f1b44f05b28488fa1a1daa61/view,"https://sam.gov/api/prod/opps/v3/opportunities/resources/files/27e3911f138a4cb1b7263994ad18cb5e/download
https://sam.gov/api/prod/opps/v3/opportunities/resources/files/8d9480fe737b4bc9a7497ee0b11c725f/download
https://sam.gov/api/prod/opps/v3/opportunities/resources/files/f2148550d0ef4f37b9e17634f8e2ab33/download
{'rel': 'self', 'href': 'https://api.sam.gov/prod/opportunities/v2/search?noticeid=56a47040f1b44f05b28488fa1a1daa61&limit=1'}",Dempsey Teachey,Dempsey.L.Teachey@uscg.mil,Primary NAICS 336413,Partial Refresh — Capacity Reached,High — attachment text read
Accepted,C,2,RFP / Solicitation,Dehumidification Carts for Multiple USCG Airframes,"HOMELAND SECURITY, DEPARTMENT OF.US COAST GUARD.AVIATION LOGISTICS CENTER (ALC)(00038)",,Solicitation,11a990f4fcfc451c9f36cc2a8109da31,70Z03826QE0000052,2026-08-26,0,336413,1730,,"Elizabeth City, North Carolina, UNITED STATES",Not stated,,"Relevant Butler intelligence or subcontract lead, but prime feasibility is limited. Matched: airframe. Attachment text was included in the screen. Scope reads as hardware supply/manufacturing with no clear design, redesign, or engineering work (matched: supply-class PSC 1730), so it is tracked as a subcontract/competitive-intelligence lead rather than a prime fit.",None identified,Possible subcontract lead,No obvious vehicle restriction,Not Applicable,No special eligibility found in SAM.gov fields.,Prime feasible,Monitor as a direct pursuit unless attachments indicate otherwise.,None detected,https://sam.gov/workspace/contract/opp/11a990f4fcfc451c9f36cc2a8109da31/view,"https://sam.gov/api/prod/opps/v3/opportunities/resources/files/30cc0eaa0fc54e04a456eba9c770de39/download
https://sam.gov/api/prod/opps/v3/opportunities/resources/files/c2e27e4de7ab4135a9e2fe1fa83197d1/download
https://sam.gov/api/prod/opps/v3/opportunities/resources/files/e36b6a272c1f45a8b409535904f448a3/download
{'rel': 'self', 'href': 'https://api.sam.gov/prod/opportunities/v2/search?noticeid=11a990f4fcfc451c9f36cc2a8109da31&limit=1'}",Patrick Morris,william.p.morris@uscg.mil,Primary NAICS 336413,Partial Refresh — Capacity Reached,High — attachment text read
Accepted,C,0,Sources Sought / RFI,Flight Display Unit (Display Head Assembly)_End_Item_B-2_NSN_6610016948294FW_PN_5050344-89,"DEPT OF DEFENSE.DEFENSE LOGISTICS AGENCY.DLA AVIATION.DLA AVIATION OKLAHOMA CITY.DLA AVIATION AT OKLAHOMA CITY, OK",,Sources Sought,e09ba34aff7741bda573851d35d786a4,FD20302700225,2026-08-26,0,336413,6610,No Set aside used,UNITED STATES,Not stated,,"Relevant Butler intelligence or subcontract lead, but prime feasibility is limited. Matched: dla aviation. Attachment text was included in the screen. Scope reads as hardware supply/manufacturing with no clear design, redesign, or engineering work (matched: nsn, supply-class PSC 6610), so it is tracked as a subcontract/competitive-intelligence lead rather than a prime fit.",None identified,Possible subcontract lead,No obvious vehicle restriction,Not Applicable,No special eligibility found in SAM.gov fields.,Prime feasible,Monitor as a direct pursuit unless attachments indicate otherwise.,None detected,https://sam.gov/workspace/contract/opp/e09ba34aff7741bda573851d35d786a4/view,"https://sam.gov/api/prod/opps/v3/opportunities/resources/files/f5404fcd874f40f0bec6dd4d5abbe116/download
{'rel': 'self', 'href': 'https://api.sam.gov/prod/opportunities/v2/search?noticeid=e09ba34aff7741bda573851d35d786a4&limit=1'}",422 SCMS,422.scms.afmc.rfi@us.af.mil,Primary NAICS 336413,Partial Refresh — Capacity Reached,High — attachment text read
Accepted,C,5,Sources Sought / RFI,"HOOK, DOOR, AIRCRAFT_End_Item_B-2_NSN_1680014454416FW_PN_DAA3116A331-099","DEPT OF DEFENSE.DEFENSE LOGISTICS AGENCY.DLA AVIATION.DLA AVIATION OKLAHOMA CITY.DLA AVIATION AT OKLAHOMA CITY, OK",,Sources Sought,c5a9d80809a4484494080d4ba9360d05,FD20302700222,2026-08-26,0,336413,1680,No Set aside used,UNITED STATES,Not stated,,"Relevant Butler intelligence or subcontract lead, but prime feasibility is limited. Matched: aircraft, dla aviation. Attachment text was included in the screen. Scope reads as hardware supply/manufacturing with no clear design, redesign, or engineering work (matched: nsn, supply-class PSC 1680), so it is tracked as a subcontract/competitive-intelligence lead rather than a prime fit.",None identified,Possible subcontract lead,No obvious vehicle restriction,Not Applicable,No special eligibility found in SAM.gov fields.,Prime feasible,Monitor as a direct pursuit unless attachments indicate otherwise.,None detected,https://sam.gov/workspace/contract/opp/c5a9d80809a4484494080d4ba9360d05/view,"https://sam.gov/api/prod/opps/v3/opportunities/resources/files/03c9c14aea794519af0d3c0e9e8d8c87/download
{'rel': 'self', 'href': 'https://api.sam.gov/prod/opportunities/v2/search?noticeid=c5a9d80809a4484494080d4ba9360d05&limit=1'}",424 SCMS,424.scms.afmc.rfi.responses@us.af.mil,Primary NAICS 336413,Partial Refresh — Capacity Reached,High — attachment text read
Accepted,C,0,Sources Sought / RFI,ELECTRON COMPONENT_End_Item_B-2_NSN_5998014267083FW_PN_7358014-02,"DEPT OF DEFENSE.DEFENSE LOGISTICS AGENCY.DLA AVIATION.DLA AVIATION OKLAHOMA CITY.DLA AVIATION AT OKLAHOMA CITY, OK",,Sources Sought,c148a3920ad049799de6a7b7d6bcec2a,FD20302700221,2026-08-26,0,336413,5998,No Set aside used,UNITED STATES,Not stated,,"Relevant Butler intelligence or subcontract lead, but prime feasibility is limited. Matched: dla aviation. Attachment text was included in the screen. Scope reads as hardware supply/manufacturing with no clear design, redesign, or engineering work (matched: nsn, supply-class PSC 5998), so it is tracked as a subcontract/competitive-intelligence lead rather than a prime fit.",None identified,Possible subcontract lead,No obvious vehicle restriction,Not Applicable,No special eligibility found in SAM.gov fields.,Prime feasible,Monitor as a direct pursuit unless attachments indicate otherwise.,None detected,https://sam.gov/workspace/contract/opp/c148a3920ad049799de6a7b7d6bcec2a/view,"https://sam.gov/api/prod/opps/v3/opportunities/resources/files/7afab8ad5cda4b87a140f90b19ee8ae4/download
{'rel': 'self', 'href': 'https://api.sam.gov/prod/opportunities/v2/search?noticeid=c148a3920ad049799de6a7b7d6bcec2a&limit=1'}",424 SCMS,424.scms.afmc.rfi.responses@us.af.mil,Primary NAICS 336413,Partial Refresh — Capacity Reached,High — attachment text read
Accepted,C,-5,RFP / Solicitation,70Z03826QJ0000334,"HOMELAND SECURITY, DEPARTMENT OF.US COAST GUARD.AVIATION LOGISTICS CENTER (ALC)(00038)",,Solicitation,bf44354ef4af46c3a930a176b04e159e,70Z03826QJ0000334,2026-08-26,0,336413,5935,,,Not stated,,"Relevant Butler intelligence or subcontract lead, but prime feasibility is limited. Attachment text was included in the screen. Scope reads as hardware supply/manufacturing with no clear design, redesign, or engineering work (matched: supply-class PSC 5935), so it is tracked as a subcontract/competitive-intelligence lead rather than a prime fit.",None identified,Possible subcontract lead,No obvious vehicle restriction,Not Applicable,No special eligibility found in SAM.gov fields.,Prime feasible,Monitor as a direct pursuit unless attachments indicate otherwise.,None detected,https://sam.gov/workspace/contract/opp/bf44354ef4af46c3a930a176b04e159e/view,"https://sam.gov/api/prod/opps/v3/opportunities/resources/files/132bf41cd11f467593c5db3a56408198/download
https://sam.gov/api/prod/opps/v3/opportunities/resources/files/b06d1ddf2a304532b7cfd38ac54502df/download
https://sam.gov/api/prod/opps/v3/opportunities/resources/files/b81a3131fed7443c9a6008502e8457be/download
{'rel': 'self', 'href': 'https://api.sam.gov/prod/opportunities/v2/search?noticeid=bf44354ef4af46c3a930a176b04e159e&limit=1'}",Austin Ivins,Austin.R.Ivins@uscg.mil,Primary NAICS 336413,Partial Refresh — Capacity Reached,High — attachment text read
Accepted,C,0,Sources Sought / RFI,"FITTING, STRUCTURAL_End_Item_B-2_NSN_1560013671242FW_PN_DAA3121A312-019","DEPT OF DEFENSE.DEFENSE LOGISTICS AGENCY.DLA AVIATION.DLA AVIATION OKLAHOMA CITY.DLA AVIATION AT OKLAHOMA CITY, OK",,Sources Sought,9d33cedcc49144afaa5504cf31906835,FD20302700223,2026-08-26,0,336413,1560,No Set aside used,UNITED STATES,Not stated,,"Relevant Butler intelligence or subcontract lead, but prime feasibility is limited. Matched: dla aviation. Attachment text was included in the screen. Scope reads as hardware supply/manufacturing with no clear design, redesign, or engineering work (matched: nsn, supply-class PSC 1560), so it is tracked as a subcontract/competitive-intelligence lead rather than a prime fit.",None identified,Possible subcontract lead,No obvious vehicle restriction,Not Applicable,No special eligibility found in SAM.gov fields.,Prime feasible,Monitor as a direct pursuit unless attachments indicate otherwise.,None detected,https://sam.gov/workspace/contract/opp/9d33cedcc49144afaa5504cf31906835/view,"https://sam.gov/api/prod/opps/v3/opportunities/resources/files/ddff9bfa3662485abbf0e19342282bd1/download
{'rel': 'self', 'href': 'https://api.sam.gov/prod/opportunities/v2/search?noticeid=9d33cedcc49144afaa5504cf31906835&limit=1'}",424 SCMS,424.scms.afmc.rfi.responses@us.af.mil,Primary NAICS 336413,Partial Refresh — Capacity Reached,High — attachment text read
Accepted,C,-5,RFP / Solicitation,"Procurement of Nut, Plain, Assembled","HOMELAND SECURITY, DEPARTMENT OF.US COAST GUARD.AVIATION LOGISTICS CENTER (ALC)(00038)",,Solicitation,89e7e91c23ab41b7966c06d0c1424908,70Z03826QJ0000338,2026-08-26,0,336413,5310,No Set aside used,,Not stated,,"Relevant Butler intelligence or subcontract lead, but prime feasibility is limited. Attachment text was included in the screen. Scope reads as hardware supply/manufacturing with no clear design, redesign, or engineering work (matched: procurement of, supply-class PSC 5310), so it is tracked as a subcontract/competitive-intelligence lead rather than a prime fit.",None identified,Possible subcontract lead,No obvious vehicle restriction,Not Applicable,No special eligibility found in SAM.gov fields.,Prime feasible,Monitor as a direct pursuit unless attachments indicate otherwise.,None detected,https://sam.gov/workspace/contract/opp/89e7e91c23ab41b7966c06d0c1424908/view,"https://sam.gov/api/prod/opps/v3/opportunities/resources/files/9b256d742cb84a96a0f8c0b8d14508a6/download
{'rel': 'self', 'href': 'https://api.sam.gov/prod/opportunities/v2/search?noticeid=89e7e91c23ab41b7966c06d0c1424908&limit=1'}",Dempsey Teachey,Dempsey.L.Teachey@uscg.mil,Primary NAICS 336413,Partial Refresh — Capacity Reached,High — attachment text read
Accepted,C,2,RFP / Solicitation,"16--SEAT,AIRCRAFT",DEPT OF DEFENSE.DEFENSE LOGISTICS AGENCY.DLA AVIATION.DLA AV RICHMOND.DLA AVIATION,,Solicitation,74051d8b6a564fe88d75fc153ec58e91,SPE4A726T678A,2026-08-26,0,336413,16,Small Business Set Aside - Total,,Not stated,,"Relevant Butler intelligence or subcontract lead, but prime feasibility is limited. Matched: aircraft, dla aviation. Scope reads as hardware supply/manufacturing with no clear design, redesign, or engineering work (matched: supply-class PSC 16), so it is tracked as a subcontract/competitive-intelligence lead rather than a prime fit.",Set-aside eligibility may limit prime feasibility,Check set-aside,No obvious vehicle restriction,Unknown — check Butler contract vehicles,Requires small-business set-aside eligibility.,Prime uncertain,Check whether Butler can qualify directly or should team with an eligible prime.,small business set aside,https://sam.gov/workspace/contract/opp/74051d8b6a564fe88d75fc153ec58e91/view,"{'rel': 'self', 'href': 'https://api.sam.gov/prod/opportunities/v2/search?noticeid=74051d8b6a564fe88d75fc153ec58e91&limit=1'}","Questions regarding this solicitation should be emailed to the buyer listed in block 5 of the solicitation document which can be found under the Additional Information link.
If the Additional Information link does not work, please go to https://www.dibbs.bsm.dla.mil/Solicitations/ and type the solicitation number in the Global Search box.
",DibbsBSM@dla.mil,Primary NAICS 336413,Partial Refresh — Capacity Reached,High
Accepted,C,0,RFP / Solicitation,"16--FILTER ELEMENT,FLUID",DEPT OF DEFENSE.DEFENSE LOGISTICS AGENCY.DLA AVIATION.DLA AV RICHMOND.DLA AVIATION,,Solicitation,673538a20080488f90b8f87ec8b19710,SPE4A726T678J,2026-08-26,0,336413,16,,,Not stated,,"Relevant Butler intelligence or subcontract lead, but prime feasibility is limited. Matched: dla aviation. Scope reads as hardware supply/manufacturing with no clear design, redesign, or engineering work (matched: supply-class PSC 16), so it is tracked as a subcontract/competitive-intelligence lead rather than a prime fit.",None identified,Possible subcontract lead,No obvious vehicle restriction,Not Applicable,No special eligibility found in SAM.gov fields.,Prime feasible,Monitor as a direct pursuit unless attachments indicate otherwise.,None detected,https://sam.gov/workspace/contract/opp/673538a20080488f90b8f87ec8b19710/view,"{'rel': 'self', 'href': 'https://api.sam.gov/prod/opportunities/v2/search?noticeid=673538a20080488f90b8f87ec8b19710&limit=1'}","Questions regarding this solicitation should be emailed to the buyer listed in block 5 of the solicitation document which can be found under the Additional Information link.
If the Additional Information link does not work, please go to https://www.dibbs.bsm.dla.mil/Solicitations/ and type the solicitation number in the Global Search box.
",DibbsBSM@dla.mil,Primary NAICS 336413,Partial Refresh — Capacity Reached,High
Accepted,C,0,Sources Sought / RFI,"ACTUATOR, ELECTROME_End_Item_B-1_NSN_1680011662481EK_PN_2021502-5-1","DEPT OF DEFENSE.DEFENSE LOGISTICS AGENCY.DLA AVIATION.DLA AVIATION OKLAHOMA CITY.DLA AVIATION AT OKLAHOMA CITY, OK",,Sources Sought,4b19bfb32eea488e9366252407813450,FD20302700233,2026-08-26,0,336413,1680,No Set aside used,UNITED STATES,Not stated,,"Relevant Butler intelligence or subcontract lead, but prime feasibility is limited. Matched: dla aviation. Attachment text was included in the screen. Scope reads as hardware supply/manufacturing with no clear design, redesign, or engineering work (matched: nsn, supply-class PSC 1680), so it is tracked as a subcontract/competitive-intelligence lead rather than a prime fit.",None identified,Possible subcontract lead,No obvious vehicle restriction,Not Applicable,No special eligibility found in SAM.gov fields.,Prime feasible,Monitor as a direct pursuit unless attachments indicate otherwise.,None detected,https://sam.gov/workspace/contract/opp/4b19bfb32eea488e9366252407813450/view,"https://sam.gov/api/prod/opps/v3/opportunities/resources/files/84f53e1cf59d44318a48b8b49229434b/download
{'rel': 'self', 'href': 'https://api.sam.gov/prod/opportunities/v2/search?noticeid=4b19bfb32eea488e9366252407813450&limit=1'}",423 Workflow,423scms.guea.workflow@us.af.mil,Primary NAICS 336413,Partial Refresh — Capacity Reached,High — attachment text read
Accepted,C,-3,RFP / Solicitation,"15--PLATE,STRUCTURAL,AIRCR",DEPT OF DEFENSE.DEFENSE LOGISTICS AGENCY.DLA AVIATION.DLA AV RICHMOND.DLA AVIATION,,Solicitation,20d274abe33b454faa0323ba45f0e978,SPE4A726T678B,2026-08-26,0,336413,15,Small Business Set Aside - Total,,Not stated,,"Relevant Butler intelligence or subcontract lead, but prime feasibility is limited. Matched: dla aviation. Scope reads as hardware supply/manufacturing with no clear design, redesign, or engineering work (matched: supply-class PSC 15), so it is tracked as a subcontract/competitive-intelligence lead rather than a prime fit.",Set-aside eligibility may limit prime feasibility,Check set-aside,No obvious vehicle restriction,Unknown — check Butler contract vehicles,Requires small-business set-aside eligibility.,Prime uncertain,Check whether Butler can qualify directly or should team with an eligible prime.,small business set aside,https://sam.gov/workspace/contract/opp/20d274abe33b454faa0323ba45f0e978/view,"{'rel': 'self', 'href': 'https://api.sam.gov/prod/opportunities/v2/search?noticeid=20d274abe33b454faa0323ba45f0e978&limit=1'}","Questions regarding this solicitation should be emailed to the buyer listed in block 5 of the solicitation document which can be found under the Additional Information link.
If the Additional Information link does not work, please go to https://www.dibbs.bsm.dla.mil/Solicitations/ and type the solicitation number in the Global Search box.
",DibbsBSM@dla.mil,Primary NAICS 336413,Partial Refresh — Capacity Reached,High
