Status,Fit Category,Fit Score,Opportunity Stage,Opportunity Title,Agency,Office,Notice Type,Notice ID,Solicitation Number,Due Date,Days Until Due,NAICS,PSC,Set-Aside,Place of Performance,Contract Value / Ceiling,Contract Value Source Text,Why It Fits Butler,Feasibility Concern,Recommended Next Step,SeaPort / Vehicle Required,Eligibility Status,Eligibility Requirement,Prime Feasibility,Subcontract / Teaming Path,Eligibility Notes,SAM.gov Link,Attachment Links,Contact Name,Contact Email,Search Source,Refresh Status,Data Confidence,Rejection Reason,Raw Notice Type,Matched Negative Keywords,Capacity / Logging Notes
Rejected,D,3,RFP / Solicitation,"16--MOTOR CONTROLLER OB, IN REPAIR/MODIFICATION OF",DEPT OF DEFENSE.DEPT OF THE NAVY.NAVSUP.NAVSUP WEAPON SYSTEMS SUPPORT.NAVSUP WSS PHILADELPHIA.NAVSUP WEAPON SYSTEMS SUPPORT,,Solicitation,22fea131d8ec406298da8f276009db2c,N0038326RDA42,2026-11-16,58,336413,1680,,,Not stated,,"Not a Butler-fit opportunity under the current conservative filter. Matched: navy, navsup.",None identified,Ignore,No obvious vehicle restriction,Not Applicable,No special eligibility found in SAM.gov fields.,Prime feasible,Monitor as a direct pursuit unless attachments indicate otherwise.,None detected,https://sam.gov/workspace/contract/opp/22fea131d8ec406298da8f276009db2c/view,"{'rel': 'self', 'href': 'https://api.sam.gov/prod/opportunities/v2/search?noticeid=22fea131d8ec406298da8f276009db2c&limit=1'}",Telephone: 2156972849,JOSHUA.J.SELTZER.CIV@US.NAVY.MIL,Primary NAICS 336413,Partial Refresh — Capacity Reached,High,Below Butler-fit threshold,solicitation,,No downloadable attachment links found.
Rejected,D,-2,Special Notice,Collaboration Opportunity: Efficient Adsorptive Recovery of HREEs and Critical Minerals from Coal Derivatives,"ENERGY, DEPARTMENT OF.ENERGY, DEPARTMENT OF.NATIONAL ENERGY TECHNOLOGY LABORATORY",,Special Notice,bc233081b5174e4b9ed5857bd394a3b7,NETL-22N-08,2026-11-10,52,541715,,,,Not stated,,Not a Butler-fit opportunity under the current conservative filter.,None identified,Ignore,No obvious vehicle restriction,Not Applicable,No special eligibility found in SAM.gov fields.,Prime feasible,Monitor as a direct pursuit unless attachments indicate otherwise.,None detected,https://sam.gov/workspace/contract/opp/bc233081b5174e4b9ed5857bd394a3b7/view,"{'rel': 'self', 'href': 'https://api.sam.gov/prod/opportunities/v2/search?noticeid=bc233081b5174e4b9ed5857bd394a3b7&limit=1'}",,partnerships@netl.doe.gov,Primary NAICS 541715,Partial Refresh — Capacity Reached,High,Below Butler-fit threshold,special notice,,No downloadable attachment links found.
Rejected,D,-2,RFP / Solicitation,A--Risk Underlying Rural Areas Longitudinal (RURAL) H,"HEALTH AND HUMAN SERVICES, DEPARTMENT OF.NATIONAL INSTITUTES OF HEALTH.NATIONAL INSTITUTES OF HEALTH OLAO",,Solicitation,b6f655079fb04917aa15483a79a28926,75N98026R00074,2026-11-05,47,541715,AN12,,,Not stated,,Not a Butler-fit opportunity under the current conservative filter. Attachment text was included in the screen.,None identified,Ignore,No obvious vehicle restriction,Not Applicable,No special eligibility found in SAM.gov fields.,Prime feasible,Monitor as a direct pursuit unless attachments indicate otherwise.,None detected,https://sam.gov/workspace/contract/opp/b6f655079fb04917aa15483a79a28926/view,"https://sam.gov/api/prod/opps/v3/opportunities/resources/files/20507279d06d4c449d71942e0e4bffd3/download
https://sam.gov/api/prod/opps/v3/opportunities/resources/files/33c573e3bc6b4aeba0f7d79568807e65/download
https://sam.gov/api/prod/opps/v3/opportunities/resources/files/36ed38fbb9de46e7adef51547b515efb/download
https://sam.gov/api/prod/opps/v3/opportunities/resources/files/4f19de1338f64639beb115c43943bd7e/download
https://sam.gov/api/prod/opps/v3/opportunities/resources/files/4fbfc57b2b0b480497c4069996c54aad/download
https://sam.gov/api/prod/opps/v3/opportunities/resources/files/5b3ddf99eb304ac7a2ef622818b84190/download
https://sam.gov/api/prod/opps/v3/opportunities/resources/files/652dda48b69c470486bb516f3d4bbaab/download
https://sam.gov/api/prod/opps/v3/opportunities/resources/files/719705d341294ab9953449fc6340a42e/download
https://sam.gov/api/prod/opps/v3/opportunities/resources/files/85581f957d174ca59e823f92ed740405/download
https://sam.gov/api/prod/opps/v3/opportunities/resources/files/8c7c1f51c97442e0827f0ecc525d715d/download
https://sam.gov/api/prod/opps/v3/opportunities/resources/files/980ccfbb5a804c9297cc625cb8ec4d4e/download
https://sam.gov/api/prod/opps/v3/opportunities/resources/files/a66a233db299406aa0949e4f2b829d13/download
https://sam.gov/api/prod/opps/v3/opportunities/resources/files/ad939cbc641e4fb58c802cd85a4aa67e/download
https://sam.gov/api/prod/opps/v3/opportunities/resources/files/b04f5729f2d5435b977e52c30912b9d4/download
https://sam.gov/api/prod/opps/v3/opportunities/resources/files/bfb32117c33f44acbd103ed42ab903ff/download
https://sam.gov/api/prod/opps/v3/opportunities/resources/files/d4dd3057971242e5b0cdfcf1c104fed6/download
https://sam.gov/api/prod/opps/v3/opportunities/resources/files/dd15cff7363f4099ab7aa895976d4c62/download
{'rel': 'self', 'href': 'https://api.sam.gov/prod/opportunities/v2/search?noticeid=b6f655079fb04917aa15483a79a28926&limit=1'}","BULGER, ELIZABETH R",elizabeth.bulger@nih.gov,Primary NAICS 541715,Partial Refresh — Capacity Reached,High — attachment text read,Below Butler-fit threshold,solicitation,,Attachment text read; Attachment text read; Attachment text read
Rejected,D,3,RFP / Solicitation,"16--PEDESTAL ASSEMBLY,A, IN REPAIR/MODIFICATION OF",DEPT OF DEFENSE.DEPT OF THE NAVY.NAVSUP.NAVSUP WEAPON SYSTEMS SUPPORT.NAVSUP WSS PHILADELPHIA.NAVSUP WEAPON SYSTEMS SUPPORT,,Solicitation,7e8e3cfab84542738f8dc2c9394a651b,N0038326QMB48,2026-11-03,45,,1680,,,Not stated,,"Not a Butler-fit opportunity under the current conservative filter. Matched: navy, navsup.",None identified,Ignore,No obvious vehicle restriction,Not Applicable,No special eligibility found in SAM.gov fields.,Prime feasible,Monitor as a direct pursuit unless attachments indicate otherwise.,None detected,https://sam.gov/workspace/contract/opp/7e8e3cfab84542738f8dc2c9394a651b/view,"{'rel': 'self', 'href': 'https://api.sam.gov/prod/opportunities/v2/search?noticeid=7e8e3cfab84542738f8dc2c9394a651b&limit=1'}","TARA B. KUPPERSTEIN, N761.34, PHONE (215)697-3608, EMAIL TARA.B.KUPPERSTEIN.CIV@US.NAVY.MIL",TARA.B.KUPPERSTEIN.CIV@US.NAVY.MIL,PSC 1680,Partial Refresh — Capacity Reached,High,Below Butler-fit threshold,presolicitation,,No downloadable attachment links found.
Rejected,D,3,RFP / Solicitation,"16--BOOSTER ASSEMBLY,AI, IN REPAIR/MODIFICATION OF",DEPT OF DEFENSE.DEPT OF THE NAVY.NAVSUP.NAVSUP WEAPON SYSTEMS SUPPORT.NAVSUP WSS PHILADELPHIA.NAVSUP WEAPON SYSTEMS SUPPORT,,Solicitation,3c96867f738e4e6fa092e152d772634e,N0038326QSC34,2026-11-03,45,,1680,,,Not stated,,"Not a Butler-fit opportunity under the current conservative filter. Matched: navy, navsup.",None identified,Ignore,No obvious vehicle restriction,Not Applicable,No special eligibility found in SAM.gov fields.,Prime feasible,Monitor as a direct pursuit unless attachments indicate otherwise.,None detected,https://sam.gov/workspace/contract/opp/3c96867f738e4e6fa092e152d772634e/view,"{'rel': 'self', 'href': 'https://api.sam.gov/prod/opportunities/v2/search?noticeid=3c96867f738e4e6fa092e152d772634e&limit=1'}","CHARLES F. HORAN, N763.05, PHONE (215)697-1303, EMAIL CHARLES.F.HORAN4.CIV@US.NAVY.MIL",CHARLES.F.HORAN4.CIV@US.NAVY.MIL,PSC 1680,Partial Refresh — Capacity Reached,High,Below Butler-fit threshold,presolicitation,,No downloadable attachment links found.
Rejected,D,3,RFP / Solicitation,"16--CENTRAL ELECTRONICS, IN REPAIR/MODIFICATION OF",DEPT OF DEFENSE.DEPT OF THE NAVY.NAVSUP.NAVSUP WEAPON SYSTEMS SUPPORT.NAVSUP WSS PHILADELPHIA.NAVSUP WEAPON SYSTEMS SUPPORT,,Solicitation,10d561a702e747818a75e7f4c6d59cb9,N0038326QNB40,2026-11-02,44,,1680,,,Not stated,,"Not a Butler-fit opportunity under the current conservative filter. Matched: navy, navsup.",None identified,Ignore,No obvious vehicle restriction,Not Applicable,No special eligibility found in SAM.gov fields.,Prime feasible,Monitor as a direct pursuit unless attachments indicate otherwise.,None detected,https://sam.gov/workspace/contract/opp/10d561a702e747818a75e7f4c6d59cb9/view,"{'rel': 'self', 'href': 'https://api.sam.gov/prod/opportunities/v2/search?noticeid=10d561a702e747818a75e7f4c6d59cb9&limit=1'}","MARISA L. TETKOWSKI, N731.39, PHONE (215)697-2644, FAX (215)697-1227, EMAIL MARISA.L.TETKOWSKI.CIV@US.NAVY.MIL",MARISA.L.TETKOWSKI.CIV@US.NAVY.MIL,PSC 1680,Partial Refresh — Capacity Reached,High,Below Butler-fit threshold,presolicitation,,No downloadable attachment links found.
Rejected,D,3,RFP / Solicitation,"16--AMPLIFIER POWER SU, IN REPAIR/MODIFICATION OF",DEPT OF DEFENSE.DEPT OF THE NAVY.NAVSUP.NAVSUP WEAPON SYSTEMS SUPPORT.NAVSUP WSS PHILADELPHIA.NAVSUP WEAPON SYSTEMS SUPPORT,,Solicitation,50871246f29d4a6e868d0fd99ec56e3d,N0038326QNB37,2026-11-02,44,,1680,,,Not stated,,"Not a Butler-fit opportunity under the current conservative filter. Matched: navy, navsup.",None identified,Ignore,No obvious vehicle restriction,Not Applicable,No special eligibility found in SAM.gov fields.,Prime feasible,Monitor as a direct pursuit unless attachments indicate otherwise.,None detected,https://sam.gov/workspace/contract/opp/50871246f29d4a6e868d0fd99ec56e3d/view,"{'rel': 'self', 'href': 'https://api.sam.gov/prod/opportunities/v2/search?noticeid=50871246f29d4a6e868d0fd99ec56e3d&limit=1'}","DINA M. WOJCIECHOWSKI, N731.53, PHONE (215)697-1219, EMAIL DINA.M.WOJCIECHOWSKI.CIV@US.NAVY.MIL",DINA.M.WOJCIECHOWSKI.CIV@US.NAVY.MIL,PSC 1680,Partial Refresh — Capacity Reached,High,Below Butler-fit threshold,presolicitation,,No downloadable attachment links found.
Rejected,D,3,RFP / Solicitation,"16--COOLANT PUMP ASSEMB, IN REPAIR/MODIFICATION OF",DEPT OF DEFENSE.DEPT OF THE NAVY.NAVSUP.NAVSUP WEAPON SYSTEMS SUPPORT.NAVSUP WSS PHILADELPHIA.NAVSUP WEAPON SYSTEMS SUPPORT,,Solicitation,371a0cc350874f0f852d5fec05b4ae08,N0038326QMB46,2026-11-02,44,,1680,,,Not stated,,"Not a Butler-fit opportunity under the current conservative filter. Matched: navy, navsup.",None identified,Ignore,No obvious vehicle restriction,Not Applicable,No special eligibility found in SAM.gov fields.,Prime feasible,Monitor as a direct pursuit unless attachments indicate otherwise.,None detected,https://sam.gov/workspace/contract/opp/371a0cc350874f0f852d5fec05b4ae08/view,"{'rel': 'self', 'href': 'https://api.sam.gov/prod/opportunities/v2/search?noticeid=371a0cc350874f0f852d5fec05b4ae08&limit=1'}","TARA B. KUPPERSTEIN, N761.34, PHONE (215)697-3608, EMAIL TARA.B.KUPPERSTEIN.CIV@US.NAVY.MIL",TARA.B.KUPPERSTEIN.CIV@US.NAVY.MIL,PSC 1680,Partial Refresh — Capacity Reached,High,Below Butler-fit threshold,presolicitation,,No downloadable attachment links found.
Rejected,D,-2,Sources Sought / RFI,Request for Information (RFI): Identifying the Next Generation of NSF X-Labs Topics,"NATIONAL SCIENCE FOUNDATION.NATIONAL SCIENCE FOUNDATION.DIRECTORATE FOR TECHNOLOGY, INNOVATION, & PARTNERSHIPS",,Special Notice,bafd3caf995c454692e864795143a545,NSF-XLABS-RFI-SEP2026,2026-10-30,41,541715,AJ11,No Set aside used,"Alexandria, Virginia, UNITED STATES",Not stated,,Not a Butler-fit opportunity under the current conservative filter. Attachment text was included in the screen.,None identified,Ignore,No obvious vehicle restriction,Not Applicable,No special eligibility found in SAM.gov fields.,Prime feasible,Monitor as a direct pursuit unless attachments indicate otherwise.,None detected,https://sam.gov/workspace/contract/opp/bafd3caf995c454692e864795143a545/view,"https://sam.gov/api/prod/opps/v3/opportunities/resources/files/eb817b95ed4e437391fb32e92c43c580/download
{'rel': 'self', 'href': 'https://api.sam.gov/prod/opportunities/v2/search?noticeid=bafd3caf995c454692e864795143a545&limit=1'}",X-Labs,XLabs@nsf.gov,Primary NAICS 541715,Partial Refresh — Capacity Reached,High — attachment text read,Below Butler-fit threshold,special notice,,Attachment text read
Rejected,D,3,RFP / Solicitation,"16--VALVE,FLUID UNIT, IN REPAIR/MODIFICATION OF",DEPT OF DEFENSE.DEPT OF THE NAVY.NAVSUP.NAVSUP WEAPON SYSTEMS SUPPORT.NAVSUP WSS PHILADELPHIA.NAVSUP WEAPON SYSTEMS SUPPORT,,Solicitation,55edb7933759489092ac121e6c54b373,N0038326QDA35,2026-10-30,41,336413,1650,,,Not stated,,"Not a Butler-fit opportunity under the current conservative filter. Matched: navy, navsup.",None identified,Ignore,No obvious vehicle restriction,Not Applicable,No special eligibility found in SAM.gov fields.,Prime feasible,Monitor as a direct pursuit unless attachments indicate otherwise.,None detected,https://sam.gov/workspace/contract/opp/55edb7933759489092ac121e6c54b373/view,"{'rel': 'self', 'href': 'https://api.sam.gov/prod/opportunities/v2/search?noticeid=55edb7933759489092ac121e6c54b373&limit=1'}",Telephone: 2156972849,JOSHUA.J.SELTZER.CIV@US.NAVY.MIL,Primary NAICS 336413,Partial Refresh — Capacity Reached,High,Below Butler-fit threshold,solicitation,,No downloadable attachment links found.
Rejected,D,3,RFP / Solicitation,"16--NRP,BOTTLE FE-36 HI, IN REPAIR/MODIFICATION OF",DEPT OF DEFENSE.DEPT OF THE NAVY.NAVSUP.NAVSUP WEAPON SYSTEMS SUPPORT.NAVSUP WSS PHILADELPHIA.NAVSUP WEAPON SYSTEMS SUPPORT,,Solicitation,e6f3ee67de704f34a22384a5b7a5ecff,N0038326QNB33,2026-10-30,41,,1680,,,Not stated,,"Not a Butler-fit opportunity under the current conservative filter. Matched: navy, navsup.",None identified,Ignore,No obvious vehicle restriction,Not Applicable,No special eligibility found in SAM.gov fields.,Prime feasible,Monitor as a direct pursuit unless attachments indicate otherwise.,None detected,https://sam.gov/workspace/contract/opp/e6f3ee67de704f34a22384a5b7a5ecff/view,"{'rel': 'self', 'href': 'https://api.sam.gov/prod/opportunities/v2/search?noticeid=e6f3ee67de704f34a22384a5b7a5ecff&limit=1'}","CAITLIN C. DONAHUE, N731.56, PHONE (215)697-2198, EMAIL CAITLIN.V.DONAHUE.CIV@US.NAVY.MIL",CAITLIN.V.DONAHUE.CIV@US.NAVY.MIL,PSC 1680,Partial Refresh — Capacity Reached,High,Below Butler-fit threshold,presolicitation,,No downloadable attachment links found.
Rejected,D,3,RFP / Solicitation,"16--NRP,BOTTLE MONEX FI- AND SIMILAR REPLACEMENT PARTS, IN REPAIR/MODIFICATION OF",DEPT OF DEFENSE.DEPT OF THE NAVY.NAVSUP.NAVSUP WEAPON SYSTEMS SUPPORT.NAVSUP WSS PHILADELPHIA.NAVSUP WEAPON SYSTEMS SUPPORT,,Solicitation,60fb8f3019eb4d56bde0835a531cd1f5,N0038326RNB32,2026-10-30,41,,1680,,,Not stated,,"Not a Butler-fit opportunity under the current conservative filter. Matched: navy, navsup.",None identified,Ignore,No obvious vehicle restriction,Not Applicable,No special eligibility found in SAM.gov fields.,Prime feasible,Monitor as a direct pursuit unless attachments indicate otherwise.,None detected,https://sam.gov/workspace/contract/opp/60fb8f3019eb4d56bde0835a531cd1f5/view,"{'rel': 'self', 'href': 'https://api.sam.gov/prod/opportunities/v2/search?noticeid=60fb8f3019eb4d56bde0835a531cd1f5&limit=1'}","CAITLIN C. DONAHUE, N731.56, PHONE (215)697-2198, EMAIL CAITLIN.V.DONAHUE.CIV@US.NAVY.MIL",CAITLIN.V.DONAHUE.CIV@US.NAVY.MIL,PSC 1680,Partial Refresh — Capacity Reached,High,Below Butler-fit threshold,presolicitation,,No downloadable attachment links found.
Rejected,D,3,RFP / Solicitation,FTSS V Maritime COMS RFP,DEPT OF DEFENSE.DEPT OF THE NAVY.NAVAIR.NAVAIR NAWC TSD.NAWC TRAINING SYSTEMS DIV,,Solicitation,14731227f20d404da2d0cbb9f38b0baa,N6134026R1014,2026-10-29,40,541330,J069,,,Not stated,,"Not a Butler-fit opportunity under the current conservative filter. Matched: navy, navair, nawc.",None identified,Ignore,No obvious vehicle restriction,Not Applicable,No special eligibility found in SAM.gov fields.,Prime feasible,Monitor as a direct pursuit unless attachments indicate otherwise.,None detected,https://sam.gov/workspace/contract/opp/14731227f20d404da2d0cbb9f38b0baa/view,"{'rel': 'self', 'href': 'https://api.sam.gov/prod/opportunities/v2/search?noticeid=14731227f20d404da2d0cbb9f38b0baa&limit=1'}",Kristen Williams,kristen.a.williams10.civ@us.navy.mil,Primary NAICS 541330,Partial Refresh — Capacity Reached,High,Below Butler-fit threshold,solicitation,,No downloadable attachment links found.
Rejected,D,3,Special Notice,NSWC-PHD MATAC OTA Request for Prototype Proposals: Prototypes and Experiments Rapid Fielding Sites (PERFS),DEPT OF DEFENSE.DEPT OF THE NAVY.NAVSEA.NAVSEA WARFARE CENTER.COMMANDING OFFICER,,Special Notice,3057ed86c2b549f7a3920b710723bc01,MEA-27-01-001,2026-10-28,39,541715,,,,Not stated,,"Not a Butler-fit opportunity under the current conservative filter. Matched: navy, navsea, nswc.",None identified,Ignore,No obvious vehicle restriction,Not Applicable,No special eligibility found in SAM.gov fields.,Prime feasible,Monitor as a direct pursuit unless attachments indicate otherwise.,None detected,https://sam.gov/workspace/contract/opp/3057ed86c2b549f7a3920b710723bc01/view,"{'rel': 'self', 'href': 'https://api.sam.gov/prod/opportunities/v2/search?noticeid=3057ed86c2b549f7a3920b710723bc01&limit=1'}",,,Primary NAICS 541715,Partial Refresh — Capacity Reached,High,Below Butler-fit threshold,special notice,,No downloadable attachment links found.
Rejected,D,3,RFP / Solicitation,"16--SENSOR,SMOKE DETECT, IN REPAIR/MODIFICATION OF",DEPT OF DEFENSE.DEPT OF THE NAVY.NAVSUP.NAVSUP WEAPON SYSTEMS SUPPORT.NAVSUP WSS PHILADELPHIA.NAVSUP WEAPON SYSTEMS SUPPORT,,Solicitation,bb6266c18b1b4b9fa9264f0e8a773b76,N0038326QSB62,2026-10-27,38,,1680,,,Not stated,,"Not a Butler-fit opportunity under the current conservative filter. Matched: navy, navsup.",None identified,Ignore,No obvious vehicle restriction,Not Applicable,No special eligibility found in SAM.gov fields.,Prime feasible,Monitor as a direct pursuit unless attachments indicate otherwise.,None detected,https://sam.gov/workspace/contract/opp/bb6266c18b1b4b9fa9264f0e8a773b76/view,"{'rel': 'self', 'href': 'https://api.sam.gov/prod/opportunities/v2/search?noticeid=bb6266c18b1b4b9fa9264f0e8a773b76&limit=1'}","CODY P. CAMERON, N763.09, PHONE (215)697-1202, EMAIL CODY.P.CAMERON.CIV@US.NAVY.MIL",CODY.P.CAMERON.CIV@US.NAVY.MIL,PSC 1680,Partial Refresh — Capacity Reached,High,Below Butler-fit threshold,presolicitation,,No downloadable attachment links found.
Rejected,D,3,RFP / Solicitation,"16--NRP,BOTTLE FE - 36, IN REPAIR/MODIFICATION OF",DEPT OF DEFENSE.DEPT OF THE NAVY.NAVSUP.NAVSUP WEAPON SYSTEMS SUPPORT.NAVSUP WSS PHILADELPHIA.NAVSUP WEAPON SYSTEMS SUPPORT,,Solicitation,ad8db343235d49538d96ccf8be8592b1,N0038326QNB30,2026-10-27,38,,1680,,,Not stated,,"Not a Butler-fit opportunity under the current conservative filter. Matched: navy, navsup.",None identified,Ignore,No obvious vehicle restriction,Not Applicable,No special eligibility found in SAM.gov fields.,Prime feasible,Monitor as a direct pursuit unless attachments indicate otherwise.,None detected,https://sam.gov/workspace/contract/opp/ad8db343235d49538d96ccf8be8592b1/view,"{'rel': 'self', 'href': 'https://api.sam.gov/prod/opportunities/v2/search?noticeid=ad8db343235d49538d96ccf8be8592b1&limit=1'}","CAITLIN C. DONAHUE, N731.56, PHONE (215)697-2198, EMAIL CAITLIN.V.DONAHUE.CIV@US.NAVY.MIL",CAITLIN.V.DONAHUE.CIV@US.NAVY.MIL,PSC 1680,Partial Refresh — Capacity Reached,High,Below Butler-fit threshold,presolicitation,,No downloadable attachment links found.
Rejected,D,3,RFP / Solicitation,"16--ACTUATOR,ELECTROMEC, IN REPAIR/MODIFICATION OF",DEPT OF DEFENSE.DEPT OF THE NAVY.NAVSUP.NAVSUP WEAPON SYSTEMS SUPPORT.NAVSUP WSS PHILADELPHIA.NAVSUP WEAPON SYSTEMS SUPPORT,,Solicitation,70a66b3a0d344f83b432db6750304acd,N0038326QSB48,2026-10-27,38,,1680,,,Not stated,,"Not a Butler-fit opportunity under the current conservative filter. Matched: navy, navsup.",None identified,Ignore,No obvious vehicle restriction,Not Applicable,No special eligibility found in SAM.gov fields.,Prime feasible,Monitor as a direct pursuit unless attachments indicate otherwise.,None detected,https://sam.gov/workspace/contract/opp/70a66b3a0d344f83b432db6750304acd/view,"{'rel': 'self', 'href': 'https://api.sam.gov/prod/opportunities/v2/search?noticeid=70a66b3a0d344f83b432db6750304acd&limit=1'}","CODY P. CAMERON, N763.09, PHONE (215)697-1202, EMAIL CODY.P.CAMERON.CIV@US.NAVY.MIL",CODY.P.CAMERON.CIV@US.NAVY.MIL,PSC 1680,Partial Refresh — Capacity Reached,High,Below Butler-fit threshold,presolicitation,,No downloadable attachment links found.
Rejected,D,3,RFP / Solicitation,PMX-201 PM Services Support Amendment 1,DEPT OF DEFENSE.DEPT OF THE NAVY.NAVAIR.NAVAIR NAWC AD.NAVAL AIR WARFARE CENTER AIR DIV,,Solicitation,99f75b58b12e4d3fbe6f219357ce56a7,N0042127R3007,2026-10-24,35,541330,R408,,,Not stated,,"Not a Butler-fit opportunity under the current conservative filter. Matched: navy, navair, nawc.",None identified,Ignore,No obvious vehicle restriction,Not Applicable,No special eligibility found in SAM.gov fields.,Prime feasible,Monitor as a direct pursuit unless attachments indicate otherwise.,None detected,https://sam.gov/workspace/contract/opp/99f75b58b12e4d3fbe6f219357ce56a7/view,"{'rel': 'self', 'href': 'https://api.sam.gov/prod/opportunities/v2/search?noticeid=99f75b58b12e4d3fbe6f219357ce56a7&limit=1'}",Bennett Wilson,bennett.g.wilson2.civ@us.navy.mil,Primary NAICS 541330,Partial Refresh — Capacity Reached,High,Below Butler-fit threshold,solicitation,,No downloadable attachment links found.
Rejected,D,0,RFP / Solicitation,PMA CSS Competition PMA 261,DEPT OF DEFENSE.DEPT OF THE NAVY.NAVAIR.NAVAIR NAWC AD.NAVAL AIR WARFARE CENTER AIR DIV,,Solicitation,227eee51466541c892ad2a2b8888e23e,N0042126R1033,2026-10-23,34,541330,R408,Service-Disabled Veteran-Owned Small Business (SDVOSB) Set-Aside (FAR 19.14),,Not stated,,"Not a Butler-fit opportunity under the current conservative filter. Matched: navy, navair, nawc.",Set-aside eligibility may limit prime feasibility,Ignore,No obvious vehicle restriction,Unknown — check Butler contract vehicles,Requires small-business set-aside eligibility.,Prime uncertain,Check whether Butler can qualify directly or should team with an eligible prime.,sdvosb; veteran-owned,https://sam.gov/workspace/contract/opp/227eee51466541c892ad2a2b8888e23e/view,"{'rel': 'self', 'href': 'https://api.sam.gov/prod/opportunities/v2/search?noticeid=227eee51466541c892ad2a2b8888e23e&limit=1'}",Coryn Hansell,coryn.m.hansell.civ@us.navy.mil,Primary NAICS 541330,Partial Refresh — Capacity Reached,High,Below Butler-fit threshold,solicitation,,No downloadable attachment links found.
Rejected,D,3,RFP / Solicitation,INDEFINITE DELIVERY/INDEFINITE QUANTITY MULTIPLE AWARD   CONTRACT FOR MULTIDISCIPLINE ARCHITECT-ENGINEER SERVICES IN SUPPORT OF CONSTRUCTION PROJECTS LOCATED PRIMARILY IN THE NORFOLK DISTRICT AREA OF RESPONSIBILITY (AOR),DEPT OF DEFENSE.DEPT OF THE ARMY.US ARMY CORPS OF ENGINEERS.ENGINEER DIVISION NORTH ATLANTIC.ENDIST NORFOLK.W2SD ENDIST NORFOLK,,Solicitation,79edf6c6d98b407cb552b0697ee9b447,W9123626R1CCA,2026-10-22,33,541330,C211,,,Not stated,,Not a Butler-fit opportunity under the current conservative filter. Matched: army.,None identified,Ignore,No obvious vehicle restriction,Not Applicable,No special eligibility found in SAM.gov fields.,Prime feasible,Monitor as a direct pursuit unless attachments indicate otherwise.,None detected,https://sam.gov/workspace/contract/opp/79edf6c6d98b407cb552b0697ee9b447/view,"{'rel': 'self', 'href': 'https://api.sam.gov/prod/opportunities/v2/search?noticeid=79edf6c6d98b407cb552b0697ee9b447&limit=1'}",Dariya Walker,dariya.m.walker@usace.army.mil,Primary NAICS 541330,Partial Refresh — Capacity Reached,High,Below Butler-fit threshold,solicitation,,No downloadable attachment links found.
Rejected,D,3,RFP / Solicitation,"15--LIMITER,TORQUE,AIRC, IN REPAIR/MODIFICATION OF",DEPT OF DEFENSE.DEPT OF THE NAVY.NAVSUP.NAVSUP WEAPON SYSTEMS SUPPORT.NAVSUP WSS PHILADELPHIA.NAVSUP WEAPON SYSTEMS SUPPORT,,Solicitation,0a798bc3863b4cc186f6dcd7549876d4,N0038326QBB24,2026-10-22,33,,1560,,,Not stated,,"Not a Butler-fit opportunity under the current conservative filter. Matched: navy, navsup.",None identified,Ignore,No obvious vehicle restriction,Not Applicable,No special eligibility found in SAM.gov fields.,Prime feasible,Monitor as a direct pursuit unless attachments indicate otherwise.,None detected,https://sam.gov/workspace/contract/opp/0a798bc3863b4cc186f6dcd7549876d4/view,"{'rel': 'self', 'href': 'https://api.sam.gov/prod/opportunities/v2/search?noticeid=0a798bc3863b4cc186f6dcd7549876d4&limit=1'}","BRETT KILLEN, N733.19, PHONE (215)697-0000, EMAIL BRETT.M.KILLEN.CIV@US.NAVY.MIL",BRETT.M.KILLEN.CIV@US.NAVY.MIL,PSC 1560,Partial Refresh — Capacity Reached,High,Below Butler-fit threshold,presolicitation,,No downloadable attachment links found.
Rejected,D,3,RFP / Solicitation,"16--TORQUE LIMITER ASSE, IN REPAIR/MODIFICATION OF",DEPT OF DEFENSE.DEPT OF THE NAVY.NAVSUP.NAVSUP WEAPON SYSTEMS SUPPORT.NAVSUP WSS PHILADELPHIA.NAVSUP WEAPON SYSTEMS SUPPORT,,Solicitation,d8b124d6155e462a9e573dbfc7abed69,N0038326QBB23,2026-10-22,33,,1680,,,Not stated,,"Not a Butler-fit opportunity under the current conservative filter. Matched: navy, navsup.",None identified,Ignore,No obvious vehicle restriction,Not Applicable,No special eligibility found in SAM.gov fields.,Prime feasible,Monitor as a direct pursuit unless attachments indicate otherwise.,None detected,https://sam.gov/workspace/contract/opp/d8b124d6155e462a9e573dbfc7abed69/view,"{'rel': 'self', 'href': 'https://api.sam.gov/prod/opportunities/v2/search?noticeid=d8b124d6155e462a9e573dbfc7abed69&limit=1'}","BRETT KILLEN, N733.19, PHONE (215)697-0000, EMAIL BRETT.M.KILLEN.CIV@US.NAVY.MIL",BRETT.M.KILLEN.CIV@US.NAVY.MIL,PSC 1680,Partial Refresh — Capacity Reached,High,Below Butler-fit threshold,presolicitation,,No downloadable attachment links found.
Rejected,D,3,RFP / Solicitation,"16--CYLINDER ASSEMBLY,R, IN REPAIR/MODIFICATION OF",DEPT OF DEFENSE.DEPT OF THE NAVY.NAVSUP.NAVSUP WEAPON SYSTEMS SUPPORT.NAVSUP WSS PHILADELPHIA.NAVSUP WEAPON SYSTEMS SUPPORT,,Solicitation,c66b92c2054a486888bf07aae9342827,N0038326QBB21,2026-10-22,33,,1680,,,Not stated,,"Not a Butler-fit opportunity under the current conservative filter. Matched: navy, navsup.",None identified,Ignore,No obvious vehicle restriction,Not Applicable,No special eligibility found in SAM.gov fields.,Prime feasible,Monitor as a direct pursuit unless attachments indicate otherwise.,None detected,https://sam.gov/workspace/contract/opp/c66b92c2054a486888bf07aae9342827/view,"{'rel': 'self', 'href': 'https://api.sam.gov/prod/opportunities/v2/search?noticeid=c66b92c2054a486888bf07aae9342827&limit=1'}","BRETT KILLEN, N733.19, PHONE (215)697-0000, EMAIL BRETT.M.KILLEN.CIV@US.NAVY.MIL",BRETT.M.KILLEN.CIV@US.NAVY.MIL,PSC 1680,Partial Refresh — Capacity Reached,High,Below Butler-fit threshold,presolicitation,,No downloadable attachment links found.
Rejected,D,-5,RFP / Solicitation,"Technical, Analytical, Programmatic, and Integration Support Services","ENERGY, DEPARTMENT OF.ENERGY, DEPARTMENT OF.NNSA NON-MO CNTRCTNG OPS DIV",,Solicitation,bff4c72917494ef3abed5d269f6b4ad2,89233126QNA000438,2026-10-19,30,541330,R499,Small Business Set Aside - Total,"Germantown, Maryland, UNITED STATES",Not stated,,Not a Butler-fit opportunity under the current conservative filter.,Set-aside eligibility may limit prime feasibility,Ignore,No obvious vehicle restriction,Unknown — check Butler contract vehicles,Requires small-business set-aside eligibility.,Prime uncertain,Check whether Butler can qualify directly or should team with an eligible prime.,small business set aside,https://sam.gov/workspace/contract/opp/bff4c72917494ef3abed5d269f6b4ad2/view,"{'rel': 'self', 'href': 'https://api.sam.gov/prod/opportunities/v2/search?noticeid=bff4c72917494ef3abed5d269f6b4ad2&limit=1'}","Romero, Aaron J.",aaron.romero@nnsa.doe.gov,Primary NAICS 541330,Partial Refresh — Capacity Reached,High,Below Butler-fit threshold,solicitation,,No downloadable attachment links found.
Rejected,D,0,RFP / Solicitation,NAWCAD WOLF Identification Systems Technical Management Support Services RFO,DEPT OF DEFENSE.DEPT OF THE NAVY.NAVAIR.NAVAIR NAWC AD.NAVAL AIR WARFARE CENTER AIR DIV,,Solicitation,9f816ce14eff42cfb15bd85beb871d93,N0042126R1023,2026-10-19,30,541330,R799,Small Business Set Aside - Total,,Not stated,,"Not a Butler-fit opportunity under the current conservative filter. Matched: navy, navair, nawc.",Set-aside eligibility may limit prime feasibility,Ignore,No obvious vehicle restriction,Unknown — check Butler contract vehicles,Requires small-business set-aside eligibility.,Prime uncertain,Check whether Butler can qualify directly or should team with an eligible prime.,small business set aside,https://sam.gov/workspace/contract/opp/9f816ce14eff42cfb15bd85beb871d93/view,"{'rel': 'self', 'href': 'https://api.sam.gov/prod/opportunities/v2/search?noticeid=9f816ce14eff42cfb15bd85beb871d93&limit=1'}",Reagan Brady,reagan.m.brady.civ@us.navy.mil,Primary NAICS 541330,Partial Refresh — Capacity Reached,High,Below Butler-fit threshold,solicitation,,No downloadable attachment links found.
Rejected,D,3,RFP / Solicitation,RADIAC AND RADCON PROGRAM PROFESSIONAL SUPPORT SERVICES,DEPT OF DEFENSE.DEPT OF THE NAVY.NAVSEA.NAVSEA WARFARE CENTER.NAVAL SURFACE WARFARE CENTER,,Solicitation,d94b038e7b9e4ad1ab2b7ba39b446b20,N6426726R3014,2026-10-19,30,541330,R425,,,Not stated,,"Not a Butler-fit opportunity under the current conservative filter. Matched: navy, navsea.",None identified,Ignore,No obvious vehicle restriction,Not Applicable,No special eligibility found in SAM.gov fields.,Prime feasible,Monitor as a direct pursuit unless attachments indicate otherwise.,None detected,https://sam.gov/workspace/contract/opp/d94b038e7b9e4ad1ab2b7ba39b446b20/view,"{'rel': 'self', 'href': 'https://api.sam.gov/prod/opportunities/v2/search?noticeid=d94b038e7b9e4ad1ab2b7ba39b446b20&limit=1'}",Melanie Bonilla,melanie.a.bonilla.civ@us.navy.mil,Primary NAICS 541330,Partial Refresh — Capacity Reached,High,Below Butler-fit threshold,solicitation,,No downloadable attachment links found.
Rejected,D,0,RFP / Solicitation,"Broad Agency Announcement (BAA): Cost Estimating Modeling Data, Analytics Research (CEMDAR)",DEPT OF DEFENSE.DEPT OF THE AIR FORCE.AIR FORCE DISTRICT OF WASHINGTON.FA7014  AFDW PK,,Solicitation,d44d0904b2894646aebfd9aebd2b5807,FA701426SCS02,2026-10-19,30,541715,AJ12,Small Business Set Aside - Total,UNITED STATES,Not stated,,Not a Butler-fit opportunity under the current conservative filter. Matched: air force. Attachment text was included in the screen.,Set-aside eligibility may limit prime feasibility,Ignore,No obvious vehicle restriction,Unknown — check Butler contract vehicles,Requires small-business set-aside eligibility.,Prime uncertain,Check whether Butler can qualify directly or should team with an eligible prime.,small business set aside,https://sam.gov/workspace/contract/opp/d44d0904b2894646aebfd9aebd2b5807/view,"https://sam.gov/api/prod/opps/v3/opportunities/resources/files/9ad75b600b274960b25c375821a0c466/download
{'rel': 'self', 'href': 'https://api.sam.gov/prod/opportunities/v2/search?noticeid=d44d0904b2894646aebfd9aebd2b5807&limit=1'}",Eric L. Moss,eric.moss.3@us.af.mil,Primary NAICS 541715,Partial Refresh — Capacity Reached,High — attachment text read,Below Butler-fit threshold,solicitation,,Attachment text read
Rejected,D,8,Sources Sought / RFI,"Rendezvous, Proximity Operations (RPO) Threat Response (RTR) VICTUS Responsive Launch Space Vehicle (SV)",DEPT OF DEFENSE.DEPT OF THE AIR FORCE.SPACE SYSTEMS COMMAND.PEO SPACE DOMAIN AWARENESS ANDCOMBAT POWER.FA8819 SDA AND COMBAT POWER SZK-LA,,Sources Sought,62446f1684754112be95a66fff02eee3,SYD89-26-RPO-RLSV,2026-10-19,30,541715,1555,No Set aside used,"California, UNITED STATES",Not stated,,"Not a Butler-fit opportunity under the current conservative filter. Matched: space vehicle, air force. Attachment text was included in the screen.",None identified,Ignore,No obvious vehicle restriction,Not Applicable,No special eligibility found in SAM.gov fields.,Prime feasible,Monitor as a direct pursuit unless attachments indicate otherwise.,None detected,https://sam.gov/workspace/contract/opp/62446f1684754112be95a66fff02eee3/view,"https://sam.gov/api/prod/opps/v3/opportunities/resources/files/e67e76e943374aa8bf06bcf87a578f95/download
{'rel': 'self', 'href': 'https://api.sam.gov/prod/opportunities/v2/search?noticeid=62446f1684754112be95a66fff02eee3&limit=1'}",Brandon Villalpando,brandon.villalpando@spaceforce.mil,Primary NAICS 541715,Partial Refresh — Capacity Reached,High — attachment text read,Hard reject: dam,sources sought,,Attachment text read
Rejected,D,3,RFP / Solicitation,"28--CASE,AUGMENTOR,AIRC, IN REPAIR/MODIFICATION OF",DEPT OF DEFENSE.DEPT OF THE NAVY.NAVSUP.NAVSUP WEAPON SYSTEMS SUPPORT.NAVSUP WSS PHILADELPHIA.NAVSUP WEAPON SYSTEMS SUPPORT,,Solicitation,36d38666cf684d3898cb267535899fc4,N0038326QSC12,2026-10-19,30,336412,2840,,,Not stated,,"Not a Butler-fit opportunity under the current conservative filter. Matched: navy, navsup.",None identified,Ignore,No obvious vehicle restriction,Not Applicable,No special eligibility found in SAM.gov fields.,Prime feasible,Monitor as a direct pursuit unless attachments indicate otherwise.,None detected,https://sam.gov/workspace/contract/opp/36d38666cf684d3898cb267535899fc4/view,"{'rel': 'self', 'href': 'https://api.sam.gov/prod/opportunities/v2/search?noticeid=36d38666cf684d3898cb267535899fc4&limit=1'}",Telephone: 2156971303,CHARLES.F.HORAN4.CIV@US.NAVY.MIL,Primary NAICS 336412,Partial Refresh — Capacity Reached,High,Below Butler-fit threshold,solicitation,,No downloadable attachment links found.
Rejected,D,3,RFP / Solicitation,"16--BRAKE ASSEMBLY,BACK, IN REPAIR/MODIFICATION OF",DEPT OF DEFENSE.DEPT OF THE NAVY.NAVSUP.NAVSUP WEAPON SYSTEMS SUPPORT.NAVSUP WSS PHILADELPHIA.NAVSUP WEAPON SYSTEMS SUPPORT,,Solicitation,e776ea78cfa244f28dd7af6a650fb6b8,N0038326QSB84,2026-10-19,30,336413,1630,,,Not stated,,"Not a Butler-fit opportunity under the current conservative filter. Matched: navy, navsup.",None identified,Ignore,No obvious vehicle restriction,Not Applicable,No special eligibility found in SAM.gov fields.,Prime feasible,Monitor as a direct pursuit unless attachments indicate otherwise.,None detected,https://sam.gov/workspace/contract/opp/e776ea78cfa244f28dd7af6a650fb6b8/view,"{'rel': 'self', 'href': 'https://api.sam.gov/prod/opportunities/v2/search?noticeid=e776ea78cfa244f28dd7af6a650fb6b8&limit=1'}",Telephone: 2156972606,ALAINNA.M.PETTIT.CIV@US.NAVY.MIL,Primary NAICS 336413,Partial Refresh — Capacity Reached,High,Below Butler-fit threshold,solicitation,,No downloadable attachment links found.
Rejected,D,3,RFP / Solicitation,"16--ACTUATOR,MECHANICAL, IN REPAIR/MODIFICATION OF",DEPT OF DEFENSE.DEPT OF THE NAVY.NAVSUP.NAVSUP WEAPON SYSTEMS SUPPORT.NAVSUP WSS PHILADELPHIA.NAVSUP WEAPON SYSTEMS SUPPORT,,Solicitation,c7f40565ba144cf1bb3487783386203a,N0038326RSC10,2026-10-19,30,336413,1680,,,Not stated,,"Not a Butler-fit opportunity under the current conservative filter. Matched: navy, navsup.",None identified,Ignore,No obvious vehicle restriction,Not Applicable,No special eligibility found in SAM.gov fields.,Prime feasible,Monitor as a direct pursuit unless attachments indicate otherwise.,None detected,https://sam.gov/workspace/contract/opp/c7f40565ba144cf1bb3487783386203a/view,"{'rel': 'self', 'href': 'https://api.sam.gov/prod/opportunities/v2/search?noticeid=c7f40565ba144cf1bb3487783386203a&limit=1'}",Telephone: 2156972606,ALAINNA.M.PETTIT.CIV@US.NAVY.MIL,Primary NAICS 336413,Partial Refresh — Capacity Reached,High,Below Butler-fit threshold,solicitation,,No downloadable attachment links found.
Rejected,D,3,RFP / Solicitation,"16--BRAKE ASSEMBLY,BACK, IN REPAIR/MODIFICATION OF",DEPT OF DEFENSE.DEPT OF THE NAVY.NAVSUP.NAVSUP WEAPON SYSTEMS SUPPORT.NAVSUP WSS PHILADELPHIA.NAVSUP WEAPON SYSTEMS SUPPORT,,Solicitation,8626814c81ec44e88a575bd4e005c0be,N0038326QSB86,2026-10-19,30,336413,1630,,,Not stated,,"Not a Butler-fit opportunity under the current conservative filter. Matched: navy, navsup.",None identified,Ignore,No obvious vehicle restriction,Not Applicable,No special eligibility found in SAM.gov fields.,Prime feasible,Monitor as a direct pursuit unless attachments indicate otherwise.,None detected,https://sam.gov/workspace/contract/opp/8626814c81ec44e88a575bd4e005c0be/view,"{'rel': 'self', 'href': 'https://api.sam.gov/prod/opportunities/v2/search?noticeid=8626814c81ec44e88a575bd4e005c0be&limit=1'}",Telephone: 2156972606,ALAINNA.M.PETTIT.CIV@US.NAVY.MIL,Primary NAICS 336413,Partial Refresh — Capacity Reached,High,Below Butler-fit threshold,solicitation,,No downloadable attachment links found.
Rejected,D,3,RFP / Solicitation,"16--SRL POWER SUPPLY, IN REPAIR/MODIFICATION OF",DEPT OF DEFENSE.DEPT OF THE NAVY.NAVSUP.NAVSUP WEAPON SYSTEMS SUPPORT.NAVSUP WSS PHILADELPHIA.NAVSUP WEAPON SYSTEMS SUPPORT,,Solicitation,55c2a0729aef40e190ac48d6f90b1ecc,N0038326QBA90,2026-10-19,30,336413,1680,,,Not stated,,"Not a Butler-fit opportunity under the current conservative filter. Matched: navy, navsup.",None identified,Ignore,No obvious vehicle restriction,Not Applicable,No special eligibility found in SAM.gov fields.,Prime feasible,Monitor as a direct pursuit unless attachments indicate otherwise.,None detected,https://sam.gov/workspace/contract/opp/55c2a0729aef40e190ac48d6f90b1ecc/view,"{'rel': 'self', 'href': 'https://api.sam.gov/prod/opportunities/v2/search?noticeid=55c2a0729aef40e190ac48d6f90b1ecc&limit=1'}",Telephone: 2156973992,JESSICA.P.LAYCHOCK.CIV@US.NAVY.MIL,Primary NAICS 336413,Partial Refresh — Capacity Reached,High,Below Butler-fit threshold,solicitation,,No downloadable attachment links found.
Rejected,D,3,RFP / Solicitation,"15--FAIRING ASSEMBLY, IN REPAIR/MODIFICATION OF",DEPT OF DEFENSE.DEPT OF THE NAVY.NAVSUP.NAVSUP WEAPON SYSTEMS SUPPORT.NAVSUP WSS PHILADELPHIA.NAVSUP WEAPON SYSTEMS SUPPORT,,Solicitation,37297c8c83c64aceb031df501dae2e30,N0038326QFC07,2026-10-19,30,336413,1560,,,Not stated,,"Not a Butler-fit opportunity under the current conservative filter. Matched: navy, navsup.",None identified,Ignore,No obvious vehicle restriction,Not Applicable,No special eligibility found in SAM.gov fields.,Prime feasible,Monitor as a direct pursuit unless attachments indicate otherwise.,None detected,https://sam.gov/workspace/contract/opp/37297c8c83c64aceb031df501dae2e30/view,"{'rel': 'self', 'href': 'https://api.sam.gov/prod/opportunities/v2/search?noticeid=37297c8c83c64aceb031df501dae2e30&limit=1'}",Telephone: 2156973752,CASEY.M.BROWN20.CIV@US.NAVY.MIL,Primary NAICS 336413,Partial Refresh — Capacity Reached,High,Below Butler-fit threshold,solicitation,,No downloadable attachment links found.
Rejected,D,3,RFP / Solicitation,"16--EDS CONTROL PANEL,A, IN REPAIR/MODIFICATION OF",DEPT OF DEFENSE.DEPT OF THE NAVY.NAVSUP.NAVSUP WEAPON SYSTEMS SUPPORT.NAVSUP WSS PHILADELPHIA.NAVSUP WEAPON SYSTEMS SUPPORT,,Solicitation,1fbd5ad0eada485b94f9a16d110acbcc,N0038326QMB37,2026-10-19,30,336413,1680,,,Not stated,,"Not a Butler-fit opportunity under the current conservative filter. Matched: navy, navsup.",None identified,Ignore,No obvious vehicle restriction,Not Applicable,No special eligibility found in SAM.gov fields.,Prime feasible,Monitor as a direct pursuit unless attachments indicate otherwise.,None detected,https://sam.gov/workspace/contract/opp/1fbd5ad0eada485b94f9a16d110acbcc/view,"{'rel': 'self', 'href': 'https://api.sam.gov/prod/opportunities/v2/search?noticeid=1fbd5ad0eada485b94f9a16d110acbcc&limit=1'}",Telephone: 2156973608,TARA.B.KUPPERSTEIN.CIV@US.NAVY.MIL,Primary NAICS 336413,Partial Refresh — Capacity Reached,High,Below Butler-fit threshold,solicitation,,No downloadable attachment links found.
Rejected,D,5,RFP / Solicitation,Circuit Card Assembly,"DEPT OF DEFENSE.DEFENSE LOGISTICS AGENCY.DLA AVIATION.DLA AVIATION OKLAHOMA CITY.DLA AVIATION AT OKLAHOMA CITY, OK",,Solicitation,88956825ca514cc09e73983e4e14519d,SPRTA1-26-Q-2317,2026-10-19,30,336413,5998,,UNITED STATES,Not stated,,"Not a Butler-fit opportunity under the current conservative filter. Matched: mbe, dla aviation. Attachment text was included in the screen.",None identified,Ignore,No obvious vehicle restriction,Not Applicable,No special eligibility found in SAM.gov fields.,Prime feasible,Monitor as a direct pursuit unless attachments indicate otherwise.,None detected,https://sam.gov/workspace/contract/opp/88956825ca514cc09e73983e4e14519d/view,"https://sam.gov/api/prod/opps/v3/opportunities/resources/files/d93ec2a6615a43758ec968ed0039b571/download
{'rel': 'self', 'href': 'https://api.sam.gov/prod/opportunities/v2/search?noticeid=88956825ca514cc09e73983e4e14519d&limit=1'}",Genevee Suba,genevee.suba@us.af.mil,Primary NAICS 336413,Partial Refresh — Capacity Reached,High — attachment text read,Hard reject: dam,combined synopsis/solicitation,,Attachment text read
Rejected,D,-2,RFP / Solicitation,"Systems for Phenotypic Evaluation, Clinical Trajectories, Response, and Agency (SPECTRA)","HEALTH AND HUMAN SERVICES, DEPARTMENT OF.NATIONAL INSTITUTES OF HEALTH.ADVANCED RESEARCH PROJECTS AGENCY FOR HEALTH (ARPA-H)",,Solicitation,ae0ce5edc4c341afbf26a9413cfdae62,ARPA-H-SOL-26-163,2026-10-18,29,541715,AN13,,UNITED STATES,Not stated,,Not a Butler-fit opportunity under the current conservative filter. Attachment text was included in the screen.,None identified,Ignore,No obvious vehicle restriction,Not Applicable,No special eligibility found in SAM.gov fields.,Prime feasible,Monitor as a direct pursuit unless attachments indicate otherwise.,None detected,https://sam.gov/workspace/contract/opp/ae0ce5edc4c341afbf26a9413cfdae62/view,"https://sam.gov/api/prod/opps/v3/opportunities/resources/files/2c9618a19adc4c3b96d8e6c692a2de67/download
https://sam.gov/api/prod/opps/v3/opportunities/resources/files/eac2836ff28943b0a916929af798e5a0/download
{'rel': 'self', 'href': 'https://api.sam.gov/prod/opportunities/v2/search?noticeid=ae0ce5edc4c341afbf26a9413cfdae62&limit=1'}",SPECTRA Team,SPECTRA@arpa-h.gov,Primary NAICS 541715,Partial Refresh — Capacity Reached,High — attachment text read,Below Butler-fit threshold,solicitation,,Attachment text read; Attachment text read
Rejected,D,3,Sources Sought / RFI,B-2 Power Drive Unit Controller Repair,DEPT OF DEFENSE.DEPT OF THE AIR FORCE.AIR FORCE MATERIEL COMMAND.AIR FORCE SUSTAINMENT CENTER.FA8119  AFSC PZABC,,Sources Sought,58e1c74a52ee46638785375fb19b2c84,PDUCFD20302700309SSS,2026-10-18,29,336413,6110,,UNITED STATES,Not stated,,Not a Butler-fit opportunity under the current conservative filter. Matched: air force. Attachment text was included in the screen.,None identified,Ignore,No obvious vehicle restriction,Not Applicable,No special eligibility found in SAM.gov fields.,Prime feasible,Monitor as a direct pursuit unless attachments indicate otherwise.,None detected,https://sam.gov/workspace/contract/opp/58e1c74a52ee46638785375fb19b2c84/view,"https://sam.gov/api/prod/opps/v3/opportunities/resources/files/422da0c15528493c9ed03e7c0f71bdc4/download
https://sam.gov/api/prod/opps/v3/opportunities/resources/files/89dea3fa28a346a6a32e00e855b6f94e/download
{'rel': 'self', 'href': 'https://api.sam.gov/prod/opportunities/v2/search?noticeid=58e1c74a52ee46638785375fb19b2c84&limit=1'}",Taylor Baptiste,taylor.baptiste@us.af.mil,Primary NAICS 336413,Partial Refresh — Capacity Reached,High — attachment text read,Below Butler-fit threshold,sources sought,,Attachment text read; Attachment text read
Rejected,D,5,RFP / Solicitation,"STARTER, ENGINE, AIR","DEPT OF DEFENSE.DEFENSE LOGISTICS AGENCY.DLA AVIATION.DLA AVIATION OKLAHOMA CITY.DLA AVIATION AT OKLAHOMA CITY, OK",,Solicitation,ba923a1d5bc9466ea4de9b3f1a375051,SPRTA1-26-Q-2119,2026-10-17,28,336412,2995,,UNITED STATES,Not stated,,"Not a Butler-fit opportunity under the current conservative filter. Matched: mbe, dla aviation. Attachment text was included in the screen.",None identified,Ignore,No obvious vehicle restriction,Not Applicable,No special eligibility found in SAM.gov fields.,Prime feasible,Monitor as a direct pursuit unless attachments indicate otherwise.,None detected,https://sam.gov/workspace/contract/opp/ba923a1d5bc9466ea4de9b3f1a375051/view,"https://sam.gov/api/prod/opps/v3/opportunities/resources/files/b3db7e8245bd4d65bdcfaf290454b0a1/download
https://sam.gov/api/prod/opps/v3/opportunities/resources/files/d488351e75704dd68c75f74fae667baa/download
{'rel': 'self', 'href': 'https://api.sam.gov/prod/opportunities/v2/search?noticeid=ba923a1d5bc9466ea4de9b3f1a375051&limit=1'}",Genevee Suba,genevee.suba@us.af.mil,Primary NAICS 336412,Partial Refresh — Capacity Reached,High — attachment text read,Hard reject: dam,combined synopsis/solicitation,,Attachment text read; Attachment text read
Rejected,D,-5,RFP / Solicitation,DOC Architect and Engineering IDIQ,"COMMERCE, DEPARTMENT OF.OFFICE OF THE SECRETARY.DEPT OF COMMERCE SSPO",,Solicitation,f33024ac5e6c41639f3b65882a034319,AA-FEQ-WC-O-26-00495,2026-10-16,27,541330,R425,Small Business Set Aside - Total,"Washington, District of Columbia, UNITED STATES",Not stated,,Not a Butler-fit opportunity under the current conservative filter. Attachment text was included in the screen.,Set-aside eligibility may limit prime feasibility,Ignore,No obvious vehicle restriction,Unknown — check Butler contract vehicles,Requires small-business set-aside eligibility.,Prime uncertain,Check whether Butler can qualify directly or should team with an eligible prime.,small business set aside,https://sam.gov/workspace/contract/opp/f33024ac5e6c41639f3b65882a034319/view,"https://sam.gov/api/prod/opps/v3/opportunities/resources/files/3da4eaa8555448198650ae63fb3a077b/download
https://sam.gov/api/prod/opps/v3/opportunities/resources/files/e741b1214ae9434fa7f0a77860de777d/download
{'rel': 'self', 'href': 'https://api.sam.gov/prod/opportunities/v2/search?noticeid=f33024ac5e6c41639f3b65882a034319&limit=1'}",Kie'Arra Shorter,KShorter@doc.gov,Primary NAICS 541330,Partial Refresh — Capacity Reached,High — attachment text read,Below Butler-fit threshold,presolicitation,,Attachment text read; Attachment text read
Rejected,D,0,RFP / Solicitation,PM MAGTF C2 PMO Support Services Engineering and Logistics,DEPT OF DEFENSE.DEPT OF THE NAVY.USMC.MARCOR SYSCOM.COMMANDER,,Solicitation,c60b100d31254c5f907b342104556f0b,M6785426R3008,2026-10-16,27,541330,R425,Service-Disabled Veteran-Owned Small Business (SDVOSB) Set-Aside (FAR 19.14),,Not stated,,Not a Butler-fit opportunity under the current conservative filter. Matched: navy.,Set-aside eligibility may limit prime feasibility,Ignore,No obvious vehicle restriction,Unknown — check Butler contract vehicles,Requires small-business set-aside eligibility.,Prime uncertain,Check whether Butler can qualify directly or should team with an eligible prime.,sdvosb; veteran-owned,https://sam.gov/workspace/contract/opp/c60b100d31254c5f907b342104556f0b/view,"{'rel': 'self', 'href': 'https://api.sam.gov/prod/opportunities/v2/search?noticeid=c60b100d31254c5f907b342104556f0b&limit=1'}",Sarah Kilmer,sarah.kilmer@usmc.mil,Primary NAICS 541330,Partial Refresh — Capacity Reached,High,Below Butler-fit threshold,solicitation,,No downloadable attachment links found.
Rejected,D,3,RFP / Solicitation,"Optoelectronics, Power Electronics and Radiation Effects",DEPT OF DEFENSE.DEPT OF THE NAVY.ONR.ONR NRL.NAVAL RESEARCH LABORATORY,,Solicitation,678440d86d544f61911266d1ad234a33,N0017326R0008,2026-10-16,27,541715,AC11,No Set aside used,"Washington, District of Columbia, UNITED STATES",Not stated,,Not a Butler-fit opportunity under the current conservative filter. Matched: navy. Attachment text was included in the screen.,None identified,Ignore,No obvious vehicle restriction,Not Applicable,No special eligibility found in SAM.gov fields.,Prime feasible,Monitor as a direct pursuit unless attachments indicate otherwise.,None detected,https://sam.gov/workspace/contract/opp/678440d86d544f61911266d1ad234a33/view,"https://sam.gov/api/prod/opps/v3/opportunities/resources/files/50ab0f2e53134dc98ac07e67250b8076/download
https://sam.gov/api/prod/opps/v3/opportunities/resources/files/66dae1d4e24e4348a8ea63c2d1604030/download
https://sam.gov/api/prod/opps/v3/opportunities/resources/files/68153772530c41f38aba3b0ae3135b0c/download
https://sam.gov/api/prod/opps/v3/opportunities/resources/files/88ccc76e76de427f8271d6940768c778/download
https://sam.gov/api/prod/opps/v3/opportunities/resources/files/89d83c2617de45cfb010a61cf7f29fe7/download
https://sam.gov/api/prod/opps/v3/opportunities/resources/files/9d8101659e944a1f962188c84e3a28f3/download
https://sam.gov/api/prod/opps/v3/opportunities/resources/files/a409d366c32f4dd588feb8b28000f8b3/download
https://sam.gov/api/prod/opps/v3/opportunities/resources/files/ab7215223b8f40e8b251c0645a1e36d9/download
https://sam.gov/api/prod/opps/v3/opportunities/resources/files/ee55ca482f1d46f388378b455d2350ee/download
https://sam.gov/api/prod/opps/v3/opportunities/resources/files/f057f60495fe4482855baec1cbcbdc21/download
{'rel': 'self', 'href': 'https://api.sam.gov/prod/opportunities/v2/search?noticeid=678440d86d544f61911266d1ad234a33&limit=1'}",Maribel Ramirez,maribel.ramirez23.civ@us.navy.mil,Primary NAICS 541715,Partial Refresh — Capacity Reached,High — attachment text read,Below Butler-fit threshold,solicitation,,Attachment text read; Attachment text read; Attachment text read
Rejected,D,3,RFP / Solicitation,F108 Outer Nozzle Support Repair,DEPT OF DEFENSE.DEPT OF THE AIR FORCE.AIR FORCE MATERIEL COMMAND.AIR FORCE SUSTAINMENT CENTER.FA8122  AFSC PZAAB,,Solicitation,518d072f46e14579bce52e9704000640,FA812226RB002,2026-10-16,27,336412,J028,,,Not stated,,Not a Butler-fit opportunity under the current conservative filter. Matched: air force.,None identified,Ignore,No obvious vehicle restriction,Not Applicable,No special eligibility found in SAM.gov fields.,Prime feasible,Monitor as a direct pursuit unless attachments indicate otherwise.,None detected,https://sam.gov/workspace/contract/opp/518d072f46e14579bce52e9704000640/view,"{'rel': 'self', 'href': 'https://api.sam.gov/prod/opportunities/v2/search?noticeid=518d072f46e14579bce52e9704000640&limit=1'}",Brock May,brock.may@us.af.mil,Primary NAICS 336412,Partial Refresh — Capacity Reached,High,Below Butler-fit threshold,solicitation,,No downloadable attachment links found.
Rejected,D,3,RFP / Solicitation,"28--FAIRING,FAN,AIRCRAF, IN REPAIR/MODIFICATION OF",DEPT OF DEFENSE.DEPT OF THE NAVY.NAVSUP.NAVSUP WEAPON SYSTEMS SUPPORT.NAVSUP WSS PHILADELPHIA.NAVSUP WEAPON SYSTEMS SUPPORT,,Solicitation,45b1e6259e124b86821879680b472690,N0038326RNA82,2026-10-16,27,336412,2840,,,Not stated,,"Not a Butler-fit opportunity under the current conservative filter. Matched: navy, navsup.",None identified,Ignore,No obvious vehicle restriction,Not Applicable,No special eligibility found in SAM.gov fields.,Prime feasible,Monitor as a direct pursuit unless attachments indicate otherwise.,None detected,https://sam.gov/workspace/contract/opp/45b1e6259e124b86821879680b472690/view,"{'rel': 'self', 'href': 'https://api.sam.gov/prod/opportunities/v2/search?noticeid=45b1e6259e124b86821879680b472690&limit=1'}",Telephone: 2156975970,DANIELLE.DICIACCO.CIV@US.NAVY.MIL,Primary NAICS 336412,Partial Refresh — Capacity Reached,High,Below Butler-fit threshold,solicitation,,No downloadable attachment links found.
Rejected,D,3,RFP / Solicitation,"SYNTHESIZER, ELECTRI","DEPT OF DEFENSE.DEFENSE LOGISTICS AGENCY.DLA AVIATION.DLA AVIATION OKLAHOMA CITY.DLA AVIATION AT OKLAHOMA CITY, OK",,Solicitation,cd7279b559c1459483eaa6d7f5cadf4a,SPRTA1-26-R-0409,2026-10-16,27,336413,5895,No Set aside used,UNITED STATES,Not stated,,Not a Butler-fit opportunity under the current conservative filter. Matched: dla aviation. Attachment text was included in the screen.,None identified,Ignore,No obvious vehicle restriction,Not Applicable,No special eligibility found in SAM.gov fields.,Prime feasible,Monitor as a direct pursuit unless attachments indicate otherwise.,None detected,https://sam.gov/workspace/contract/opp/cd7279b559c1459483eaa6d7f5cadf4a/view,"https://sam.gov/api/prod/opps/v3/opportunities/resources/files/e50b959d631a4227a0124242c639f2d5/download
{'rel': 'self', 'href': 'https://api.sam.gov/prod/opportunities/v2/search?noticeid=cd7279b559c1459483eaa6d7f5cadf4a&limit=1'}",Brent Weilmuenster,brent.weilmuenster@us.af.mil,Primary NAICS 336413,Partial Refresh — Capacity Reached,High — attachment text read,Hard reject: dam,solicitation,,Attachment text read
Rejected,D,3,RFP / Solicitation,"16--ACTUATOR,MECHANICAL, IN REPAIR/MODIFICATION OF",DEPT OF DEFENSE.DEPT OF THE NAVY.NAVSUP.NAVSUP WEAPON SYSTEMS SUPPORT.NAVSUP WSS PHILADELPHIA.NAVSUP WEAPON SYSTEMS SUPPORT,,Solicitation,c558196b065b4337ac8828faf88d007c,N0038326QPD05,2026-10-16,27,336413,1680,,,Not stated,,"Not a Butler-fit opportunity under the current conservative filter. Matched: navy, navsup.",None identified,Ignore,No obvious vehicle restriction,Not Applicable,No special eligibility found in SAM.gov fields.,Prime feasible,Monitor as a direct pursuit unless attachments indicate otherwise.,None detected,https://sam.gov/workspace/contract/opp/c558196b065b4337ac8828faf88d007c/view,"{'rel': 'self', 'href': 'https://api.sam.gov/prod/opportunities/v2/search?noticeid=c558196b065b4337ac8828faf88d007c&limit=1'}",Telephone: 2156972530,CHRISTOPHER.CAMPELLONE.CIV@US.NAVY.MIL,Primary NAICS 336413,Partial Refresh — Capacity Reached,High,Below Butler-fit threshold,solicitation,,No downloadable attachment links found.
Rejected,D,3,RFP / Solicitation,"17--NRP,TOUCHSCREEN ASS, IN REPAIR/MODIFICATION OF",DEPT OF DEFENSE.DEPT OF THE NAVY.NAVSUP.NAVSUP WEAPON SYSTEMS SUPPORT.NAVSUP WSS PHILADELPHIA.NAVSUP WEAPON SYSTEMS SUPPORT,,Solicitation,693bc8bc605e45e2b0488aeb9a78a56f,N0038326QPD06,2026-10-16,27,336413,1720,,,Not stated,,"Not a Butler-fit opportunity under the current conservative filter. Matched: navy, navsup.",None identified,Ignore,No obvious vehicle restriction,Not Applicable,No special eligibility found in SAM.gov fields.,Prime feasible,Monitor as a direct pursuit unless attachments indicate otherwise.,None detected,https://sam.gov/workspace/contract/opp/693bc8bc605e45e2b0488aeb9a78a56f/view,"{'rel': 'self', 'href': 'https://api.sam.gov/prod/opportunities/v2/search?noticeid=693bc8bc605e45e2b0488aeb9a78a56f&limit=1'}",Telephone: 2156972530,CHRISTOPHER.CAMPELLONE.CIV@US.NAVY.MIL,Primary NAICS 336413,Partial Refresh — Capacity Reached,High,Below Butler-fit threshold,solicitation,,No downloadable attachment links found.
Rejected,D,-2,RFP / Solicitation,Distributed Wind Competitiveness Improvement Project,"ENERGY, DEPARTMENT OF.ENERGY, DEPARTMENT OF.ALLIANCE FOR ENERGY INNOVATION, LLC - DOE CONTRACTOR",,Solicitation,0921c4e435f448d58c3dd9db08d6a6d3,PSN-2026031003,2026-10-15,26,541715,AJ12,No Set aside used,"Colorado, UNITED STATES",Not stated,,Not a Butler-fit opportunity under the current conservative filter. Attachment text was included in the screen.,None identified,Ignore,No obvious vehicle restriction,Not Applicable,No special eligibility found in SAM.gov fields.,Prime feasible,Monitor as a direct pursuit unless attachments indicate otherwise.,None detected,https://sam.gov/workspace/contract/opp/0921c4e435f448d58c3dd9db08d6a6d3/view,"https://sam.gov/api/prod/opps/v3/opportunities/resources/files/3c9bffdb50bd4131ae8e02ca0685562a/download
{'rel': 'self', 'href': 'https://api.sam.gov/prod/opportunities/v2/search?noticeid=0921c4e435f448d58c3dd9db08d6a6d3&limit=1'}",Jessica Roe,ASP.Responses@nlr.gov,Primary NAICS 541715,Partial Refresh — Capacity Reached,High — attachment text read,Below Butler-fit threshold,presolicitation,,Attachment text read
Rejected,D,3,RFP / Solicitation,"16--DRIVE UNIT,HYDRAULI, IN REPAIR/MODIFICATION OF",DEPT OF DEFENSE.DEPT OF THE NAVY.NAVSUP.NAVSUP WEAPON SYSTEMS SUPPORT.NAVSUP WSS PHILADELPHIA.NAVSUP WEAPON SYSTEMS SUPPORT,,Solicitation,dad1124a62d047c2948dfc22bb57933f,N0038326RBB04,2026-10-15,26,336413,1650,,,Not stated,,"Not a Butler-fit opportunity under the current conservative filter. Matched: navy, navsup.",None identified,Ignore,No obvious vehicle restriction,Not Applicable,No special eligibility found in SAM.gov fields.,Prime feasible,Monitor as a direct pursuit unless attachments indicate otherwise.,None detected,https://sam.gov/workspace/contract/opp/dad1124a62d047c2948dfc22bb57933f/view,"{'rel': 'self', 'href': 'https://api.sam.gov/prod/opportunities/v2/search?noticeid=dad1124a62d047c2948dfc22bb57933f&limit=1'}",Telephone: 2156972198,AMANDA.M.SWEENEY4.CIV@US.NAVY.MIL,Primary NAICS 336413,Partial Refresh — Capacity Reached,High,Below Butler-fit threshold,solicitation,,No downloadable attachment links found.
Rejected,D,3,RFP / Solicitation,"16--COMPUTER,MISSION, IN REPAIR/MODIFICATION OF",DEPT OF DEFENSE.DEPT OF THE NAVY.NAVSUP.NAVSUP WEAPON SYSTEMS SUPPORT.NAVSUP WSS PHILADELPHIA.NAVSUP WEAPON SYSTEMS SUPPORT,,Solicitation,66243a4722ce4a3187c4816d2176926d,N0038326QNB15,2026-10-15,26,336413,1650,,,Not stated,,"Not a Butler-fit opportunity under the current conservative filter. Matched: navy, navsup.",None identified,Ignore,No obvious vehicle restriction,Not Applicable,No special eligibility found in SAM.gov fields.,Prime feasible,Monitor as a direct pursuit unless attachments indicate otherwise.,None detected,https://sam.gov/workspace/contract/opp/66243a4722ce4a3187c4816d2176926d/view,"{'rel': 'self', 'href': 'https://api.sam.gov/prod/opportunities/v2/search?noticeid=66243a4722ce4a3187c4816d2176926d&limit=1'}",Telephone: 2156971219,DINA.M.WOJCIECHOWSKI.CIV@US.NAVY.MIL,Primary NAICS 336413,Partial Refresh — Capacity Reached,High,Below Butler-fit threshold,solicitation,,No downloadable attachment links found.
Rejected,D,3,RFP / Solicitation,"16--VALVE ASSEMBLY,HYDR, IN REPAIR/MODIFICATION OF",DEPT OF DEFENSE.DEPT OF THE NAVY.NAVSUP.NAVSUP WEAPON SYSTEMS SUPPORT.NAVSUP WSS PHILADELPHIA.NAVSUP WEAPON SYSTEMS SUPPORT,,Solicitation,2128fb97d21044e9ad648454a57cdf19,N0038326RBB03,2026-10-15,26,336413,1650,,,Not stated,,"Not a Butler-fit opportunity under the current conservative filter. Matched: navy, navsup.",None identified,Ignore,No obvious vehicle restriction,Not Applicable,No special eligibility found in SAM.gov fields.,Prime feasible,Monitor as a direct pursuit unless attachments indicate otherwise.,None detected,https://sam.gov/workspace/contract/opp/2128fb97d21044e9ad648454a57cdf19/view,"{'rel': 'self', 'href': 'https://api.sam.gov/prod/opportunities/v2/search?noticeid=2128fb97d21044e9ad648454a57cdf19&limit=1'}",Telephone: 2156972198,GRACE.V.MCGINLEY.CIV@US.NAVY.MIL,Primary NAICS 336413,Partial Refresh — Capacity Reached,High,Below Butler-fit threshold,solicitation,,No downloadable attachment links found.
Rejected,D,3,RFP / Solicitation,"16--CONTROL ASSEMBLY,LA, IN REPAIR/MODIFICATION OF",DEPT OF DEFENSE.DEPT OF THE NAVY.NAVSUP.NAVSUP WEAPON SYSTEMS SUPPORT.NAVSUP WSS PHILADELPHIA.NAVSUP WEAPON SYSTEMS SUPPORT,,Solicitation,0e5d9690538841a68ab04d5f998fe95f,N0038326RBB05,2026-10-15,26,336413,1680,,,Not stated,,"Not a Butler-fit opportunity under the current conservative filter. Matched: navy, navsup.",None identified,Ignore,No obvious vehicle restriction,Not Applicable,No special eligibility found in SAM.gov fields.,Prime feasible,Monitor as a direct pursuit unless attachments indicate otherwise.,None detected,https://sam.gov/workspace/contract/opp/0e5d9690538841a68ab04d5f998fe95f/view,"{'rel': 'self', 'href': 'https://api.sam.gov/prod/opportunities/v2/search?noticeid=0e5d9690538841a68ab04d5f998fe95f&limit=1'}",Telephone: 2156972198,AMANDA.M.SWEENEY4.CIV@US.NAVY.MIL,Primary NAICS 336413,Partial Refresh — Capacity Reached,High,Below Butler-fit threshold,solicitation,,No downloadable attachment links found.
Rejected,D,3,Special Notice,Drone Killer Cartridge Training Device,DEPT OF DEFENSE.DEPT OF THE ARMY.AMC.ACC.ACC-CTRS.ACC-APG.W6QK ACC-APG-ORLANDO,,Special Notice,13c98b9f92724ef694b42bae25dc82ed,TREX-II-26-09,2026-10-14,25,541715,AC13,,"Orlando, Kentucky, UNITED STATES",Not stated,,Not a Butler-fit opportunity under the current conservative filter. Matched: army.,None identified,Ignore,No obvious vehicle restriction,Not Applicable,No special eligibility found in SAM.gov fields.,Prime feasible,Monitor as a direct pursuit unless attachments indicate otherwise.,None detected,https://sam.gov/workspace/contract/opp/13c98b9f92724ef694b42bae25dc82ed/view,"{'rel': 'self', 'href': 'https://api.sam.gov/prod/opportunities/v2/search?noticeid=13c98b9f92724ef694b42bae25dc82ed&limit=1'}",Rodney Cotten,rodney.d.cotten.civ@army.mil,Primary NAICS 541715,Partial Refresh — Capacity Reached,High,Below Butler-fit threshold,special notice,,No downloadable attachment links found.
Rejected,D,3,Special Notice,"80JSC023DA010, Simulation and Software Technology (SST) III Ceiling Increase",NATIONAL AERONAUTICS AND SPACE ADMINISTRATION.NATIONAL AERONAUTICS AND SPACE ADMINISTRATION.NASA JOHNSON SPACE CENTER,,Special Notice,e0d5e1c4883249b6adc5a6714717776a,80JSC023DA010,2026-10-14,25,541511,R425,,"Houston, Texas, UNITED STATES",Not stated,,Not a Butler-fit opportunity under the current conservative filter. Matched: nasa. Attachment text was included in the screen.,None identified,Ignore,No obvious vehicle restriction,Not Applicable,No special eligibility found in SAM.gov fields.,Prime feasible,Monitor as a direct pursuit unless attachments indicate otherwise.,None detected,https://sam.gov/workspace/contract/opp/e0d5e1c4883249b6adc5a6714717776a/view,"https://sam.gov/api/prod/opps/v3/opportunities/resources/files/71af9944ba1c44749bba629ec9d1ec83/download
{'rel': 'self', 'href': 'https://api.sam.gov/prod/opportunities/v2/search?noticeid=e0d5e1c4883249b6adc5a6714717776a&limit=1'}",Carlos Roman,carlos.roman@nasa.gov,PSC R425,Partial Refresh — Capacity Reached,High — attachment text read,"Secondary NAICS without clear aerospace, defense, engineering, or sustainment connection",special notice,,Attachment text read
Rejected,D,-5,RFP / Solicitation,RIFO CORRAL EXTERIOR CLEANING,"INTERIOR, DEPARTMENT OF THE.BUREAU OF LAND MANAGEMENT.CALIFORNIA STATE OFFICE",,Solicitation,227516aec0504e0eac454842707b12c0,140L1226Q0049,2026-10-14,25,562119,R408,Small Business Set Aside - Total,,Not stated,,Not a Butler-fit opportunity under the current conservative filter. Attachment text was included in the screen.,Set-aside eligibility may limit prime feasibility,Ignore,No obvious vehicle restriction,Unknown — check Butler contract vehicles,Requires small-business set-aside eligibility.,Prime uncertain,Check whether Butler can qualify directly or should team with an eligible prime.,small business set aside,https://sam.gov/workspace/contract/opp/227516aec0504e0eac454842707b12c0/view,"https://sam.gov/api/prod/opps/v3/opportunities/resources/files/08dc6712384d4bfcb3dec274fc66120e/download
https://sam.gov/api/prod/opps/v3/opportunities/resources/files/270dae1537974a2a9976e1fdfb28a135/download
https://sam.gov/api/prod/opps/v3/opportunities/resources/files/d33eeb4590ec42e28ae14c8c62a2896a/download
{'rel': 'self', 'href': 'https://api.sam.gov/prod/opportunities/v2/search?noticeid=227516aec0504e0eac454842707b12c0&limit=1'}","Ehlinger, Laurie",lehlinger@blm.gov,PSC R408,Partial Refresh — Capacity Reached,High — attachment text read,Below Butler-fit threshold,solicitation,,Attachment text read; Attachment text read; Attachment text read
Rejected,D,0,RFP / Solicitation,Coordinated SECREP Management and Strategic Logistics Services (CSM_SLS),DEPT OF DEFENSE.DEPT OF THE NAVY.USMC.MARCORP I&L.COMMANDER,,Solicitation,8bf2ae4d2b6945c3a4658dfb6d79a718,M6700426R0003,2026-10-13,24,541330,R706,Small Business Set Aside - Total,,Not stated,,Not a Butler-fit opportunity under the current conservative filter. Matched: navy.,Set-aside eligibility may limit prime feasibility,Ignore,No obvious vehicle restriction,Unknown — check Butler contract vehicles,Requires small-business set-aside eligibility.,Prime uncertain,Check whether Butler can qualify directly or should team with an eligible prime.,small business set aside,https://sam.gov/workspace/contract/opp/8bf2ae4d2b6945c3a4658dfb6d79a718/view,"{'rel': 'self', 'href': 'https://api.sam.gov/prod/opportunities/v2/search?noticeid=8bf2ae4d2b6945c3a4658dfb6d79a718&limit=1'}",Steven Wynne ,steven.wynne@usmc.mil,Primary NAICS 541330,Partial Refresh — Capacity Reached,High,Below Butler-fit threshold,solicitation,,No downloadable attachment links found.
Rejected,D,3,Special Notice,Technical Services,DEPT OF DEFENSE.DEPT OF THE ARMY.AMC.ACC.ACC-CTRS.ACC-APG.W6QK ACC-APG-ORLANDO,,Special Notice,6e52ba2916bd4f3e84eae75254222672,SIM-26-09-001,2026-10-13,24,541715,AC13,,"Orlando, Florida, UNITED STATES",Not stated,,Not a Butler-fit opportunity under the current conservative filter. Matched: army.,None identified,Ignore,No obvious vehicle restriction,Not Applicable,No special eligibility found in SAM.gov fields.,Prime feasible,Monitor as a direct pursuit unless attachments indicate otherwise.,None detected,https://sam.gov/workspace/contract/opp/6e52ba2916bd4f3e84eae75254222672/view,"{'rel': 'self', 'href': 'https://api.sam.gov/prod/opportunities/v2/search?noticeid=6e52ba2916bd4f3e84eae75254222672&limit=1'}",Angelica Perez,angelica.c.perez5.civ@army.mil,Primary NAICS 541715,Partial Refresh — Capacity Reached,High,Below Butler-fit threshold,special notice,,No downloadable attachment links found.
Rejected,D,-2,RFP / Solicitation,Restorative and health-Enhancing Sleep Time (REST),"HEALTH AND HUMAN SERVICES, DEPARTMENT OF.NATIONAL INSTITUTES OF HEALTH.ADVANCED RESEARCH PROJECTS AGENCY FOR HEALTH (ARPA-H)",,Solicitation,2b5fbe1e0d76411f8e773b3151abfe42,ARPA-H-SOL-26-159,2026-10-13,24,541715,AN13,No Set aside used,,Not stated,,Not a Butler-fit opportunity under the current conservative filter. Attachment text was included in the screen.,None identified,Ignore,No obvious vehicle restriction,Not Applicable,No special eligibility found in SAM.gov fields.,Prime feasible,Monitor as a direct pursuit unless attachments indicate otherwise.,None detected,https://sam.gov/workspace/contract/opp/2b5fbe1e0d76411f8e773b3151abfe42/view,"https://sam.gov/api/prod/opps/v3/opportunities/resources/files/5379deae597546fa9cda49c878476f0e/download
https://sam.gov/api/prod/opps/v3/opportunities/resources/files/6eb7c7f5e13f4cb8833f1b223c7af826/download
https://sam.gov/api/prod/opps/v3/opportunities/resources/files/f7d82af73def4b5ca1f0c829b88e6d3d/download
{'rel': 'self', 'href': 'https://api.sam.gov/prod/opportunities/v2/search?noticeid=2b5fbe1e0d76411f8e773b3151abfe42&limit=1'}",REST Team,rest@arpa-h.gov,Primary NAICS 541715,Partial Refresh — Capacity Reached,High — attachment text read,Below Butler-fit threshold,solicitation,,Attachment text read; Attachment text read; Attachment text read
Rejected,D,3,RFP / Solicitation,"16--RADAR,LOW POWER, IN REPAIR/MODIFICATION OF",DEPT OF DEFENSE.DEPT OF THE NAVY.NAVSUP.NAVSUP WEAPON SYSTEMS SUPPORT.NAVSUP WSS PHILADELPHIA.NAVSUP WEAPON SYSTEMS SUPPORT,,Solicitation,743a8d07cad94844aacc830b8a3ea08e,N0038326RNB06,2026-10-13,24,336413,1680,,,Not stated,,"Not a Butler-fit opportunity under the current conservative filter. Matched: navy, navsup.",None identified,Ignore,No obvious vehicle restriction,Not Applicable,No special eligibility found in SAM.gov fields.,Prime feasible,Monitor as a direct pursuit unless attachments indicate otherwise.,None detected,https://sam.gov/workspace/contract/opp/743a8d07cad94844aacc830b8a3ea08e/view,"{'rel': 'self', 'href': 'https://api.sam.gov/prod/opportunities/v2/search?noticeid=743a8d07cad94844aacc830b8a3ea08e&limit=1'}",Telephone: 2156972198,CAITLIN.V.DONAHUE.CIV@US.NAVY.MIL,Primary NAICS 336413,Partial Refresh — Capacity Reached,High,Below Butler-fit threshold,solicitation,,No downloadable attachment links found.
Rejected,D,3,RFP / Solicitation,"16--ELECTRIC BRAKE ACTU, IN REPAIR/MODIFICATION OF",DEPT OF DEFENSE.DEPT OF THE NAVY.NAVSUP.NAVSUP WEAPON SYSTEMS SUPPORT.NAVSUP WSS PHILADELPHIA.NAVSUP WEAPON SYSTEMS SUPPORT,,Solicitation,16629930b22143829d3307963deea8f9,N0038326QSB94,2026-10-13,24,336413,1680,,,Not stated,,"Not a Butler-fit opportunity under the current conservative filter. Matched: navy, navsup.",None identified,Ignore,No obvious vehicle restriction,Not Applicable,No special eligibility found in SAM.gov fields.,Prime feasible,Monitor as a direct pursuit unless attachments indicate otherwise.,None detected,https://sam.gov/workspace/contract/opp/16629930b22143829d3307963deea8f9/view,"{'rel': 'self', 'href': 'https://api.sam.gov/prod/opportunities/v2/search?noticeid=16629930b22143829d3307963deea8f9&limit=1'}",Telephone: 2156972606,CARMELENA.C.OLDROYD.CIV@US.NAVY.MIL,Primary NAICS 336413,Partial Refresh — Capacity Reached,High,Below Butler-fit threshold,solicitation,,No downloadable attachment links found.
Rejected,D,3,RFP / Solicitation,"14--MECHANISM ASSEMBLY, IN REPAIR/MODIFICATION OF",DEPT OF DEFENSE.DEPT OF THE NAVY.NAVSUP.NAVSUP WEAPON SYSTEMS SUPPORT.NAVSUP WSS PHILADELPHIA.NAVSUP WEAPON SYSTEMS SUPPORT,,Solicitation,03584438bd45462ab3ace6a1ddb18c2f,N0038325RD174,2026-10-13,24,336415,1440,,,Not stated,,"Not a Butler-fit opportunity under the current conservative filter. Matched: navy, navsup.",None identified,Ignore,No obvious vehicle restriction,Not Applicable,No special eligibility found in SAM.gov fields.,Prime feasible,Monitor as a direct pursuit unless attachments indicate otherwise.,None detected,https://sam.gov/workspace/contract/opp/03584438bd45462ab3ace6a1ddb18c2f/view,"{'rel': 'self', 'href': 'https://api.sam.gov/prod/opportunities/v2/search?noticeid=03584438bd45462ab3ace6a1ddb18c2f&limit=1'}",Telephone: 2156976278,SVITLANA.SHVETS.CIV@US.NAVY.MIL,Primary NAICS 336415,Partial Refresh — Capacity Reached,High,Below Butler-fit threshold,solicitation,,No downloadable attachment links found.
Rejected,D,3,RFP / Solicitation,BIG BLUE 3 MAC (N6449821D0013 - N6449821D0023)DDG BACKFIT MODERNIZATION TECH REFRESH INSTALLATION,DEPT OF DEFENSE.DEPT OF THE NAVY.NAVSEA.NAVSEA WARFARE CENTER.NSWC PHILADELPHIA DIV,,Solicitation,1c06f17123684f40aef9dd7153af528e,N6449826Q5233,2026-10-13,24,336611,R425,,,Not stated,,"Not a Butler-fit opportunity under the current conservative filter. Matched: navy, navsea, nswc.",None identified,Ignore,No obvious vehicle restriction,Not Applicable,No special eligibility found in SAM.gov fields.,Prime feasible,Monitor as a direct pursuit unless attachments indicate otherwise.,None detected,https://sam.gov/workspace/contract/opp/1c06f17123684f40aef9dd7153af528e/view,"{'rel': 'self', 'href': 'https://api.sam.gov/prod/opportunities/v2/search?noticeid=1c06f17123684f40aef9dd7153af528e&limit=1'}",Chelsea Hovern,chelsea.j.hovern.civ@us.navy.mil,PSC R425,Partial Refresh — Capacity Reached,High,Below Butler-fit threshold,solicitation,,No downloadable attachment links found.
Rejected,D,3,RFP / Solicitation,$625M USACE SPD Vertical AE Design MATOC,DEPT OF DEFENSE.DEPT OF THE ARMY.US ARMY CORPS OF ENGINEERS.ENGINEER DIVISION SOUTH PACIFIC.ENDIST SACRAMENTO.W075 ENDIST SACRAMENTO,,Solicitation,8772a8b240e14262ba47363dc935bbba,W9123826RA008,2026-10-12,23,541330,C219,,,Not stated,,Not a Butler-fit opportunity under the current conservative filter. Matched: army.,None identified,Ignore,No obvious vehicle restriction,Not Applicable,No special eligibility found in SAM.gov fields.,Prime feasible,Monitor as a direct pursuit unless attachments indicate otherwise.,None detected,https://sam.gov/workspace/contract/opp/8772a8b240e14262ba47363dc935bbba/view,"{'rel': 'self', 'href': 'https://api.sam.gov/prod/opportunities/v2/search?noticeid=8772a8b240e14262ba47363dc935bbba&limit=1'}",Sean Summer,sean.a.summer@usace.army.mil,Primary NAICS 541330,Partial Refresh — Capacity Reached,High,Below Butler-fit threshold,solicitation,,No downloadable attachment links found.
Rejected,D,3,RFP / Solicitation,SOLICITATION NOTICE FOR OVERHAUL B-1 ELECTRO-MECHANICAL ACTUATORS,DEPT OF DEFENSE.DEPT OF THE AIR FORCE.AIR FORCE MATERIEL COMMAND.AIR FORCE SUSTAINMENT CENTER.FA8118  AFSC PZABB,,Solicitation,c99de90106f3458e96d324590bb1a774,FA811826RB002,2026-10-12,23,336413,J016,No Set aside used,"0, Oklahoma, UNITED STATES",Not stated,,"Not a Butler-fit opportunity under the current conservative filter. Matched: dod, air force. Attachment text was included in the screen.",None identified,Ignore,No obvious vehicle restriction,Not Applicable,No special eligibility found in SAM.gov fields.,Prime feasible,Monitor as a direct pursuit unless attachments indicate otherwise.,None detected,https://sam.gov/workspace/contract/opp/c99de90106f3458e96d324590bb1a774/view,"https://sam.gov/api/prod/opps/v3/opportunities/resources/files/070d8d098946404f8ea34bc4285c630d/download
https://sam.gov/api/prod/opps/v3/opportunities/resources/files/1bd2a3a6d94942fc8c2ae115151d1bb7/download
https://sam.gov/api/prod/opps/v3/opportunities/resources/files/30eed9447f544030991cfea2062fbf7b/download
https://sam.gov/api/prod/opps/v3/opportunities/resources/files/46691f68a2e941249eec4a4314cd6d49/download
https://sam.gov/api/prod/opps/v3/opportunities/resources/files/4f888a4f03b745ec9895fff172a35c6d/download
https://sam.gov/api/prod/opps/v3/opportunities/resources/files/651efe1d9f1b40bd81c197e63de11129/download
https://sam.gov/api/prod/opps/v3/opportunities/resources/files/87a4f1b9855e4334bdc60f54ecbc8d77/download
https://sam.gov/api/prod/opps/v3/opportunities/resources/files/8900296bc2a44c949f0d1201f0c0323b/download
https://sam.gov/api/prod/opps/v3/opportunities/resources/files/bdedefe64bed47f3b91a74a979da1245/download
https://sam.gov/api/prod/opps/v3/opportunities/resources/files/c3a59e332bdb4a2bb107815506c49d5e/download
https://sam.gov/api/prod/opps/v3/opportunities/resources/files/cc60b24225ff4bdc8a31db045c098fa8/download
https://sam.gov/api/prod/opps/v3/opportunities/resources/files/cdd78cffec43419c90f71358b9501007/download
https://sam.gov/api/prod/opps/v3/opportunities/resources/files/fee4c72efe194c6ea7da57e09672f3b6/download
{'rel': 'self', 'href': 'https://api.sam.gov/prod/opportunities/v2/search?noticeid=c99de90106f3458e96d324590bb1a774&limit=1'}",Amy Schmitz,amy.schmitz.1@us.af.mil,Primary NAICS 336413,Partial Refresh — Capacity Reached,High — attachment text read,Below Butler-fit threshold,solicitation,,Attachment text read; Attachment text read; Attachment text read
Rejected,D,-5,RFP / Solicitation,R--Flow-Induced Vibration Review and Guidance,NUCLEAR REGULATORY COMMISSION.NUCLEAR REGULATORY COMMISSION.NUCLEAR REGULATORY COMMISSION,,Solicitation,4488108746224b7aa6ee6ab97eee3ce8,31310026R0029,2026-10-12,23,541690,R425,Small Business Set Aside - Total,,Not stated,,Not a Butler-fit opportunity under the current conservative filter.,Set-aside eligibility may limit prime feasibility,Ignore,No obvious vehicle restriction,Unknown — check Butler contract vehicles,Requires small-business set-aside eligibility.,Prime uncertain,Check whether Butler can qualify directly or should team with an eligible prime.,small business set aside,https://sam.gov/workspace/contract/opp/4488108746224b7aa6ee6ab97eee3ce8/view,"{'rel': 'self', 'href': 'https://api.sam.gov/prod/opportunities/v2/search?noticeid=4488108746224b7aa6ee6ab97eee3ce8&limit=1'}","MITCHELL, JEFFREY R.",Jeffrey.Mitchell@nrc.gov,PSC R425,Partial Refresh — Capacity Reached,High,"Secondary NAICS without clear aerospace, defense, engineering, or sustainment connection",solicitation,,No downloadable attachment links found.
Rejected,D,3,Sources Sought / RFI,Air Vehicle Contractor Logistic Support,"DEPT OF DEFENSE.DEPT OF THE AIR FORCE.AIR FORCE MATERIEL COMMAND.AIR FORCE LIFE CYCLE MANAGEMENT CENTER.INTELLIGENCE, SURVEILLANCE, RECONNAISSANCE.FA8692  HELICOPTER PGM AFLCMC WIH",,Sources Sought,dd61040ae55e4281b1910d04b1cea9f6,MH139-CRO9,2026-10-09,20,,R706,No Set aside used,"Wright Patterson AFB, Ohio, UNITED STATES",Not stated,,"Not a Butler-fit opportunity under the current conservative filter. Matched: air force, aflcmc.",None identified,Ignore,No obvious vehicle restriction,Not Applicable,No special eligibility found in SAM.gov fields.,Prime feasible,Monitor as a direct pursuit unless attachments indicate otherwise.,None detected,https://sam.gov/workspace/contract/opp/dd61040ae55e4281b1910d04b1cea9f6/view,"{'rel': 'self', 'href': 'https://api.sam.gov/prod/opportunities/v2/search?noticeid=dd61040ae55e4281b1910d04b1cea9f6&limit=1'}",Chad Group,chad.group@us.af.mil,PSC R706,Partial Refresh — Capacity Reached,High,Below Butler-fit threshold,sources sought,,No downloadable attachment links found.
Rejected,D,3,Special Notice,NSWC-PHD MATAC OTA Request for Prototype Proposals: Router Chassis Design & Production,DEPT OF DEFENSE.DEPT OF THE NAVY.NAVSEA.NAVSEA WARFARE CENTER.COMMANDING OFFICER,,Special Notice,2dd1849c8633479dacb58f506294ddc8,DIG-27-02-001,2026-10-08,19,541715,,,,Not stated,,"Not a Butler-fit opportunity under the current conservative filter. Matched: navy, navsea, nswc.",None identified,Ignore,No obvious vehicle restriction,Not Applicable,No special eligibility found in SAM.gov fields.,Prime feasible,Monitor as a direct pursuit unless attachments indicate otherwise.,None detected,https://sam.gov/workspace/contract/opp/2dd1849c8633479dacb58f506294ddc8/view,"{'rel': 'self', 'href': 'https://api.sam.gov/prod/opportunities/v2/search?noticeid=2dd1849c8633479dacb58f506294ddc8&limit=1'}",,,Primary NAICS 541715,Partial Refresh — Capacity Reached,High,Below Butler-fit threshold,special notice,,No downloadable attachment links found.
Rejected,D,3,RFP / Solicitation,FMS Repair for NIIN 011199660 // PN 259255-10,DEPT OF DEFENSE.DEPT OF THE NAVY.NAVSUP.NAVSUP WEAPON SYSTEMS SUPPORT.NAVSUP WSS PHILADELPHIA.NAVSUP WEAPON SYSTEMS SUPPORT,,Solicitation,daaa1d9bbb044916b7e8d836dbc7f700,N0038326PR0R767,2026-10-08,19,336413,5996,No Set aside used,"Torrance, California, UNITED STATES",Not stated,,"Not a Butler-fit opportunity under the current conservative filter. Matched: navy, navsup. Attachment text was included in the screen.",None identified,Ignore,No obvious vehicle restriction,Not Applicable,No special eligibility found in SAM.gov fields.,Prime feasible,Monitor as a direct pursuit unless attachments indicate otherwise.,None detected,https://sam.gov/workspace/contract/opp/daaa1d9bbb044916b7e8d836dbc7f700/view,"https://sam.gov/api/prod/opps/v3/opportunities/resources/files/1ab1730d605d4f82b640b87517176433/download
{'rel': 'self', 'href': 'https://api.sam.gov/prod/opportunities/v2/search?noticeid=daaa1d9bbb044916b7e8d836dbc7f700&limit=1'}",Telephone: 2156972560,RACHEL.M.OPPERMAN.CIV@US.NAVY.MIL,Primary NAICS 336413,Partial Refresh — Capacity Reached,High — attachment text read,Below Butler-fit threshold,presolicitation,,Attachment text read
Rejected,D,0,RFP / Solicitation,Warehouse Support Services Recompete ,DEPT OF DEFENSE.DEPT OF THE NAVY.USMC.MARCOR SYSCOM.COMMANDER,,Solicitation,657bdbda0e554843bb53ddf6c01bd2e7,M6785426R0137,2026-10-07,18,541330,R425,Service-Disabled Veteran-Owned Small Business (SDVOSB) Set-Aside (FAR 19.14),,Not stated,,Not a Butler-fit opportunity under the current conservative filter. Matched: navy.,Set-aside eligibility may limit prime feasibility,Ignore,No obvious vehicle restriction,Unknown — check Butler contract vehicles,Requires small-business set-aside eligibility.,Prime uncertain,Check whether Butler can qualify directly or should team with an eligible prime.,sdvosb; veteran-owned,https://sam.gov/workspace/contract/opp/657bdbda0e554843bb53ddf6c01bd2e7/view,"{'rel': 'self', 'href': 'https://api.sam.gov/prod/opportunities/v2/search?noticeid=657bdbda0e554843bb53ddf6c01bd2e7&limit=1'}",Kendel Phillips,kendel.phillips@usmc.mil,Primary NAICS 541330,Partial Refresh — Capacity Reached,High,Below Butler-fit threshold,solicitation,,No downloadable attachment links found.
Rejected,D,3,RFP / Solicitation,"Solicitation: N6660426R3107 Code 45 Structural Modeling, Acoustics, Shock, and Hydrodynamics (SMASH) services",DEPT OF DEFENSE.DEPT OF THE NAVY.NAVSEA.NAVSEA WARFARE CENTER.NUWC DIV NEWPORT,,Solicitation,c4d895a0dab34f74a1e0ecd81b03f9de,N6660426R3107,2026-10-07,18,541330,AC33,,,Not stated,,"Not a Butler-fit opportunity under the current conservative filter. Matched: navy, navsea, nuwc.",None identified,Ignore,No obvious vehicle restriction,Not Applicable,No special eligibility found in SAM.gov fields.,Prime feasible,Monitor as a direct pursuit unless attachments indicate otherwise.,None detected,https://sam.gov/workspace/contract/opp/c4d895a0dab34f74a1e0ecd81b03f9de/view,"{'rel': 'self', 'href': 'https://api.sam.gov/prod/opportunities/v2/search?noticeid=c4d895a0dab34f74a1e0ecd81b03f9de&limit=1'}",Chelsea Isherwood,chelsea.a.isherwood.civ@us.navy.mil,Primary NAICS 541330,Partial Refresh — Capacity Reached,High,Below Butler-fit threshold,solicitation,,No downloadable attachment links found.
Rejected,D,3,Sources Sought / RFI,Mission Assurance Services (A Dept.),DEPT OF DEFENSE.DEPT OF THE NAVY.NAVSEA.NAVSEA WARFARE CENTER.NSWC DAHLGREN,,Sources Sought,8a9e0e1c7edb489e86704a0d5365df86,N0017827R4405,2026-10-06,17,541330,AC13,No Set aside used,"Dahlgren, Virginia, UNITED STATES",Not stated,,"Not a Butler-fit opportunity under the current conservative filter. Matched: navy, navsea, nswc. Attachment text was included in the screen.",None identified,Ignore,No obvious vehicle restriction,Not Applicable,No special eligibility found in SAM.gov fields.,Prime feasible,Monitor as a direct pursuit unless attachments indicate otherwise.,None detected,https://sam.gov/workspace/contract/opp/8a9e0e1c7edb489e86704a0d5365df86/view,"https://sam.gov/api/prod/opps/v3/opportunities/resources/files/38559dbe2d974262931204e772e233f3/download
https://sam.gov/api/prod/opps/v3/opportunities/resources/files/d4fe94d7fff046f6890e73e578167fe2/download
{'rel': 'self', 'href': 'https://api.sam.gov/prod/opportunities/v2/search?noticeid=8a9e0e1c7edb489e86704a0d5365df86&limit=1'}",Ann Cupka,ann.c.cupka.civ@us.navy.mil,Primary NAICS 541330,Partial Refresh — Capacity Reached,High — attachment text read,Below Butler-fit threshold,sources sought,,Attachment text read; Attachment text read
Rejected,D,-5,RFP / Solicitation,Overhaul - Various Accumulators,"HOMELAND SECURITY, DEPARTMENT OF.US COAST GUARD.AVIATION LOGISTICS CENTER (ALC)(00038)",,Solicitation,0e7d9cb7a23d4f0f84ef037927c4c0ce,70Z03826QJ0000306,2026-10-05,16,336413,1650,Small Business Set Aside - Total,,Not stated,,Not a Butler-fit opportunity under the current conservative filter. Attachment text was included in the screen.,Set-aside eligibility may limit prime feasibility,Ignore,No obvious vehicle restriction,Unknown — check Butler contract vehicles,Requires small-business set-aside eligibility.,Prime uncertain,Check whether Butler can qualify directly or should team with an eligible prime.,small business set aside,https://sam.gov/workspace/contract/opp/0e7d9cb7a23d4f0f84ef037927c4c0ce/view,"https://sam.gov/api/prod/opps/v3/opportunities/resources/files/2c794ff818da48988d87395b56c3dc36/download
https://sam.gov/api/prod/opps/v3/opportunities/resources/files/4400f0b4a786418186303bef9ae8d7d3/download
https://sam.gov/api/prod/opps/v3/opportunities/resources/files/aa7cec50f394405aac16a7f8d36b57fa/download
{'rel': 'self', 'href': 'https://api.sam.gov/prod/opportunities/v2/search?noticeid=0e7d9cb7a23d4f0f84ef037927c4c0ce&limit=1'}",Cindy Harmes,Cindy.K.Harmes@uscg.mil,Primary NAICS 336413,Partial Refresh — Capacity Reached,High — attachment text read,Below Butler-fit threshold,combined synopsis/solicitation,,Attachment text read; Attachment text read; Attachment text read
Rejected,D,-5,RFP / Solicitation,3D SCAN OF THE RUDDER,"HOMELAND SECURITY, DEPARTMENT OF.US COAST GUARD.SFLC PROCUREMENT BRANCH 3(00040)",,Solicitation,bfb1e33c28e54ddd9723a2237cc5ff9e,70Z04026Q60223Y00,2026-10-02,13,541330,H320,Small Business Set Aside - Total,"Curtis Bay, Maryland, UNITED STATES",Not stated,,Not a Butler-fit opportunity under the current conservative filter. Attachment text was included in the screen.,Set-aside eligibility may limit prime feasibility,Ignore,No obvious vehicle restriction,Unknown — check Butler contract vehicles,Requires small-business set-aside eligibility.,Prime uncertain,Check whether Butler can qualify directly or should team with an eligible prime.,small business set aside,https://sam.gov/workspace/contract/opp/bfb1e33c28e54ddd9723a2237cc5ff9e/view,"https://sam.gov/api/prod/opps/v3/opportunities/resources/files/0716099cdac14dc0b460bdc4667d529e/download
https://sam.gov/api/prod/opps/v3/opportunities/resources/files/a5fd9ca148b04916b6669653561235cb/download
{'rel': 'self', 'href': 'https://api.sam.gov/prod/opportunities/v2/search?noticeid=bfb1e33c28e54ddd9723a2237cc5ff9e&limit=1'}",Shellby Hammond,Shellby.M.Hammond@uscg.mil,Primary NAICS 541330,Partial Refresh — Capacity Reached,High — attachment text read,Below Butler-fit threshold,combined synopsis/solicitation,,Attachment text read; Attachment text read
Rejected,D,0,RFP / Solicitation,PMA-231 Program/Project Management Support Services,DEPT OF DEFENSE.DEPT OF THE NAVY.NAVAIR.NAVAIR NAWC AD.NAVAL AIR WARFARE CENTER AIR DIV,,Solicitation,9d147a108bf242959a7001428f9b1324,N0042128R0231,2026-10-02,13,541330,R408,Small Business Set Aside - Total,,Not stated,,"Not a Butler-fit opportunity under the current conservative filter. Matched: navy, navair, nawc.",Set-aside eligibility may limit prime feasibility,Ignore,No obvious vehicle restriction,Unknown — check Butler contract vehicles,Requires small-business set-aside eligibility.,Prime uncertain,Check whether Butler can qualify directly or should team with an eligible prime.,small business set aside,https://sam.gov/workspace/contract/opp/9d147a108bf242959a7001428f9b1324/view,"{'rel': 'self', 'href': 'https://api.sam.gov/prod/opportunities/v2/search?noticeid=9d147a108bf242959a7001428f9b1324&limit=1'}",Timothy Baumgardner,timothy.k.baumgardner.civ@us.navy.mil,Primary NAICS 541330,Partial Refresh — Capacity Reached,High,Below Butler-fit threshold,combined synopsis/solicitation,,No downloadable attachment links found.
Rejected,D,3,Sources Sought / RFI,FY27 GEOTECHNICAL MATOC,DEPT OF DEFENSE.DEPT OF THE ARMY.US ARMY CORPS OF ENGINEERS.ENGINEER DIVISION SOUTH PACIFIC.ENDIST LOS ANGELES.W075 ENDIST LOS ANGELES,,Sources Sought,b57ae27f2d3f42e08a307fe03ca2bed7,W912PL26S0055,2026-10-02,13,541330,C219,,"Los Angeles, California, UNITED STATES",Not stated,,Not a Butler-fit opportunity under the current conservative filter. Matched: army. Attachment text was included in the screen.,None identified,Ignore,No obvious vehicle restriction,Not Applicable,No special eligibility found in SAM.gov fields.,Prime feasible,Monitor as a direct pursuit unless attachments indicate otherwise.,None detected,https://sam.gov/workspace/contract/opp/b57ae27f2d3f42e08a307fe03ca2bed7/view,"https://sam.gov/api/prod/opps/v3/opportunities/resources/files/8127a9482f6545dd9565a6433081035e/download
{'rel': 'self', 'href': 'https://api.sam.gov/prod/opportunities/v2/search?noticeid=b57ae27f2d3f42e08a307fe03ca2bed7&limit=1'}",Carlos Antonio,carlos.f.antonio@usace.army.mil,Primary NAICS 541330,Partial Refresh — Capacity Reached,High — attachment text read,Below Butler-fit threshold,sources sought,,Attachment text read
Rejected,D,3,Sources Sought / RFI,United States Marine Corps Communication Systems (UCS) Integrated Product Team (IPT) Support,DEPT OF DEFENSE.DEPT OF THE NAVY.SPAWAR.SPAWAR LANT.NIWC ATLANTIC,,Sources Sought,9200feb3697e468bad41c0a256f53f0a,N65236-26-RFPREQ-LSUBP00004-0005,2026-10-02,13,541330,,,,Not stated,,Not a Butler-fit opportunity under the current conservative filter. Matched: navy.,None identified,Ignore,No obvious vehicle restriction,Not Applicable,No special eligibility found in SAM.gov fields.,Prime feasible,Monitor as a direct pursuit unless attachments indicate otherwise.,None detected,https://sam.gov/workspace/contract/opp/9200feb3697e468bad41c0a256f53f0a/view,"{'rel': 'self', 'href': 'https://api.sam.gov/prod/opportunities/v2/search?noticeid=9200feb3697e468bad41c0a256f53f0a&limit=1'}",Elizabeth Scannell,elizabeth.m.scannell2.civ@us.navy.mil,Primary NAICS 541330,Partial Refresh — Capacity Reached,High,Below Butler-fit threshold,sources sought,,No downloadable attachment links found.
Rejected,D,-2,Sources Sought / RFI,Women’s Health Initiative (WHI) - Clinical Coordinating Center (CCC),"HEALTH AND HUMAN SERVICES, DEPARTMENT OF.NATIONAL INSTITUTES OF HEALTH.NATIONAL INSTITUTES OF HEALTH NHLBI",,Sources Sought,c6d06a8b675c4e6aac5b08cedb5785e9,75N98026R00167,2026-10-02,13,541715,AN12,,,Not stated,,Not a Butler-fit opportunity under the current conservative filter. Attachment text was included in the screen.,None identified,Ignore,No obvious vehicle restriction,Not Applicable,No special eligibility found in SAM.gov fields.,Prime feasible,Monitor as a direct pursuit unless attachments indicate otherwise.,None detected,https://sam.gov/workspace/contract/opp/c6d06a8b675c4e6aac5b08cedb5785e9/view,"https://sam.gov/api/prod/opps/v3/opportunities/resources/files/bf7e77101a9e43f9aea48bbe4145da65/download
{'rel': 'self', 'href': 'https://api.sam.gov/prod/opportunities/v2/search?noticeid=c6d06a8b675c4e6aac5b08cedb5785e9&limit=1'}","FURTAW, LYNN M",lynn.furtaw@nih.gov,Primary NAICS 541715,Partial Refresh — Capacity Reached,High — attachment text read,Below Butler-fit threshold,sources sought,,Attachment text read
Rejected,D,3,Sources Sought / RFI,"Market Research for Survivability, Assured Mobility, and Maneuver Support",DEPT OF DEFENSE.DEPT OF THE ARMY.AMC.ACC.ACC-CTRS.ACC-DTA.W6QK ACC- DTA,,Sources Sought,474e8658a61f4f4694bc69491af48079,W912CH_RFI_SAMMS,2026-10-02,13,541715,AC33,No Set aside used,"Warren, Michigan, UNITED STATES",Not stated,,Not a Butler-fit opportunity under the current conservative filter. Matched: army. Attachment text was included in the screen.,None identified,Ignore,No obvious vehicle restriction,Not Applicable,No special eligibility found in SAM.gov fields.,Prime feasible,Monitor as a direct pursuit unless attachments indicate otherwise.,None detected,https://sam.gov/workspace/contract/opp/474e8658a61f4f4694bc69491af48079/view,"https://sam.gov/api/prod/opps/v3/opportunities/resources/files/14499b73cdc04d55bfdde7475193c293/download
https://sam.gov/api/prod/opps/v3/opportunities/resources/files/c6fccba2d5344fd4bafe54eb52362ce8/download
{'rel': 'self', 'href': 'https://api.sam.gov/prod/opportunities/v2/search?noticeid=474e8658a61f4f4694bc69491af48079&limit=1'}",David Asmar,david.d.asmar.civ@army.mil,Primary NAICS 541715,Partial Refresh — Capacity Reached,High — attachment text read,Below Butler-fit threshold,sources sought,,Attachment text read; Attachment text read
Rejected,D,-2,RFP / Solicitation,"Advanced Driver Assistance Systems (ADAS), on road networks at the Fish and Wildlife Service’s (FWS) National Wildlife Refuges (NWR)","TRANSPORTATION, DEPARTMENT OF.OFFICE OF THE SECRETARY.6913G6 VOLPE NATL TRANS SYS CNTR",,Solicitation,7d69662895c14db48f83b3b625916a19,6913G626Q300038,2026-10-02,13,541715,AS12,No Set aside used,"Cambridge, Massachusetts, UNITED STATES",Not stated,,Not a Butler-fit opportunity under the current conservative filter. Attachment text was included in the screen.,None identified,Ignore,No obvious vehicle restriction,Not Applicable,No special eligibility found in SAM.gov fields.,Prime feasible,Monitor as a direct pursuit unless attachments indicate otherwise.,None detected,https://sam.gov/workspace/contract/opp/7d69662895c14db48f83b3b625916a19/view,"https://sam.gov/api/prod/opps/v3/opportunities/resources/files/11f1d3e236694321b234a813dd3af783/download
https://sam.gov/api/prod/opps/v3/opportunities/resources/files/3c99d2b879b2425bb29773c5edf6a345/download
https://sam.gov/api/prod/opps/v3/opportunities/resources/files/4965fe0b89bd488c9fa19b5ef9f2d417/download
https://sam.gov/api/prod/opps/v3/opportunities/resources/files/60aeb93d60e94df4a2352776d6ba684b/download
https://sam.gov/api/prod/opps/v3/opportunities/resources/files/63ee5c0989384009aa5038a24b8008c0/download
https://sam.gov/api/prod/opps/v3/opportunities/resources/files/7384e504b2f74f61ba6a1f1b5f39e944/download
https://sam.gov/api/prod/opps/v3/opportunities/resources/files/aa110199af2a496ba1c9490eeb15319a/download
https://sam.gov/api/prod/opps/v3/opportunities/resources/files/d59420b926814d60a14e0eb3aaf9ecb1/download
https://sam.gov/api/prod/opps/v3/opportunities/resources/files/eb53a93f3214460fb2e8b4404353afd3/download
{'rel': 'self', 'href': 'https://api.sam.gov/prod/opportunities/v2/search?noticeid=7d69662895c14db48f83b3b625916a19&limit=1'}",Andrew J. Josephs,andrew.josephs@dot.gov,Primary NAICS 541715,Partial Refresh — Capacity Reached,High — attachment text read,Hard reject: road,combined synopsis/solicitation,,Attachment text read; Attachment text read; Attachment text read
Rejected,D,3,RFP / Solicitation,Relentless Wolfpack CALL Amendment,DEPT OF DEFENSE.DEPT OF THE AIR FORCE.AIR FORCE MATERIEL COMMAND.AIR FORCE RESEARCH LABORATORY.FA8651 AFRL RAZ,,Solicitation,cc44e89328884b3884f098288ae596df,FA239123S2403RWCALL01RASouth,2026-10-02,13,541715,AC13,No Set aside used,,Not stated,,Not a Butler-fit opportunity under the current conservative filter. Matched: air force. Attachment text was included in the screen.,None identified,Ignore,No obvious vehicle restriction,Not Applicable,No special eligibility found in SAM.gov fields.,Prime feasible,Monitor as a direct pursuit unless attachments indicate otherwise.,None detected,https://sam.gov/workspace/contract/opp/cc44e89328884b3884f098288ae596df/view,"https://sam.gov/api/prod/opps/v3/opportunities/resources/files/49f51e796e8c4014ba6c6c63a206a794/download
https://sam.gov/api/prod/opps/v3/opportunities/resources/files/7ae9be7182c140548b58b185cddae7a1/download
{'rel': 'self', 'href': 'https://api.sam.gov/prod/opportunities/v2/search?noticeid=cc44e89328884b3884f098288ae596df&limit=1'}",Jace Hilton,jace.hilton@us.af.mil,Primary NAICS 541715,Partial Refresh — Capacity Reached,High — attachment text read,Below Butler-fit threshold,solicitation,,Attachment text read; Attachment text read
Rejected,D,3,Sources Sought / RFI,"AN/APX-111(V) Combined Interrogator-Transponder (CIT) Set Receiver-Transmitter, RT-1763 Redesign Effort in Support of F/A-18E/F and EA-18G Platform Integration",DEPT OF DEFENSE.DEPT OF THE NAVY.NAVAIR.NAVAIR HQS.NAVAL AIR SYSTEMS COMMAND,,Sources Sought,3e56abc258dc41fabea027598b65dd06,N00019-26-RFPREQ-PMA265-0295 ,2026-10-02,13,336413,1680,No Set aside used,"0, Maryland, UNITED STATES",Not stated,,"Not a Butler-fit opportunity under the current conservative filter. Matched: navy, navair.",None identified,Ignore,No obvious vehicle restriction,Not Applicable,No special eligibility found in SAM.gov fields.,Prime feasible,Monitor as a direct pursuit unless attachments indicate otherwise.,None detected,https://sam.gov/workspace/contract/opp/3e56abc258dc41fabea027598b65dd06/view,"{'rel': 'self', 'href': 'https://api.sam.gov/prod/opportunities/v2/search?noticeid=3e56abc258dc41fabea027598b65dd06&limit=1'}",Cassaundra E Somerville,cassaundra.e.somerville.civ@us.navy.mil,Primary NAICS 336413,Partial Refresh — Capacity Reached,High,Below Butler-fit threshold,sources sought,,No downloadable attachment links found.
Rejected,D,-2,RFP / Solicitation,Sole Source to Raytheon | Upgrades for the Qatar FMS (Foreign Military Sales) PATRIOT (Phased Array Tracking Radar for Intercept on Target) Program,"DEPT OF DEFENSE.DEFENSE LOGISTICS AGENCY.DLA AVIATION.DLA AVIATION HUNTSVILLE.DLA AVIATION AT HUNTSVILLE, AL",,Solicitation,da43a549b0a64ab3b71ab2874ad6e013,SPRRA2-26-R-SP11,2026-10-02,13,336414,1440,,,Not stated,,Not a Butler-fit opportunity under the current conservative filter. Matched: dla aviation. Attachment text was included in the screen.,Sole-source/OEM/brand-name restriction detected,Ignore,No obvious vehicle restriction,Not Applicable,No special eligibility found in SAM.gov fields.,Prime unlikely,Monitor as a direct pursuit unless attachments indicate otherwise.,sole source,https://sam.gov/workspace/contract/opp/da43a549b0a64ab3b71ab2874ad6e013/view,"https://sam.gov/api/prod/opps/v3/opportunities/resources/files/9a15f9480e284ec28a1890167b690849/download
{'rel': 'self', 'href': 'https://api.sam.gov/prod/opportunities/v2/search?noticeid=da43a549b0a64ab3b71ab2874ad6e013&limit=1'}",Scott Alexander,scott.alexander@dla.mil,Primary NAICS 336414,Partial Refresh — Capacity Reached,High — attachment text read,Below Butler-fit threshold,presolicitation,,Attachment text read
Rejected,D,0,RFP / Solicitation,Water Sampling Services ,DEPT OF DEFENSE.DEPT OF THE AIR FORCE.AIR FORCE SPECIAL OPERATIONS COMMAND.FA4417 1 SOCONS,,Solicitation,f6fa86f26db242a0a2bed975482ffdbc,FA441726R0032,2026-10-02,13,541380,B533,Small Business Set Aside - Total,,Not stated,,Not a Butler-fit opportunity under the current conservative filter. Matched: air force. Attachment text was included in the screen.,Set-aside eligibility may limit prime feasibility,Ignore,No obvious vehicle restriction,Unknown — check Butler contract vehicles,Requires small-business set-aside eligibility.,Prime uncertain,Check whether Butler can qualify directly or should team with an eligible prime.,small business set aside,https://sam.gov/workspace/contract/opp/f6fa86f26db242a0a2bed975482ffdbc/view,"https://sam.gov/api/prod/opps/v3/opportunities/resources/files/91122818f6174dc3a3b006f0c45b5533/download
https://sam.gov/api/prod/opps/v3/opportunities/resources/files/c362bb2eca8547f8ac77ea73806d7d89/download
https://sam.gov/api/prod/opps/v3/opportunities/resources/files/dd1d8407ec73414e8361e2ab6741f435/download
{'rel': 'self', 'href': 'https://api.sam.gov/prod/opportunities/v2/search?noticeid=f6fa86f26db242a0a2bed975482ffdbc&limit=1'}",TYLER JOHN Peterson,tyler_john.peterson@us.af.mil,Primary NAICS 541380,Partial Refresh — Capacity Reached,High — attachment text read,Below Butler-fit threshold,combined synopsis/solicitation,,Attachment text read; Attachment text read; Attachment text read
Rejected,D,3,Sources Sought / RFI,Enterprise Management & Control (EM&C) System Integrator Requirement,DEPT OF DEFENSE.DEPT OF THE AIR FORCE.SPACE SYSTEMS COMMAND.PEO MILITARY COMMUNICATION AND POSITION NAVIGATION TIMING.FA8807 MIL COMM AND PNT SSC/CGK,,Sources Sought,c66e445c26224bc3aa0e7b28b1e05d76,EMC2026-001,2026-10-02,13,541512,R425,No Set aside used,"El Segundo, California, UNITED STATES",Not stated,,Not a Butler-fit opportunity under the current conservative filter. Matched: air force. Attachment text was included in the screen.,None identified,Ignore,No obvious vehicle restriction,Not Applicable,No special eligibility found in SAM.gov fields.,Prime feasible,Monitor as a direct pursuit unless attachments indicate otherwise.,None detected,https://sam.gov/workspace/contract/opp/c66e445c26224bc3aa0e7b28b1e05d76/view,"https://sam.gov/api/prod/opps/v3/opportunities/resources/files/a036abfc6c444cc4ae0272f4d96e6a19/download
{'rel': 'self', 'href': 'https://api.sam.gov/prod/opportunities/v2/search?noticeid=c66e445c26224bc3aa0e7b28b1e05d76&limit=1'}",Paul Mountel,paul.mountel@spaceforce.mil,PSC R425,Partial Refresh — Capacity Reached,High — attachment text read,Below Butler-fit threshold,sources sought,,Attachment text read
Rejected,D,3,Special Notice,"Engineering, Technical, and Programmatic Support Services for Weapon Systems Development Division (Code JXP)",DEPT OF DEFENSE.DEPT OF THE NAVY.NAVSEA.NAVSEA WARFARE CENTER.NSWC CRANE,,Special Notice,22ac37b5dfd24323b3fa95134072a58b,N0016426SNC04,2026-10-01,12,541330,R425,,,Not stated,,"Not a Butler-fit opportunity under the current conservative filter. Matched: navy, navsea, nswc.",None identified,Ignore,No obvious vehicle restriction,Not Applicable,No special eligibility found in SAM.gov fields.,Prime feasible,Monitor as a direct pursuit unless attachments indicate otherwise.,None detected,https://sam.gov/workspace/contract/opp/22ac37b5dfd24323b3fa95134072a58b/view,"{'rel': 'self', 'href': 'https://api.sam.gov/prod/opportunities/v2/search?noticeid=22ac37b5dfd24323b3fa95134072a58b&limit=1'}",Jonathan Dickinson,jonathan.c.dickinson.civ@us.navy.mil,Primary NAICS 541330,Partial Refresh — Capacity Reached,High,Below Butler-fit threshold,special notice,,No downloadable attachment links found.
Rejected,D,-5,RFP / Solicitation,Cryo SNS Cold Box Shell Analysis,"ENERGY, DEPARTMENT OF.ENERGY, DEPARTMENT OF.JEFFERSON LAB - DOE CONTRACTOR",,Solicitation,bbd3bd919bdc4c4b93767f9d241e7b8c,SURATech-26-455678,2026-10-01,12,541330,C215,Small Business Set Aside - Total,"Virginia, UNITED STATES",Not stated,,Not a Butler-fit opportunity under the current conservative filter.,Set-aside eligibility may limit prime feasibility,Ignore,No obvious vehicle restriction,Unknown — check Butler contract vehicles,Requires small-business set-aside eligibility.,Prime uncertain,Check whether Butler can qualify directly or should team with an eligible prime.,small business set aside,https://sam.gov/workspace/contract/opp/bbd3bd919bdc4c4b93767f9d241e7b8c/view,"{'rel': 'self', 'href': 'https://api.sam.gov/prod/opportunities/v2/search?noticeid=bbd3bd919bdc4c4b93767f9d241e7b8c&limit=1'}",Dena Drye,drye@jlab.org,Primary NAICS 541330,Partial Refresh — Capacity Reached,High,Below Butler-fit threshold,solicitation,,No downloadable attachment links found.
Rejected,D,-7,RFP / Solicitation,System Engineering and Technical Assistance (SETA) Support for Public Safety Communications (PSC),DEPT OF DEFENSE.DEPT OF THE ARMY.AMC.ACC.ACC-CTRS.ACC-APG.W6QK ACC-APG,,Solicitation,7be557fd5de8460497507afc3909da53,W15P7T-27-R-A001,2026-10-01,12,541330,R425,Small Business Set Aside - Total,"Aberdeen Proving Ground, Maryland, UNITED STATES",Not stated,,Not a Butler-fit opportunity under the current conservative filter. Matched: army. Attachment text was included in the screen.,Set-aside eligibility may limit prime feasibility,Ignore,No obvious vehicle restriction,Unknown — check Butler contract vehicles,Requires small-business set-aside eligibility.,Prime uncertain,Check whether Butler can qualify directly or should team with an eligible prime.,small business set aside,https://sam.gov/workspace/contract/opp/7be557fd5de8460497507afc3909da53/view,"https://sam.gov/api/prod/opps/v3/opportunities/resources/files/04fa01220fde4e1fa150bfbf3662b994/download
https://sam.gov/api/prod/opps/v3/opportunities/resources/files/07b9ab1666e3488299efbe7c7cf58726/download
https://sam.gov/api/prod/opps/v3/opportunities/resources/files/07c3971b938245db9117f2ad0b76419f/download
https://sam.gov/api/prod/opps/v3/opportunities/resources/files/121c2e8efd964ed9a7cf2bbd18d047cc/download
https://sam.gov/api/prod/opps/v3/opportunities/resources/files/23ffc6a4f42145be82b14847140e342d/download
https://sam.gov/api/prod/opps/v3/opportunities/resources/files/2ee5804644014963813c2e59400ae916/download
https://sam.gov/api/prod/opps/v3/opportunities/resources/files/3127ae440fbf4ed5a28c4ce9da74728c/download
https://sam.gov/api/prod/opps/v3/opportunities/resources/files/37795f82510c4c9ca0b69533219aacc3/download
https://sam.gov/api/prod/opps/v3/opportunities/resources/files/39cd0f6b1d0540fba2e7c095ff0bd423/download
https://sam.gov/api/prod/opps/v3/opportunities/resources/files/44042541e2c04114878fff409930e0da/download
https://sam.gov/api/prod/opps/v3/opportunities/resources/files/47f12c15d86644ba9672ff8ec56d30bf/download
https://sam.gov/api/prod/opps/v3/opportunities/resources/files/5e33eb4516aa4a23b739f9bdcddbdf22/download
https://sam.gov/api/prod/opps/v3/opportunities/resources/files/6d631647e38e49c09fedc1f304e24b5b/download
https://sam.gov/api/prod/opps/v3/opportunities/resources/files/91cb02ce95ab4fe5b4992d36366f185b/download
https://sam.gov/api/prod/opps/v3/opportunities/resources/files/a702aa95f66b4d17b9ef47998a7a529c/download
https://sam.gov/api/prod/opps/v3/opportunities/resources/files/ad0948d9cc004f3b8d5824ee81e77e30/download
https://sam.gov/api/prod/opps/v3/opportunities/resources/files/af619fe06946410b8c68a1fbb679685e/download
https://sam.gov/api/prod/opps/v3/opportunities/resources/files/bf653b0759a9435aaa1042a8affcbe9a/download
https://sam.gov/api/prod/opps/v3/opportunities/resources/files/c868796382d34c18a1bcc57084ab3215/download
https://sam.gov/api/prod/opps/v3/opportunities/resources/files/e43c5405c9bb488fb80409b262391a7a/download
https://sam.gov/api/prod/opps/v3/opportunities/resources/files/e924de9e6f9b449591b340af466c895f/download
https://sam.gov/api/prod/opps/v3/opportunities/resources/files/eb503159483f46c4b32241ab262b3186/download
https://sam.gov/api/prod/opps/v3/opportunities/resources/files/f042d127f7e24ea2abe23eac4167f3fc/download
https://sam.gov/api/prod/opps/v3/opportunities/resources/files/f8d40360ca81494c857f45fca56d85cd/download
{'rel': 'self', 'href': 'https://api.sam.gov/prod/opportunities/v2/search?noticeid=7be557fd5de8460497507afc3909da53&limit=1'}",Rosa Acevedo,rosa.m.acevedomedina.civ@army.mil,Primary NAICS 541330,Partial Refresh — Capacity Reached,High — attachment text read,Hard reject: travel,solicitation,travel,Attachment text read; Attachment text read; Attachment text read
Rejected,D,3,Sources Sought / RFI,SOURCES SOUGHT: ERDC Fellowship Program Administration and Research Support,DEPT OF DEFENSE.DEPT OF THE ARMY.US ARMY CORPS OF ENGINEERS.SCO ALEXANDRIA.ENGINEER RESEARCH AND DEVELOPMENT CENTER.W2R2 USA ENGR R & D CTR,,Sources Sought,d700fbf2eb594baaa57929b5f17020e5,PANERD-26-P-0000-027000,2026-10-01,12,541715,R425,,,Not stated,,Not a Butler-fit opportunity under the current conservative filter. Matched: army.,None identified,Ignore,No obvious vehicle restriction,Not Applicable,No special eligibility found in SAM.gov fields.,Prime feasible,Monitor as a direct pursuit unless attachments indicate otherwise.,None detected,https://sam.gov/workspace/contract/opp/d700fbf2eb594baaa57929b5f17020e5/view,"{'rel': 'self', 'href': 'https://api.sam.gov/prod/opportunities/v2/search?noticeid=d700fbf2eb594baaa57929b5f17020e5&limit=1'}",William Rawe,william.t.rawe@usace.army.mil,Primary NAICS 541715,Partial Refresh — Capacity Reached,High,Below Butler-fit threshold,sources sought,,No downloadable attachment links found.
Rejected,D,3,RFP / Solicitation,Repair of B-52 Electronic Amplifier,DEPT OF DEFENSE.DEPT OF THE AIR FORCE.AIR FORCE MATERIEL COMMAND.AIR FORCE SUSTAINMENT CENTER.FA8117  AFSC PZABA,,Solicitation,141474485c1d4e6cb4c42c8f6278a347,FA8117-26-R-B013,2026-10-01,12,336413,J016,No Set aside used,"0, Oklahoma, UNITED STATES",Not stated,,Not a Butler-fit opportunity under the current conservative filter. Matched: air force. Attachment text was included in the screen.,None identified,Ignore,No obvious vehicle restriction,Not Applicable,No special eligibility found in SAM.gov fields.,Prime feasible,Monitor as a direct pursuit unless attachments indicate otherwise.,None detected,https://sam.gov/workspace/contract/opp/141474485c1d4e6cb4c42c8f6278a347/view,"https://sam.gov/api/prod/opps/v3/opportunities/resources/files/f02dd76e77044eeaa31769714846fcc9/download
{'rel': 'self', 'href': 'https://api.sam.gov/prod/opportunities/v2/search?noticeid=141474485c1d4e6cb4c42c8f6278a347&limit=1'}",Gabriel Cochrane,gabriel.cochrane@us.af.mil,Primary NAICS 336413,Partial Refresh — Capacity Reached,High — attachment text read,Below Butler-fit threshold,presolicitation,,Attachment text read
Rejected,D,3,Special Notice,MTCCS II Ceiling Increase,DEPT OF DEFENSE.DEPT OF THE ARMY.AMC.ACC.ACC-CTRS.ACC-APG.W6QK ACC-APG-ORLANDO,,Special Notice,e49266076d7848a09bfecb4be1c409f0,W900KK26MTCCSII,2026-10-01,12,541990,R425,No Set aside used,"Orlando, Florida, UNITED STATES",Not stated,,Not a Butler-fit opportunity under the current conservative filter. Matched: army.,None identified,Ignore,No obvious vehicle restriction,Not Applicable,No special eligibility found in SAM.gov fields.,Prime feasible,Monitor as a direct pursuit unless attachments indicate otherwise.,None detected,https://sam.gov/workspace/contract/opp/e49266076d7848a09bfecb4be1c409f0/view,"{'rel': 'self', 'href': 'https://api.sam.gov/prod/opportunities/v2/search?noticeid=e49266076d7848a09bfecb4be1c409f0&limit=1'}",Guillermo J. Santiago Sosa,guillermo.j.santiagososa.civ@army.mil,PSC R425,Partial Refresh — Capacity Reached,High,Below Butler-fit threshold,special notice,,No downloadable attachment links found.
Rejected,D,3,Sources Sought / RFI,PD-33-0081; Fire Alarm Programming,DEPT OF DEFENSE.DEPT OF THE NAVY.NAVSEA.NAVSEA WARFARE CENTER.NSWC PHILADELPHIA DIV,,Sources Sought,8fd11f09a68240e9908806c2b58bc0be, N64498-26-RFPREQ-PD-33-0081,2026-10-01,12,561621,R425,No Set aside used,"Philadelphia, Pennsylvania, UNITED STATES",Not stated,,"Not a Butler-fit opportunity under the current conservative filter. Matched: navy, navsea, nswc. Attachment text was included in the screen.",None identified,Ignore,No obvious vehicle restriction,Not Applicable,No special eligibility found in SAM.gov fields.,Prime feasible,Monitor as a direct pursuit unless attachments indicate otherwise.,None detected,https://sam.gov/workspace/contract/opp/8fd11f09a68240e9908806c2b58bc0be/view,"https://sam.gov/api/prod/opps/v3/opportunities/resources/files/000eba2a5b0d411fbf0147011ecd6430/download
https://sam.gov/api/prod/opps/v3/opportunities/resources/files/dc487eb5d74043feb51fddc223e4f836/download
{'rel': 'self', 'href': 'https://api.sam.gov/prod/opportunities/v2/search?noticeid=8fd11f09a68240e9908806c2b58bc0be&limit=1'}",Jenny Tomeo,Jenny.e.Tomeo.civ@us.navy.mil,PSC R425,Partial Refresh — Capacity Reached,High — attachment text read,Below Butler-fit threshold,sources sought,,Attachment text read; Attachment text read
Rejected,D,-5,Special Notice,C1DA--FY27 NRM (PROJ 548-23-112) AE CPS - Exterior Signage and Wayfinding,"VETERANS AFFAIRS, DEPARTMENT OF",,Special Notice,0d427f9bc1e742f0866ac2b98aa0b04f,36C24827R0008,2026-09-30,11,541330,C1DA,Service-Disabled Veteran-Owned Small Business (SDVOSB) Set-Aside (FAR 19.14),"West Palm Beach, Florida, UNITED STATES",Not stated,,Not a Butler-fit opportunity under the current conservative filter. Attachment text was included in the screen.,Set-aside eligibility may limit prime feasibility,Ignore,No obvious vehicle restriction,Unknown — check Butler contract vehicles,Requires small-business set-aside eligibility.,Prime uncertain,Check whether Butler can qualify directly or should team with an eligible prime.,sdvosb; veteran-owned,https://sam.gov/workspace/contract/opp/0d427f9bc1e742f0866ac2b98aa0b04f/view,"https://sam.gov/api/prod/opps/v3/opportunities/resources/files/bc67075c9de84901b4f052593abd0a33/download
{'rel': 'self', 'href': 'https://api.sam.gov/prod/opportunities/v2/search?noticeid=0d427f9bc1e742f0866ac2b98aa0b04f&limit=1'}",Melissa Everett,melissa.everett@va.gov,Primary NAICS 541330,Partial Refresh — Capacity Reached,High — attachment text read,Below Butler-fit threshold,special notice,,Attachment text read
Rejected,D,3,RFP / Solicitation,"E-6B Maintenance, Repair and Overhaul (MRO)",DEPT OF DEFENSE.DEPT OF THE NAVY.NAVAIR.NAVAIR HQS.NAVAL AIR SYSTEMS COMMAND,,Solicitation,ef5ee89ad6e24fe3b197ae580c956434,N00019-25-RFPREQ-APM271-0012,2026-09-30,11,336411,J015,No Set aside used,UNITED STATES,Not stated,,"Not a Butler-fit opportunity under the current conservative filter. Matched: navy, navair.",None identified,Ignore,No obvious vehicle restriction,Not Applicable,No special eligibility found in SAM.gov fields.,Prime feasible,Monitor as a direct pursuit unless attachments indicate otherwise.,None detected,https://sam.gov/workspace/contract/opp/ef5ee89ad6e24fe3b197ae580c956434/view,"{'rel': 'self', 'href': 'https://api.sam.gov/prod/opportunities/v2/search?noticeid=ef5ee89ad6e24fe3b197ae580c956434&limit=1'}",Lisa Troccoli,lisa.j.troccoli.civ@us.navy.mil,Primary NAICS 336411,Partial Refresh — Capacity Reached,High,Below Butler-fit threshold,presolicitation,,No downloadable attachment links found.
Rejected,D,3,RFP / Solicitation,USN Repair of QTY 4 7RH 5860 014565831 EY,DEPT OF DEFENSE.DEPT OF THE NAVY.NAVSUP.NAVSUP WEAPON SYSTEMS SUPPORT.NAVSUP WSS PHILADELPHIA.NAVSUP WEAPON SYSTEMS SUPPORT,,Solicitation,011538bbed554ef889b51b92a77d441a,N00383-26-Q-DA47,2026-09-30,11,336411,5860,,"57551, Pennsylvania, UNITED STATES",Not stated,,"Not a Butler-fit opportunity under the current conservative filter. Matched: navy, navsup.",None identified,Ignore,No obvious vehicle restriction,Not Applicable,No special eligibility found in SAM.gov fields.,Prime feasible,Monitor as a direct pursuit unless attachments indicate otherwise.,None detected,https://sam.gov/workspace/contract/opp/011538bbed554ef889b51b92a77d441a/view,"{'rel': 'self', 'href': 'https://api.sam.gov/prod/opportunities/v2/search?noticeid=011538bbed554ef889b51b92a77d441a&limit=1'}",Lara Szott ,lara.l.szott.civ@us.navy.mil,Primary NAICS 336411,Partial Refresh — Capacity Reached,High,Below Butler-fit threshold,presolicitation,,No downloadable attachment links found.
Rejected,D,3,RFP / Solicitation,Overhaul the C-5 Vaneaxial Fan,DEPT OF DEFENSE.DEPT OF THE AIR FORCE.AIR FORCE MATERIEL COMMAND.AIR FORCE SUSTAINMENT CENTER.FA8118  AFSC PZABB,,Solicitation,c5b6534cfd7d40daafe8a86e2a8b878b,FD20302501721,2026-09-30,11,336413,4140,,"0, Oklahoma, UNITED STATES",Not stated,,Not a Butler-fit opportunity under the current conservative filter. Matched: air force. Attachment text was included in the screen.,None identified,Ignore,No obvious vehicle restriction,Not Applicable,No special eligibility found in SAM.gov fields.,Prime feasible,Monitor as a direct pursuit unless attachments indicate otherwise.,None detected,https://sam.gov/workspace/contract/opp/c5b6534cfd7d40daafe8a86e2a8b878b/view,"https://sam.gov/api/prod/opps/v3/opportunities/resources/files/24d4ac85c34f4e9d81c7e84aa4c36026/download
https://sam.gov/api/prod/opps/v3/opportunities/resources/files/d3e705d67a0a4e7291851cc406d06486/download
{'rel': 'self', 'href': 'https://api.sam.gov/prod/opportunities/v2/search?noticeid=c5b6534cfd7d40daafe8a86e2a8b878b&limit=1'}",Rod Harris,rodrick.harris@us.af.mil,Primary NAICS 336413,Partial Refresh — Capacity Reached,High — attachment text read,Below Butler-fit threshold,presolicitation,,Attachment text read; Attachment text read
Rejected,D,3,RFP / Solicitation,N0038326PR0R847_FMS REPAIR,DEPT OF DEFENSE.DEPT OF THE NAVY.NAVSUP.NAVSUP WEAPON SYSTEMS SUPPORT.NAVSUP WSS PHILADELPHIA.NAVSUP WEAPON SYSTEMS SUPPORT,,Solicitation,3e762a86ff0346ef9ddf1196449a7912,N0038326QS125,2026-09-30,11,336413,1560,,,Not stated,,"Not a Butler-fit opportunity under the current conservative filter. Matched: navy, navsup.",None identified,Ignore,No obvious vehicle restriction,Not Applicable,No special eligibility found in SAM.gov fields.,Prime feasible,Monitor as a direct pursuit unless attachments indicate otherwise.,None detected,https://sam.gov/workspace/contract/opp/3e762a86ff0346ef9ddf1196449a7912/view,"{'rel': 'self', 'href': 'https://api.sam.gov/prod/opportunities/v2/search?noticeid=3e762a86ff0346ef9ddf1196449a7912&limit=1'}",Michael Grant,carmelena.c.oldroyd.civ@us.navy.mil,Primary NAICS 336413,Partial Refresh — Capacity Reached,High,Below Butler-fit threshold,presolicitation,,No downloadable attachment links found.
Rejected,D,-2,Sources Sought / RFI,Contract Management Support Services,DEPT OF DEFENSE.DEFENSE HEALTH AGENCY (DHA).DEFENSE HEALTH AGENCY,,Sources Sought,b06bff5ed99b48d580f100c085eae412,R707,2026-09-30,11,,R707,8(a) Set-Aside (FAR 19.8),"Bethesda, Maryland, UNITED STATES",Not stated,,Not a Butler-fit opportunity under the current conservative filter. Attachment text was included in the screen.,None identified,Ignore,No obvious vehicle restriction,Not Applicable,No special eligibility found in SAM.gov fields.,Prime feasible,Monitor as a direct pursuit unless attachments indicate otherwise.,None detected,https://sam.gov/workspace/contract/opp/b06bff5ed99b48d580f100c085eae412/view,"https://sam.gov/api/prod/opps/v3/opportunities/resources/files/a67aebb1f26c4e038b85ac9d12f610f8/download
https://sam.gov/api/prod/opps/v3/opportunities/resources/files/b8331753373443cba3d51b7888bdd859/download
https://sam.gov/api/prod/opps/v3/opportunities/resources/files/bcc4fbe399e24ecca5c4c03c22f7ca5c/download
{'rel': 'self', 'href': 'https://api.sam.gov/prod/opportunities/v2/search?noticeid=b06bff5ed99b48d580f100c085eae412&limit=1'}",Ealed Nuru,ealed.m.nuru.civ@health.mil,PSC R707,Partial Refresh — Capacity Reached,High — attachment text read,Below Butler-fit threshold,sources sought,,Attachment skipped: too large; Attachment text read; Attachment text read
Rejected,D,0,RFP / Solicitation,"Business Operations Support Services Fort Benning, GA AMENDMENT 3",DEPT OF DEFENSE.DEPT OF THE ARMY.AMC.ACC.MISSION INSTALLATION CONTRACTING COMMAND.FDO EUSTIS.W6QM MICC-FT BENNING,,Solicitation,56101d98db544710ae2806e0283e53cd,W911SF26RA009,2026-09-30,11,541611,R408,Service-Disabled Veteran-Owned Small Business (SDVOSB) Set-Aside (FAR 19.14),"Fort Benning, Georgia, UNITED STATES",Not stated,,Not a Butler-fit opportunity under the current conservative filter. Matched: army. Attachment text was included in the screen.,Set-aside eligibility may limit prime feasibility,Ignore,No obvious vehicle restriction,Unknown — check Butler contract vehicles,Requires small-business set-aside eligibility.,Prime uncertain,Check whether Butler can qualify directly or should team with an eligible prime.,sdvosb; veteran-owned,https://sam.gov/workspace/contract/opp/56101d98db544710ae2806e0283e53cd/view,"https://sam.gov/api/prod/opps/v3/opportunities/resources/files/0e93e9fd8759436a9c45373b65353830/download
https://sam.gov/api/prod/opps/v3/opportunities/resources/files/6e4a5ff4aad2404f8d3da7941c81a89d/download
https://sam.gov/api/prod/opps/v3/opportunities/resources/files/a3cecaacb67746138cad437f1819b2d2/download
{'rel': 'self', 'href': 'https://api.sam.gov/prod/opportunities/v2/search?noticeid=56101d98db544710ae2806e0283e53cd&limit=1'}",Thomas L. Lowther III,thomas.l.lowther2.civ@army.mil,PSC R408,Partial Refresh — Capacity Reached,High — attachment text read,Below Butler-fit threshold,solicitation,,Attachment text read; Attachment skipped: too large; Attachment text read
Rejected,D,-4,RFP / Solicitation,T-7A Conference Hoteling,DEPT OF DEFENSE.DEPT OF THE AIR FORCE.AIR FORCE MATERIEL COMMAND.AIR FORCE LIFE CYCLE MANAGEMENT CENTER.TRAINING.FA8617 AFLCMC WNDI/WNB TRNG ARCRFT,,Solicitation,fadbca026a6447b595ce6be845d85092,FA8617-26-C-XXXX_PSN,2026-09-29,10,541330,1510,No Set aside used,UNITED STATES,Not stated,,"Not a Butler-fit opportunity under the current conservative filter. Matched: air force, aflcmc. Attachment text was included in the screen.",None identified,Ignore,No obvious vehicle restriction,Not Applicable,No special eligibility found in SAM.gov fields.,Prime feasible,Monitor as a direct pursuit unless attachments indicate otherwise.,None detected,https://sam.gov/workspace/contract/opp/fadbca026a6447b595ce6be845d85092/view,"https://sam.gov/api/prod/opps/v3/opportunities/resources/files/33edd95292bb4dc68e614e924b4d98f8/download
{'rel': 'self', 'href': 'https://api.sam.gov/prod/opportunities/v2/search?noticeid=fadbca026a6447b595ce6be845d85092&limit=1'}",Sonia Taylor,sonia.taylor.1@us.af.mil,Primary NAICS 541330,Partial Refresh — Capacity Reached,High — attachment text read,Hard reject: hoteling,presolicitation,"hoteling, conference",Attachment text read
Rejected,D,0,RFP / Solicitation,Advanced Notice: Code 15 Wet End Services,DEPT OF DEFENSE.DEPT OF THE NAVY.NAVSEA.NAVSEA WARFARE CENTER.NUWC DIV NEWPORT,,Solicitation,cb109a9d1f1b458f9b7a6527cb818d14,N6660426R3002,2026-09-28,9,541330,J020,Small Business Set Aside - Total,,Not stated,,"Not a Butler-fit opportunity under the current conservative filter. Matched: navy, navsea, nuwc.",Set-aside eligibility may limit prime feasibility,Ignore,No obvious vehicle restriction,Unknown — check Butler contract vehicles,Requires small-business set-aside eligibility.,Prime uncertain,Check whether Butler can qualify directly or should team with an eligible prime.,small business set aside,https://sam.gov/workspace/contract/opp/cb109a9d1f1b458f9b7a6527cb818d14/view,"{'rel': 'self', 'href': 'https://api.sam.gov/prod/opportunities/v2/search?noticeid=cb109a9d1f1b458f9b7a6527cb818d14&limit=1'}",Gina Proske,gina.m.proske.civ@us.navy.mil,Primary NAICS 541330,Partial Refresh — Capacity Reached,High,Below Butler-fit threshold,presolicitation,,No downloadable attachment links found.
Rejected,D,-5,Special Notice,"Amendment C1DA--A/E Services Replace Patient Lifts B331, B348, & B360  Project Number: 640A0-27-103","VETERANS AFFAIRS, DEPARTMENT OF.VETERANS AFFAIRS, DEPARTMENT OF.261-NETWORK CONTRACT OFFICE 21 (36C261)",,Special Notice,14d78418b6684c14884167d2b71dba94,36C26126Q1139,2026-09-28,9,541330,C1DA,Service-Disabled Veteran-Owned Small Business (SDVOSB) Set-Aside (FAR 19.14),"California, UNITED STATES",Not stated,,Not a Butler-fit opportunity under the current conservative filter. Attachment text was included in the screen.,Set-aside eligibility may limit prime feasibility,Ignore,No obvious vehicle restriction,Unknown — check Butler contract vehicles,Requires small-business set-aside eligibility.,Prime uncertain,Check whether Butler can qualify directly or should team with an eligible prime.,sdvosb; veteran-owned,https://sam.gov/workspace/contract/opp/14d78418b6684c14884167d2b71dba94/view,"https://sam.gov/api/prod/opps/v3/opportunities/resources/files/1d79ae25ebde492d940343481c7daae2/download
https://sam.gov/api/prod/opps/v3/opportunities/resources/files/33cbc2f300c7485dad03c6c404836158/download
https://sam.gov/api/prod/opps/v3/opportunities/resources/files/8e525e493e024806a0a427419ed1d2f6/download
{'rel': 'self', 'href': 'https://api.sam.gov/prod/opportunities/v2/search?noticeid=14d78418b6684c14884167d2b71dba94&limit=1'}",Alex Arter,alex.arter@va.gov,Primary NAICS 541330,Partial Refresh — Capacity Reached,High — attachment text read,Below Butler-fit threshold,special notice,,Attachment text read; Attachment text read; Attachment text read
Rejected,D,3,RFP / Solicitation,RFP N62742-26-R-3601 Enterprise Construction Management Support Multiple Award Contract (ECMS MAC),DEPT OF DEFENSE.DEPT OF THE NAVY.NAVFAC.NAVFAC PACIFIC CMD.NAVFACSYSCOM PACIFIC,,Solicitation,8e1250dc5e72435f88feb1bcde7c936b,N6274226R3601,2026-09-28,9,541330,R425,,,Not stated,,Not a Butler-fit opportunity under the current conservative filter. Matched: navy.,None identified,Ignore,No obvious vehicle restriction,Not Applicable,No special eligibility found in SAM.gov fields.,Prime feasible,Monitor as a direct pursuit unless attachments indicate otherwise.,None detected,https://sam.gov/workspace/contract/opp/8e1250dc5e72435f88feb1bcde7c936b/view,"{'rel': 'self', 'href': 'https://api.sam.gov/prod/opportunities/v2/search?noticeid=8e1250dc5e72435f88feb1bcde7c936b&limit=1'}",Shelly Torres,NAVFAC_PAC_ACQ21_Box1@us.navy.mil,Primary NAICS 541330,Partial Refresh — Capacity Reached,High,Below Butler-fit threshold,solicitation,,No downloadable attachment links found.
Rejected,D,3,RFP / Solicitation,Human Performance Optimization (HPO) Model,DEPT OF DEFENSE.DEPT OF THE NAVY.NAVSUP.NAVSUP OTHER HCA.CNIC.COMMANDER NAVY INSTALLATIONS CMD,,Solicitation,51a704f666b84f4787b25ef9e36a4c38,N4571A-26-I-0003,2026-09-28,9,541611,R408,,"San Diego, California, UNITED STATES",Not stated,,"Not a Butler-fit opportunity under the current conservative filter. Matched: navy, navsup. Attachment text was included in the screen.",None identified,Ignore,No obvious vehicle restriction,Not Applicable,No special eligibility found in SAM.gov fields.,Prime feasible,Monitor as a direct pursuit unless attachments indicate otherwise.,None detected,https://sam.gov/workspace/contract/opp/51a704f666b84f4787b25ef9e36a4c38/view,"https://sam.gov/api/prod/opps/v3/opportunities/resources/files/24318036389d475d835d2d0d574d611a/download
https://sam.gov/api/prod/opps/v3/opportunities/resources/files/f4c8e5b6751c4989af8eff24aafcd346/download
{'rel': 'self', 'href': 'https://api.sam.gov/prod/opportunities/v2/search?noticeid=51a704f666b84f4787b25ef9e36a4c38&limit=1'}",Hollie Bryant,hollie.j.bryant.naf@us.navy.mil,PSC R408,Partial Refresh — Capacity Reached,High — attachment text read,Below Butler-fit threshold,presolicitation,,Attachment text read; Attachment text read
Rejected,D,3,Sources Sought / RFI,DoW Information Analysis Center (IAC) Basic Center of Operations (BCO) RFI,DEPT OF DEFENSE.DEPT OF THE AIR FORCE.AIR FORCE MATERIEL COMMAND.AF INSTALLATION & MISSION SUPPORT CENTER.FA8075  774 ESS,,Sources Sought,0220c829b2364cf3b52bea399fb6bdb8,FA807526R0002,2026-09-25,6,541715,AC32,,"Fort Belvoir, Virginia, UNITED STATES",Not stated,,Not a Butler-fit opportunity under the current conservative filter. Matched: air force. Attachment text was included in the screen.,None identified,Ignore,No obvious vehicle restriction,Not Applicable,No special eligibility found in SAM.gov fields.,Prime feasible,Monitor as a direct pursuit unless attachments indicate otherwise.,None detected,https://sam.gov/workspace/contract/opp/0220c829b2364cf3b52bea399fb6bdb8/view,"https://sam.gov/api/prod/opps/v3/opportunities/resources/files/673fa8cdd72f459faea7ec040bec7079/download
https://sam.gov/api/prod/opps/v3/opportunities/resources/files/a192dfe0f7f54208b0d9746d6e90a819/download
{'rel': 'self', 'href': 'https://api.sam.gov/prod/opportunities/v2/search?noticeid=0220c829b2364cf3b52bea399fb6bdb8&limit=1'}",James Rathjen,james.rathjen@us.af.mil,Primary NAICS 541715,Partial Refresh — Capacity Reached,High — attachment text read,Below Butler-fit threshold,sources sought,,Attachment text read; Attachment text read
Rejected,D,2,RFP / Solicitation,Shasta Trinity NF Drinking Water Sampling & Testing,"AGRICULTURE, DEPARTMENT OF.FOREST SERVICE.USDA FOREST SERVICE",,Solicitation,e6cf65df3d1848128d9aaf909ac78644,127EAY26Q0136,2026-09-25,6,541380,B533,Small Business Set Aside - Total,"Redding, California, UNITED STATES",Not stated,,Not a Butler-fit opportunity under the current conservative filter. Matched: testing. Attachment text was included in the screen.,Set-aside eligibility may limit prime feasibility,Ignore,No obvious vehicle restriction,Unknown — check Butler contract vehicles,Requires small-business set-aside eligibility.,Prime uncertain,Check whether Butler can qualify directly or should team with an eligible prime.,small business set aside,https://sam.gov/workspace/contract/opp/e6cf65df3d1848128d9aaf909ac78644/view,"https://sam.gov/api/prod/opps/v3/opportunities/resources/files/2502ce1a145b4ccbb9607191d2adf86d/download
https://sam.gov/api/prod/opps/v3/opportunities/resources/files/35d2ce15ba7e4899bc0e3071012a3b47/download
https://sam.gov/api/prod/opps/v3/opportunities/resources/files/3c373ec1f2794213be2d893745254280/download
https://sam.gov/api/prod/opps/v3/opportunities/resources/files/72047f01fe394c02a0295f5f07771f9d/download
https://sam.gov/api/prod/opps/v3/opportunities/resources/files/aa8932331f8c4cf7be0a9c6c5c924ed9/download
https://sam.gov/api/prod/opps/v3/opportunities/resources/files/ebcbd2ccac1a47adb828b5cae47f090f/download
{'rel': 'self', 'href': 'https://api.sam.gov/prod/opportunities/v2/search?noticeid=e6cf65df3d1848128d9aaf909ac78644&limit=1'}",MARGARET FORREST,margaret.forrest@usda.gov,Primary NAICS 541380,Partial Refresh — Capacity Reached,High — attachment text read,Below Butler-fit threshold,combined synopsis/solicitation,,Attachment skipped: too large; Attachment text read; Attachment text read
Rejected,D,-2,Sources Sought / RFI,B--Zooplankton Analysis of Water Samples,"INTERIOR, DEPARTMENT OF THE.BUREAU OF RECLAMATION.UPPER COLORADO REGIONAL OFFICE",,Sources Sought,91999746f7d34afb9dac85bc3b2d33e9,140R4026R0028,2026-09-25,6,541380,B533,,,Not stated,,Not a Butler-fit opportunity under the current conservative filter. Attachment text was included in the screen.,None identified,Ignore,No obvious vehicle restriction,Not Applicable,No special eligibility found in SAM.gov fields.,Prime feasible,Monitor as a direct pursuit unless attachments indicate otherwise.,None detected,https://sam.gov/workspace/contract/opp/91999746f7d34afb9dac85bc3b2d33e9/view,"https://sam.gov/api/prod/opps/v3/opportunities/resources/files/1a58388ec1bf4912a8ef902404594395/download
https://sam.gov/api/prod/opps/v3/opportunities/resources/files/e5bb7d20462345fe9cbfa13e3e366a6e/download
{'rel': 'self', 'href': 'https://api.sam.gov/prod/opportunities/v2/search?noticeid=91999746f7d34afb9dac85bc3b2d33e9&limit=1'}","Goddard, Kyle",kgoddard@usbr.gov,Primary NAICS 541380,Partial Refresh — Capacity Reached,High — attachment text read,Below Butler-fit threshold,sources sought,,Attachment text read; Attachment text read
Rejected,D,3,Sources Sought / RFI,DoW/DoN Technology Transfer Program Management Support,DEPT OF DEFENSE.DEPT OF THE NAVY.ONR.ONR HQS.OFFICE OF NAVAL RESEARCH,,Sources Sought,dbcecf54efcd497786649e16e28ed8be,N0001426RFI7005,2026-09-25,6,541690,R408,,,Not stated,,Not a Butler-fit opportunity under the current conservative filter. Matched: navy.,None identified,Ignore,No obvious vehicle restriction,Not Applicable,No special eligibility found in SAM.gov fields.,Prime feasible,Monitor as a direct pursuit unless attachments indicate otherwise.,None detected,https://sam.gov/workspace/contract/opp/dbcecf54efcd497786649e16e28ed8be/view,"{'rel': 'self', 'href': 'https://api.sam.gov/prod/opportunities/v2/search?noticeid=dbcecf54efcd497786649e16e28ed8be&limit=1'}",Mary Dent,mary.h.dent.civ@us.navy.mil,PSC R408,Partial Refresh — Capacity Reached,High,Below Butler-fit threshold,sources sought,,No downloadable attachment links found.
Rejected,D,3,Sources Sought / RFI,Fielded Ground Systems (FGS) Integrated Product Team (IPT) Program Management (PM) and Technical Support,DEPT OF DEFENSE.DEPT OF THE NAVY.SPAWAR.SPAWAR LANT.NIWC ATLANTIC,,Sources Sought,3bc404f1b4784137b92ac31f1413284e,N65236-26-RFPREQ-LSUBP00007-0037,2026-09-24,5,541330,,,,Not stated,,Not a Butler-fit opportunity under the current conservative filter. Matched: navy.,None identified,Ignore,No obvious vehicle restriction,Not Applicable,No special eligibility found in SAM.gov fields.,Prime feasible,Monitor as a direct pursuit unless attachments indicate otherwise.,None detected,https://sam.gov/workspace/contract/opp/3bc404f1b4784137b92ac31f1413284e/view,"{'rel': 'self', 'href': 'https://api.sam.gov/prod/opportunities/v2/search?noticeid=3bc404f1b4784137b92ac31f1413284e&limit=1'}",Jessica Meddick,jessica.l.meddick.civ@us.navy.mil,Primary NAICS 541330,Partial Refresh — Capacity Reached,High,Below Butler-fit threshold,sources sought,,No downloadable attachment links found.
Rejected,D,3,RFP / Solicitation,Dual Purpose Weather Forecasting Solution,DEPT OF DEFENSE.DEPT OF THE NAVY.SPAWAR.SPAWAR LANT.NIWC ATLANTIC,,Solicitation,c4f2e30b4f444008abe3fb8f771f71a4,N6523626RE102,2026-09-24,5,541715,AC13,,,Not stated,,Not a Butler-fit opportunity under the current conservative filter. Matched: navy.,None identified,Ignore,No obvious vehicle restriction,Not Applicable,No special eligibility found in SAM.gov fields.,Prime feasible,Monitor as a direct pursuit unless attachments indicate otherwise.,None detected,https://sam.gov/workspace/contract/opp/c4f2e30b4f444008abe3fb8f771f71a4/view,"{'rel': 'self', 'href': 'https://api.sam.gov/prod/opportunities/v2/search?noticeid=c4f2e30b4f444008abe3fb8f771f71a4&limit=1'}",Giancarlo Dumenigo,giancarlo.dumenigo.civ@us.navy.mil,Primary NAICS 541715,Partial Refresh — Capacity Reached,High,Below Butler-fit threshold,solicitation,,No downloadable attachment links found.
Rejected,D,3,RFP / Solicitation,Receive Only Antennas for Antarctic Polar Orbiting Satellites,DEPT OF DEFENSE.DEPT OF THE NAVY.SPAWAR.SPAWAR LANT.NIWC ATLANTIC,,Solicitation,7798ab1a199d40c9a9efd2fdab445e97,N6523626RE103,2026-09-24,5,541715,AC13,,,Not stated,,Not a Butler-fit opportunity under the current conservative filter. Matched: navy.,None identified,Ignore,No obvious vehicle restriction,Not Applicable,No special eligibility found in SAM.gov fields.,Prime feasible,Monitor as a direct pursuit unless attachments indicate otherwise.,None detected,https://sam.gov/workspace/contract/opp/7798ab1a199d40c9a9efd2fdab445e97/view,"{'rel': 'self', 'href': 'https://api.sam.gov/prod/opportunities/v2/search?noticeid=7798ab1a199d40c9a9efd2fdab445e97&limit=1'}",Giancarlo Dumenigo,giancarlo.dumenigo.civ@us.navy.mil,Primary NAICS 541715,Partial Refresh — Capacity Reached,High,Below Butler-fit threshold,solicitation,,No downloadable attachment links found.
Rejected,D,3,Special Notice,The FHWA Virtual Industry Day Meeting for LTPP Program Engineering Services Contract (LPES),"TRANSPORTATION, DEPARTMENT OF.FEDERAL HIGHWAY ADMINISTRATION.693JJ3 ACQUISITION AND GRANTS MGT",,Special Notice,237e8d361e644cf18a72ebdcea053f18,693JJ3-26-SS-0018,2026-09-24,5,541715,AS12,No Set aside used,"45780, UNITED STATES",Not stated,,Not a Butler-fit opportunity under the current conservative filter. Matched: engineering services. Attachment text was included in the screen.,None identified,Ignore,No obvious vehicle restriction,Not Applicable,No special eligibility found in SAM.gov fields.,Prime feasible,Monitor as a direct pursuit unless attachments indicate otherwise.,None detected,https://sam.gov/workspace/contract/opp/237e8d361e644cf18a72ebdcea053f18/view,"https://sam.gov/api/prod/opps/v3/opportunities/resources/files/4a4e574e03794f308be0524941f6dd76/download
{'rel': 'self', 'href': 'https://api.sam.gov/prod/opportunities/v2/search?noticeid=237e8d361e644cf18a72ebdcea053f18&limit=1'}",Tamiko Aikens,tamiko.aikens@dot.gov,Primary NAICS 541715,Partial Refresh — Capacity Reached,High — attachment text read,Below Butler-fit threshold,special notice,,Attachment text read
Rejected,D,-5,RFP / Solicitation,Sea Lice Genotyping,"AGRICULTURE, DEPARTMENT OF.FOREST SERVICE.USDA FOREST SERVICE",,Solicitation,fa698eec5e5548eba7b518baab57ecb2,Solicitation1232SA26Q1506,2026-09-24,5,541380,B529,Small Business Set Aside - Total,"Bangor, Maine, UNITED STATES",Not stated,,Not a Butler-fit opportunity under the current conservative filter. Attachment text was included in the screen.,Set-aside eligibility may limit prime feasibility,Ignore,No obvious vehicle restriction,Unknown — check Butler contract vehicles,Requires small-business set-aside eligibility.,Prime uncertain,Check whether Butler can qualify directly or should team with an eligible prime.,small business set aside,https://sam.gov/workspace/contract/opp/fa698eec5e5548eba7b518baab57ecb2/view,"https://sam.gov/api/prod/opps/v3/opportunities/resources/files/10fdc2b643e945a796281decc110e7e6/download
https://sam.gov/api/prod/opps/v3/opportunities/resources/files/1111aab4b0634643bbbea66bc54ea846/download
{'rel': 'self', 'href': 'https://api.sam.gov/prod/opportunities/v2/search?noticeid=fa698eec5e5548eba7b518baab57ecb2&limit=1'}",Nicole Green,nicole.green2@usda.gov,Primary NAICS 541380,Partial Refresh — Capacity Reached,High — attachment text read,Below Butler-fit threshold,combined synopsis/solicitation,,Attachment text read; Attachment text read
Rejected,D,-2,RFP / Solicitation,J066--|New instrument calibration,"VETERANS AFFAIRS, DEPARTMENT OF.VETERANS AFFAIRS, DEPARTMENT OF.245-NETWORK CONTRACT OFFICE 5 (36C245)",,Solicitation,1f59c5088aac483a9779ac71ee9008fb,36C24526Q0808,2026-09-24,5,541380,J066,,UNITED STATES,Not stated,,Not a Butler-fit opportunity under the current conservative filter. Attachment text was included in the screen.,None identified,Ignore,No obvious vehicle restriction,Not Applicable,No special eligibility found in SAM.gov fields.,Prime feasible,Monitor as a direct pursuit unless attachments indicate otherwise.,None detected,https://sam.gov/workspace/contract/opp/1f59c5088aac483a9779ac71ee9008fb/view,"https://sam.gov/api/prod/opps/v3/opportunities/resources/files/6606b73d180a409588b4261b9f5d5f05/download
https://sam.gov/api/prod/opps/v3/opportunities/resources/files/678b53e83bac47fab5d6e3dc83916f2f/download
{'rel': 'self', 'href': 'https://api.sam.gov/prod/opportunities/v2/search?noticeid=1f59c5088aac483a9779ac71ee9008fb&limit=1'}",CHARLES WILLIS,charles.willis@va.gov,Primary NAICS 541380,Partial Refresh — Capacity Reached,High — attachment text read,Below Butler-fit threshold,combined synopsis/solicitation,,Attachment text read; Attachment text read
Rejected,D,0,RFP / Solicitation,maintenance stands,DEPT OF DEFENSE.DEPT OF THE ARMY.AMC.ACC.MISSION INSTALLATION CONTRACTING COMMAND.419TH CSB.W6QM MICC-FT DRUM,,Solicitation,105c7030481648d6ab546fe02cacc273,W911S226U4538,2026-09-24,5,332323,1730,Small Business Set Aside - Total,,Not stated,,Not a Butler-fit opportunity under the current conservative filter. Matched: army.,Set-aside eligibility may limit prime feasibility,Ignore,No obvious vehicle restriction,Unknown — check Butler contract vehicles,Requires small-business set-aside eligibility.,Prime uncertain,Check whether Butler can qualify directly or should team with an eligible prime.,small business set aside,https://sam.gov/workspace/contract/opp/105c7030481648d6ab546fe02cacc273/view,"{'rel': 'self', 'href': 'https://api.sam.gov/prod/opportunities/v2/search?noticeid=105c7030481648d6ab546fe02cacc273&limit=1'}",Lizeth ANDRADE GARCIA,lizeth.a.andradegarcia.civ@army.mil,PSC 1730,Partial Refresh — Capacity Reached,High,Below Butler-fit threshold,combined synopsis/solicitation,,No downloadable attachment links found.
Rejected,D,0,RFP / Solicitation,Engineering Services-T-ESD and ESB Class Alteration Design Support,DEPT OF DEFENSE.DEPT OF THE NAVY.MSC.MSC HQS.MSCHQ NORFOLK,,Solicitation,df72185a94c7482a8e16c4d0d1d9c1e8,N3220526Q7266,2026-09-23,4,541330,R425,Small Business Set Aside - Total,,Not stated,,"Not a Butler-fit opportunity under the current conservative filter. Matched: engineering services, navy.",Set-aside eligibility may limit prime feasibility,Ignore,No obvious vehicle restriction,Unknown — check Butler contract vehicles,Requires small-business set-aside eligibility.,Prime uncertain,Check whether Butler can qualify directly or should team with an eligible prime.,small business set aside,https://sam.gov/workspace/contract/opp/df72185a94c7482a8e16c4d0d1d9c1e8/view,"{'rel': 'self', 'href': 'https://api.sam.gov/prod/opportunities/v2/search?noticeid=df72185a94c7482a8e16c4d0d1d9c1e8&limit=1'}",Timothy Lewis,timothy.lewis60.civ@us.navy.mil,Primary NAICS 541330,Partial Refresh — Capacity Reached,High,Below Butler-fit threshold,solicitation,,No downloadable attachment links found.
Rejected,D,5,Sources Sought / RFI,"Notice of Intent: MILITARY SATELLITE COMMUNICATIONS (MILSATCOM) SYSTEMS ENGINEERING, INTEGRATION AND TEST(MSEIT)",DEPT OF DEFENSE.DEPT OF THE AIR FORCE.SPACE SYSTEMS COMMAND.PEO MILITARY COMMUNICATION AND POSITION NAVIGATION TIMING.FA8808 MIL SATELLITE COM SYS PKT LA,,Sources Sought,599f7775df58431cab3d5dd888befa27,FA880819C0006,2026-09-23,4,541330,R707,,"El Segundo, California, UNITED STATES",Not stated,,"Not a Butler-fit opportunity under the current conservative filter. Matched: systems engineering, air force.",None identified,Ignore,No obvious vehicle restriction,Not Applicable,No special eligibility found in SAM.gov fields.,Prime feasible,Monitor as a direct pursuit unless attachments indicate otherwise.,None detected,https://sam.gov/workspace/contract/opp/599f7775df58431cab3d5dd888befa27/view,"{'rel': 'self', 'href': 'https://api.sam.gov/prod/opportunities/v2/search?noticeid=599f7775df58431cab3d5dd888befa27&limit=1'}",JOHN NEAL,JOHN.NEAL@SPACEFORCE.MIL,Primary NAICS 541330,Partial Refresh — Capacity Reached,High,Below Butler-fit threshold,sources sought,,No downloadable attachment links found.
Rejected,D,0,RFP / Solicitation,Perrseus,DEPT OF DEFENSE.DEFENSE ADVANCED RESEARCH PROJECTS AGENCY  (DARPA).DEF ADVANCED RESEARCH PROJECTS AGCY,,Solicitation,28c9f34927a841ebbe0c251b88c0947b,DARPA-PS-26-127,2026-09-23,4,541715,AC12,,,Not stated,,Not a Butler-fit opportunity under the current conservative filter. Matched: darpa. Attachment text was included in the screen.,None identified,Ignore,No obvious vehicle restriction,Not Applicable,No special eligibility found in SAM.gov fields.,Prime feasible,Monitor as a direct pursuit unless attachments indicate otherwise.,None detected,https://sam.gov/workspace/contract/opp/28c9f34927a841ebbe0c251b88c0947b/view,"https://sam.gov/api/prod/opps/v3/opportunities/resources/files/0000c4f0d1e347e0a0154433e8a2b313/download
https://sam.gov/api/prod/opps/v3/opportunities/resources/files/07d6315f126b4ad3a5951fe1e281d0df/download
https://sam.gov/api/prod/opps/v3/opportunities/resources/files/084ed4f4385b4cb1b2fe9c0a9891bbec/download
https://sam.gov/api/prod/opps/v3/opportunities/resources/files/3beac47102724622922ad61d07e856db/download
https://sam.gov/api/prod/opps/v3/opportunities/resources/files/49021a88522c49a99443d640e8fc8557/download
https://sam.gov/api/prod/opps/v3/opportunities/resources/files/5a38f02e824c4911a8c1df0afd4a2b6f/download
https://sam.gov/api/prod/opps/v3/opportunities/resources/files/5cedef59a2c64008b9915d88baf4763b/download
https://sam.gov/api/prod/opps/v3/opportunities/resources/files/5de7289845f0490189e1815a73f310ce/download
https://sam.gov/api/prod/opps/v3/opportunities/resources/files/65a47d51166e42fcafce95f362fc30e5/download
https://sam.gov/api/prod/opps/v3/opportunities/resources/files/69496a938944448689e8e65a18b45b3f/download
https://sam.gov/api/prod/opps/v3/opportunities/resources/files/77a65f64d5e34e9da08fa7de0decb41e/download
https://sam.gov/api/prod/opps/v3/opportunities/resources/files/7ac14981f87b462d99c53e69f4554081/download
https://sam.gov/api/prod/opps/v3/opportunities/resources/files/82571dac75d84658ab60ca21a7d60969/download
https://sam.gov/api/prod/opps/v3/opportunities/resources/files/8668e7776ebd439d832b92c0dddb5e51/download
https://sam.gov/api/prod/opps/v3/opportunities/resources/files/9f1a011eb41b4f988a117465c193e9f0/download
https://sam.gov/api/prod/opps/v3/opportunities/resources/files/a8b90d1f4fbc437db2accc23ce66b67f/download
https://sam.gov/api/prod/opps/v3/opportunities/resources/files/b725093ef980472a9bee1dc60350acab/download
https://sam.gov/api/prod/opps/v3/opportunities/resources/files/bb9e034e84d540098af867da30665eb3/download
https://sam.gov/api/prod/opps/v3/opportunities/resources/files/c73b37c88c0943f4b631e0528857f709/download
https://sam.gov/api/prod/opps/v3/opportunities/resources/files/c9dd0bf2aaf344ee9891f3ff3f736334/download
https://sam.gov/api/prod/opps/v3/opportunities/resources/files/d1de11e4f02442ef926c2eecaaae8aff/download
https://sam.gov/api/prod/opps/v3/opportunities/resources/files/d5ea660cc08a46079c7be8ab703d552c/download
https://sam.gov/api/prod/opps/v3/opportunities/resources/files/d6a6885467414d39ac66d14031d6b72d/download
https://sam.gov/api/prod/opps/v3/opportunities/resources/files/d8103307e9824ecf92fe0a774a59768f/download
https://sam.gov/api/prod/opps/v3/opportunities/resources/files/e079e2981e734ac084c78ed5dd15111d/download
https://sam.gov/api/prod/opps/v3/opportunities/resources/files/ed19052dffba413087f9c4bd6fb146b4/download
https://sam.gov/api/prod/opps/v3/opportunities/resources/files/ee4746207c284c84b4d2e4b433a3ada0/download
https://sam.gov/api/prod/opps/v3/opportunities/resources/files/f067473336e84106bf1426f333db706e/download
{'rel': 'self', 'href': 'https://api.sam.gov/prod/opportunities/v2/search?noticeid=28c9f34927a841ebbe0c251b88c0947b&limit=1'}",Perrseus PS Coordinator,Perrseus@darpa.mil,Primary NAICS 541715,Partial Refresh — Capacity Reached,High — attachment text read,Below Butler-fit threshold,solicitation,,Attachment text read; Attachment text read; Attachment text read
Rejected,D,-5,RFP / Solicitation,NOI; non-competitive combined synopsis solicitatio,"HEALTH AND HUMAN SERVICES, DEPARTMENT OF.NATIONAL INSTITUTES OF HEALTH.NATIONAL INSTITUTES OF HEALTH OLAO",,Solicitation,d44fa59518024cf686ee6fb77eb5ab23,75N98026Q01212,2026-09-23,4,541715,Q301,,,Not stated,,Not a Butler-fit opportunity under the current conservative filter. Attachment text was included in the screen.,None identified,Ignore,No obvious vehicle restriction,Not Applicable,No special eligibility found in SAM.gov fields.,Prime feasible,Monitor as a direct pursuit unless attachments indicate otherwise.,None detected,https://sam.gov/workspace/contract/opp/d44fa59518024cf686ee6fb77eb5ab23/view,"https://sam.gov/api/prod/opps/v3/opportunities/resources/files/8defff87038d4e95b2815ba8aab27b8d/download
{'rel': 'self', 'href': 'https://api.sam.gov/prod/opportunities/v2/search?noticeid=d44fa59518024cf686ee6fb77eb5ab23&limit=1'}","JOHNSON, JOHN R",johnsonjr@mail.nih.gov,Primary NAICS 541715,Partial Refresh — Capacity Reached,High — attachment text read,Below Butler-fit threshold,combined synopsis/solicitation,,Attachment text read
Rejected,D,-1,RFP / Solicitation,NOI; non-competitive combined synopsis solicitatio,"HEALTH AND HUMAN SERVICES, DEPARTMENT OF.NATIONAL INSTITUTES OF HEALTH.NATIONAL INSTITUTES OF HEALTH OLAO",,Solicitation,cc4b87e7af2148778004f9be81b5b0e2,75N98026Q01209,2026-09-23,4,541715,Q301,,,Not stated,,Not a Butler-fit opportunity under the current conservative filter. Matched: iot. Attachment text was included in the screen.,None identified,Ignore,No obvious vehicle restriction,Not Applicable,No special eligibility found in SAM.gov fields.,Prime feasible,Monitor as a direct pursuit unless attachments indicate otherwise.,None detected,https://sam.gov/workspace/contract/opp/cc4b87e7af2148778004f9be81b5b0e2/view,"https://sam.gov/api/prod/opps/v3/opportunities/resources/files/77e560c547c0423a9a3a53b01ed43361/download
{'rel': 'self', 'href': 'https://api.sam.gov/prod/opportunities/v2/search?noticeid=cc4b87e7af2148778004f9be81b5b0e2&limit=1'}","JOHNSON, JOHN R",johnsonjr@mail.nih.gov,Primary NAICS 541715,Partial Refresh — Capacity Reached,High — attachment text read,Below Butler-fit threshold,combined synopsis/solicitation,,Attachment text read
Rejected,D,0,Special Notice,BEAMERS Industry Day Announcement,DEPT OF DEFENSE.DEFENSE ADVANCED RESEARCH PROJECTS AGENCY  (DARPA).DEF ADVANCED RESEARCH PROJECTS AGCY,,Special Notice,c33e1ed6a23942049b37c24d1f4f78ba,DARPA-SN-26-122,2026-09-23,4,541715,AC13,,,Not stated,,Not a Butler-fit opportunity under the current conservative filter. Matched: darpa. Attachment text was included in the screen.,None identified,Ignore,No obvious vehicle restriction,Not Applicable,No special eligibility found in SAM.gov fields.,Prime feasible,Monitor as a direct pursuit unless attachments indicate otherwise.,None detected,https://sam.gov/workspace/contract/opp/c33e1ed6a23942049b37c24d1f4f78ba/view,"https://sam.gov/api/prod/opps/v3/opportunities/resources/files/786c01140a1743fca341791b17589d74/download
{'rel': 'self', 'href': 'https://api.sam.gov/prod/opportunities/v2/search?noticeid=c33e1ed6a23942049b37c24d1f4f78ba&limit=1'}",BAA Coordinator,DARPA-SN-26-122@darpa.mil,Primary NAICS 541715,Partial Refresh — Capacity Reached,High — attachment text read,Below Butler-fit threshold,special notice,,Attachment text read
Rejected,D,0,RFP / Solicitation,"16--MODIFICATION KIT,AIRCR",DEPT OF DEFENSE.DEFENSE LOGISTICS AGENCY.DLA AVIATION.DLA AV RICHMOND.DLA AVIATION,,Solicitation,fafd6af19c2143a2bb367aa3b90253af,SPE4A626T30DA,2026-09-23,4,336413,16,,,Not stated,,Not a Butler-fit opportunity under the current conservative filter. Matched: dla aviation.,None identified,Ignore,No obvious vehicle restriction,Not Applicable,No special eligibility found in SAM.gov fields.,Prime feasible,Monitor as a direct pursuit unless attachments indicate otherwise.,None detected,https://sam.gov/workspace/contract/opp/fafd6af19c2143a2bb367aa3b90253af/view,"{'rel': 'self', 'href': 'https://api.sam.gov/prod/opportunities/v2/search?noticeid=fafd6af19c2143a2bb367aa3b90253af&limit=1'}","Questions regarding this solicitation should be emailed to the buyer listed in block 5 of the solicitation document which can be found under the Additional Information link.
If the Additional Information link does not work, please go to https://www.dibbs.bsm.dla.mil/Solicitations/ and type the solicitation number in the Global Search box.
",DibbsBSM@dla.mil,Primary NAICS 336413,Partial Refresh — Capacity Reached,High,Below Butler-fit threshold,combined synopsis/solicitation,,No downloadable attachment links found.
Rejected,D,2,Sources Sought / RFI,92 CES PFAS/Environmental Testing,DEPT OF DEFENSE.DEPT OF THE AIR FORCE.AIR MOBILITY COMMAND.FA4620  92 CONS LGC,,Sources Sought,56849caa05524ccbae2b95b8ff8f25a0,FA462026QA244,2026-09-23,4,541380,F107,Small Business Set Aside - Total,"Fairchild AFB, Washington, UNITED STATES",Not stated,,"Not a Butler-fit opportunity under the current conservative filter. Matched: testing, air force. Attachment text was included in the screen.",Set-aside eligibility may limit prime feasibility,Ignore,No obvious vehicle restriction,Unknown — check Butler contract vehicles,Requires small-business set-aside eligibility.,Prime uncertain,Check whether Butler can qualify directly or should team with an eligible prime.,small business set aside,https://sam.gov/workspace/contract/opp/56849caa05524ccbae2b95b8ff8f25a0/view,"https://sam.gov/api/prod/opps/v3/opportunities/resources/files/c8a359f2344b4ca7a3d61e5457600443/download
{'rel': 'self', 'href': 'https://api.sam.gov/prod/opportunities/v2/search?noticeid=56849caa05524ccbae2b95b8ff8f25a0&limit=1'}",Samantha Gorman,samantha.gorman@us.af.mil,Primary NAICS 541380,Partial Refresh — Capacity Reached,High — attachment text read,Below Butler-fit threshold,sources sought,,Attachment text read
Rejected,D,-8,RFP / Solicitation,Optimized Storage and Replenishment Solution,"HEALTH AND HUMAN SERVICES, DEPARTMENT OF.OFFICE OF THE ASSISTANT SECRETARY FOR ADMINISTRATION (ASA).PROGRAM SUPPORT CENTER ACQ MGMT SVC",,Solicitation,3a0614c7b14546f08075d3cd80d5bb20,IHS1527629,2026-09-23,4,541614,R706,Small Business Set Aside - Total,"Gallup, New Mexico, UNITED STATES",Not stated,,Not a Butler-fit opportunity under the current conservative filter. Attachment text was included in the screen.,Set-aside eligibility may limit prime feasibility,Ignore,No obvious vehicle restriction,Unknown — check Butler contract vehicles,Requires small-business set-aside eligibility.,Prime uncertain,Check whether Butler can qualify directly or should team with an eligible prime.,small business set aside,https://sam.gov/workspace/contract/opp/3a0614c7b14546f08075d3cd80d5bb20/view,"https://sam.gov/api/prod/opps/v3/opportunities/resources/files/332155d1bb9c4c5a87c810c70e10805a/download
https://sam.gov/api/prod/opps/v3/opportunities/resources/files/41cf1e5b0c3a42f4979e3d9aabebc607/download
https://sam.gov/api/prod/opps/v3/opportunities/resources/files/e3b3f99870864e1fa859a867c209dd18/download
{'rel': 'self', 'href': 'https://api.sam.gov/prod/opportunities/v2/search?noticeid=3a0614c7b14546f08075d3cd80d5bb20&limit=1'}",Marlene Milgram,marlene.milgram@hhs.gov,PSC R706,Partial Refresh — Capacity Reached,High — attachment text read,"Secondary NAICS without clear aerospace, defense, engineering, or sustainment connection",combined synopsis/solicitation,,Attachment text read; Attachment text read; Attachment text read
Rejected,D,-3,RFP / Solicitation,EMCS Survey and Firmware Support,DEPT OF DEFENSE.DEPT OF THE AIR FORCE.AIR FORCE GLOBAL STRIKE COMMAND.FA4626  341 CONS  LGC,,Solicitation,c092b27cfbd142bf8706b72cfad9353b,FA462626Q0044,2026-09-22,3,541330,C219,Small Business Set Aside - Total,"0, Montana, UNITED STATES",Not stated,,Not a Butler-fit opportunity under the current conservative filter. Matched: air force. Attachment text was included in the screen.,Set-aside eligibility may limit prime feasibility,Ignore,No obvious vehicle restriction,Unknown — check Butler contract vehicles,Requires small-business set-aside eligibility.,Prime uncertain,Check whether Butler can qualify directly or should team with an eligible prime.,small business set aside,https://sam.gov/workspace/contract/opp/c092b27cfbd142bf8706b72cfad9353b/view,"https://sam.gov/api/prod/opps/v3/opportunities/resources/files/0243eac7e0dc44a8b5461172a1cdfb15/download
https://sam.gov/api/prod/opps/v3/opportunities/resources/files/0b826676a5f14a1aae1af6c3e845791d/download
https://sam.gov/api/prod/opps/v3/opportunities/resources/files/2bd3de5d118147bd99f9f1e404970db3/download
https://sam.gov/api/prod/opps/v3/opportunities/resources/files/43cd7d24654c4082a7c6895c135f474a/download
https://sam.gov/api/prod/opps/v3/opportunities/resources/files/56ac8ab005da45e391f5936deaa6ee67/download
https://sam.gov/api/prod/opps/v3/opportunities/resources/files/a945cba30e694e2f8157e32f2654c822/download
https://sam.gov/api/prod/opps/v3/opportunities/resources/files/cd42087923c7464aa4aa93f8087535e0/download
https://sam.gov/api/prod/opps/v3/opportunities/resources/files/e0f27e669d914b43b45bc005db9e18f1/download
{'rel': 'self', 'href': 'https://api.sam.gov/prod/opportunities/v2/search?noticeid=c092b27cfbd142bf8706b72cfad9353b&limit=1'}",Jean-Denis Ducimetiere,jean-denis.ducimetiere@us.af.mil,Primary NAICS 541330,Partial Refresh — Capacity Reached,High — attachment text read,Below Butler-fit threshold,solicitation,,Attachment text read; Attachment text read; Attachment skipped: too large
Rejected,D,5,RFP / Solicitation,"B-1B Electronic Warfare Advanced Simulation Platform (EWASP) calibration and repair services, Simulation View software licenses, and technical support",DEPT OF DEFENSE.DEPT OF THE AIR FORCE.AIR FORCE MATERIEL COMMAND.AIR FORCE LIFE CYCLE MANAGEMENT CENTER.ELECTRONIC SYSTEMS.FA8523 AFMC/AFLCMC ESYC,,Solicitation,7c17409b8f414c839f4044edf89b0956,FA852326QB003,2026-09-22,3,541330,R425,No Set aside used,"Warner Robins, Georgia, UNITED STATES",Not stated,,"Not a Butler-fit opportunity under the current conservative filter. Matched: uav, air force, aflcmc. Attachment text was included in the screen.",None identified,Ignore,No obvious vehicle restriction,Not Applicable,No special eligibility found in SAM.gov fields.,Prime feasible,Monitor as a direct pursuit unless attachments indicate otherwise.,None detected,https://sam.gov/workspace/contract/opp/7c17409b8f414c839f4044edf89b0956/view,"https://sam.gov/api/prod/opps/v3/opportunities/resources/files/2c6fb0c5a82a4a6bb2b6a3ca179c7b9c/download
https://sam.gov/api/prod/opps/v3/opportunities/resources/files/34eef4dbed654e6580dd9e24da2f6c33/download
https://sam.gov/api/prod/opps/v3/opportunities/resources/files/62577ff8f2d84c76a9dad8e36b3f02f6/download
https://sam.gov/api/prod/opps/v3/opportunities/resources/files/6af98ca1dd6b4322a5d54b5b316c8d12/download
{'rel': 'self', 'href': 'https://api.sam.gov/prod/opportunities/v2/search?noticeid=7c17409b8f414c839f4044edf89b0956&limit=1'}",Daniel Daniels,daniel.daniels.2@us.af.mil,Primary NAICS 541330,Partial Refresh — Capacity Reached,High — attachment text read,Below Butler-fit threshold,combined synopsis/solicitation,,Attachment text read; Attachment text read; Attachment text read
Rejected,D,-5,RFP / Solicitation,AN41-- NCPTSD DHMC CPSR Core,"VETERANS AFFAIRS, DEPARTMENT OF.VETERANS AFFAIRS, DEPARTMENT OF.241-NETWORK CONTRACT OFFICE 01 (36C241)",,Special Notice,dae5a56c8cc54c418e5294577bbe3fad,36C24126Q0835,2026-09-22,3,541715,AN41,,,Not stated,,Not a Butler-fit opportunity under the current conservative filter. Attachment text was included in the screen.,None identified,Ignore,No obvious vehicle restriction,Not Applicable,No special eligibility found in SAM.gov fields.,Prime feasible,Monitor as a direct pursuit unless attachments indicate otherwise.,None detected,https://sam.gov/workspace/contract/opp/dae5a56c8cc54c418e5294577bbe3fad/view,"https://sam.gov/api/prod/opps/v3/opportunities/resources/files/9e14bf2484f640c8807a5de197458aea/download
{'rel': 'self', 'href': 'https://api.sam.gov/prod/opportunities/v2/search?noticeid=dae5a56c8cc54c418e5294577bbe3fad&limit=1'}",Ophelia Wilson,ophelia.wilson@va.gov,Primary NAICS 541715,Partial Refresh — Capacity Reached,High — attachment text read,Below Butler-fit threshold,special notice,,Attachment text read
Rejected,D,-5,RFP / Solicitation,Cation exchange capacity and X-ray diffraction ana,"INTERIOR, DEPARTMENT OF THE.US GEOLOGICAL SURVEY.OFC OF ACQUISITION  GRANTS-DENVER",,Solicitation,b2029262f7a84260a915f3fd335877f4,140G0226Q0176,2026-09-22,3,541380,B599,,,Not stated,,Not a Butler-fit opportunity under the current conservative filter. Attachment text was included in the screen.,None identified,Ignore,No obvious vehicle restriction,Not Applicable,No special eligibility found in SAM.gov fields.,Prime feasible,Monitor as a direct pursuit unless attachments indicate otherwise.,None detected,https://sam.gov/workspace/contract/opp/b2029262f7a84260a915f3fd335877f4/view,"https://sam.gov/api/prod/opps/v3/opportunities/resources/files/0f95be435a5d4ef3b34dadd52c70699d/download
{'rel': 'self', 'href': 'https://api.sam.gov/prod/opportunities/v2/search?noticeid=b2029262f7a84260a915f3fd335877f4&limit=1'}","Rollin, Jennifer",jennifer_rollin@ios.doi.gov,Primary NAICS 541380,Partial Refresh — Capacity Reached,High — attachment text read,Below Butler-fit threshold,solicitation,,Attachment text read
Rejected,D,-5,RFP / Solicitation,B--SAMPLE ANALYSIS - CFWSC - PR,"INTERIOR, DEPARTMENT OF THE.US GEOLOGICAL SURVEY.OFC OF ACQUSITION  GRANTS-NATIONAL",,Solicitation,a13bcee6eec543a096abec144389d041,140G0126Q0255,2026-09-22,3,541380,B529,,,Not stated,,Not a Butler-fit opportunity under the current conservative filter. Attachment text was included in the screen.,None identified,Ignore,No obvious vehicle restriction,Not Applicable,No special eligibility found in SAM.gov fields.,Prime feasible,Monitor as a direct pursuit unless attachments indicate otherwise.,None detected,https://sam.gov/workspace/contract/opp/a13bcee6eec543a096abec144389d041/view,"https://sam.gov/api/prod/opps/v3/opportunities/resources/files/6784a731d5e54701b9708d793c8152d4/download
https://sam.gov/api/prod/opps/v3/opportunities/resources/files/b55df726eb2047afa9029aab99ebba5f/download
https://sam.gov/api/prod/opps/v3/opportunities/resources/files/c0ed86a50e4e47cd92bfe72f338f4014/download
https://sam.gov/api/prod/opps/v3/opportunities/resources/files/c5cbafc956434422a27580d28f5102f0/download
{'rel': 'self', 'href': 'https://api.sam.gov/prod/opportunities/v2/search?noticeid=a13bcee6eec543a096abec144389d041&limit=1'}","Dixon, Mindie",mindie_dixon@ios.doi.gov,Primary NAICS 541380,Partial Refresh — Capacity Reached,High — attachment text read,Below Butler-fit threshold,solicitation,,Attachment text read; Attachment text read; Attachment text read
Rejected,D,5,Sources Sought / RFI,Systems Engineering Support (A Dept),DEPT OF DEFENSE.DEPT OF THE NAVY.NAVSEA.NAVSEA WARFARE CENTER.NSWC DAHLGREN,,Sources Sought,b9455c1f90674a0695ecfc8f63dc98b4,N0017827SN3101,2026-09-21,2,541330,R425,,,Not stated,,"Not a Butler-fit opportunity under the current conservative filter. Matched: engineering support, systems engineering, navy, navsea, nswc.",None identified,Ignore,No obvious vehicle restriction,Not Applicable,No special eligibility found in SAM.gov fields.,Prime feasible,Monitor as a direct pursuit unless attachments indicate otherwise.,None detected,https://sam.gov/workspace/contract/opp/b9455c1f90674a0695ecfc8f63dc98b4/view,"{'rel': 'self', 'href': 'https://api.sam.gov/prod/opportunities/v2/search?noticeid=b9455c1f90674a0695ecfc8f63dc98b4&limit=1'}",Emily CLIFFORD,emily.a.clifford.civ@us.navy.mil,Primary NAICS 541330,Partial Refresh — Capacity Reached,High,Below Butler-fit threshold,sources sought,,No downloadable attachment links found.
Rejected,D,2,RFP / Solicitation,Acoustic Testing for the IM-272A/WDQ Air Particle Detector and isolation valves,DEPT OF DEFENSE.DEPT OF THE NAVY.NAVSEA.NAVSEA WARFARE CENTER.NSWC CARDEROCK,,Solicitation,a0914cb8c6414b359f2158aeae98ae6c,N0016726Q1166,2026-09-21,2,541330,H999,Small Business Set Aside - Total,,Not stated,,"Not a Butler-fit opportunity under the current conservative filter. Matched: testing, navy, navsea, nswc. Attachment text was included in the screen.",Set-aside eligibility may limit prime feasibility,Ignore,No obvious vehicle restriction,Unknown — check Butler contract vehicles,Requires small-business set-aside eligibility.,Prime uncertain,Check whether Butler can qualify directly or should team with an eligible prime.,small business set aside,https://sam.gov/workspace/contract/opp/a0914cb8c6414b359f2158aeae98ae6c/view,"https://sam.gov/api/prod/opps/v3/opportunities/resources/files/0841bf554b074a52bc0ac002ee9abcad/download
https://sam.gov/api/prod/opps/v3/opportunities/resources/files/456da47659bb4fe09c11e48bb362e283/download
https://sam.gov/api/prod/opps/v3/opportunities/resources/files/5b8a7dabd7084e80a50cfa4aba01e5b7/download
https://sam.gov/api/prod/opps/v3/opportunities/resources/files/a3aa25fdcb174f59b87999ce2b8f6c48/download
https://sam.gov/api/prod/opps/v3/opportunities/resources/files/e3576e2ee23a4845a005d39d03be77e3/download
https://sam.gov/api/prod/opps/v3/opportunities/resources/files/f6be485c19ba4c00b78242385b1aedce/download
{'rel': 'self', 'href': 'https://api.sam.gov/prod/opportunities/v2/search?noticeid=a0914cb8c6414b359f2158aeae98ae6c&limit=1'}",Christopher Rolince,christopher.c.rolince.civ@us.navy.mil,Primary NAICS 541330,Partial Refresh — Capacity Reached,High — attachment text read,Below Butler-fit threshold,combined synopsis/solicitation,,Attachment text read; Attachment skipped: too large; Attachment text read
Rejected,D,0,RFP / Solicitation,LPD 17 Electrical Plant Control Midlife Upgrade,DEPT OF DEFENSE.DEPT OF THE NAVY.NAVSEA.NAVSEA WARFARE CENTER.NSWC PHILADELPHIA DIV,,Solicitation,b8d99e53dd754742a4ee9d236f870051,26-VMR-LPDMidlife,2026-09-21,2,541330,R425,,"Philadelphia, Pennsylvania, UNITED STATES",Not stated,,"Not a Butler-fit opportunity under the current conservative filter. Matched: navy, navsea, nswc.",None identified,Ignore,No obvious vehicle restriction,Not Applicable,No special eligibility found in SAM.gov fields.,Prime feasible,Monitor as a direct pursuit unless attachments indicate otherwise.,None detected,https://sam.gov/workspace/contract/opp/b8d99e53dd754742a4ee9d236f870051/view,"{'rel': 'self', 'href': 'https://api.sam.gov/prod/opportunities/v2/search?noticeid=b8d99e53dd754742a4ee9d236f870051&limit=1'}",Vincent Romano,vincent.m.romano4.civ@us.navy.mil,Primary NAICS 541330,Partial Refresh — Capacity Reached,High,Below Butler-fit threshold,combined synopsis/solicitation,,No downloadable attachment links found.
Rejected,D,-3,RFP / Solicitation,Spaceport and Launch Assessment & Strategic Help (SPLASH),DEPT OF DEFENSE.DEPT OF THE AIR FORCE.SPACE SYSTEMS COMMAND.FA2521  45 CONS PK,,Solicitation,04a1779788f449db894637901f3074e0,FA252126Q0010,2026-09-21,2,541715,R425,Small Business Set Aside - Total,"Cape Canaveral, Florida, UNITED STATES",Not stated,,Not a Butler-fit opportunity under the current conservative filter. Matched: air force. Attachment text was included in the screen.,Set-aside eligibility may limit prime feasibility,Ignore,No obvious vehicle restriction,Unknown — check Butler contract vehicles,Requires small-business set-aside eligibility.,Prime uncertain,Check whether Butler can qualify directly or should team with an eligible prime.,small business set aside,https://sam.gov/workspace/contract/opp/04a1779788f449db894637901f3074e0/view,"https://sam.gov/api/prod/opps/v3/opportunities/resources/files/00480f7db9304bfe83820a260159b2cb/download
https://sam.gov/api/prod/opps/v3/opportunities/resources/files/2ab26fd1cb0442659047246bebbafb3c/download
https://sam.gov/api/prod/opps/v3/opportunities/resources/files/43a3052bf6754c66877514cecb8dc1d9/download
https://sam.gov/api/prod/opps/v3/opportunities/resources/files/6a08fd98dbe54259ba318355368a548d/download
https://sam.gov/api/prod/opps/v3/opportunities/resources/files/92948aa80a2e4c5490d32f7797f87d8e/download
https://sam.gov/api/prod/opps/v3/opportunities/resources/files/b72204aff6834635981128cc7c6190ee/download
https://sam.gov/api/prod/opps/v3/opportunities/resources/files/e88b918172dd47e686c43a9b3f297248/download
{'rel': 'self', 'href': 'https://api.sam.gov/prod/opportunities/v2/search?noticeid=04a1779788f449db894637901f3074e0&limit=1'}",Jose L. Plasencia,jose.plasencia.2@us.af.mil,Primary NAICS 541715,Partial Refresh — Capacity Reached,High — attachment text read,Below Butler-fit threshold,combined synopsis/solicitation,,Attachment text read; Attachment text read; Attachment text read
Rejected,D,-5,Special Notice,Development of a Computation Fluid Dynamics Model to Quantify Explosion Hazards in Li-ion Battery Powered Rail Vehicles.,"TRANSPORTATION, DEPARTMENT OF.FEDERAL RAILROAD ADMINISTRATION",,Special Notice,e78e712a79cc4c95a727af88b3c0cb6d,FR26RDI20000000070,2026-09-21,2,541715,AS11,No Set aside used,UNITED STATES,Not stated,,Not a Butler-fit opportunity under the current conservative filter. Attachment text was included in the screen.,None identified,Ignore,No obvious vehicle restriction,Not Applicable,No special eligibility found in SAM.gov fields.,Prime feasible,Monitor as a direct pursuit unless attachments indicate otherwise.,None detected,https://sam.gov/workspace/contract/opp/e78e712a79cc4c95a727af88b3c0cb6d/view,"https://sam.gov/api/prod/opps/v3/opportunities/resources/files/28e5141324ed433ba54689426c9c8ee1/download
{'rel': 'self', 'href': 'https://api.sam.gov/prod/opportunities/v2/search?noticeid=e78e712a79cc4c95a727af88b3c0cb6d&limit=1'}",Isaac Rosier,isaac.rosier@dot.gov,Primary NAICS 541715,Partial Refresh — Capacity Reached,High — attachment text read,Below Butler-fit threshold,special notice,,Attachment text read
Rejected,D,0,RFP / Solicitation,N66001-26-R-0030 - Academic Research MAC,DEPT OF DEFENSE.DEPT OF THE NAVY.SPAWAR.SPAWAR PACIFIC.NIWC PACIFIC,,Solicitation,837484b488244164b86f4f58ebf1de27,N6600126R0030,2026-09-21,2,541715,AC33,,,Not stated,,Not a Butler-fit opportunity under the current conservative filter. Matched: navy.,None identified,Ignore,No obvious vehicle restriction,Not Applicable,No special eligibility found in SAM.gov fields.,Prime feasible,Monitor as a direct pursuit unless attachments indicate otherwise.,None detected,https://sam.gov/workspace/contract/opp/837484b488244164b86f4f58ebf1de27/view,"{'rel': 'self', 'href': 'https://api.sam.gov/prod/opportunities/v2/search?noticeid=837484b488244164b86f4f58ebf1de27&limit=1'}",Ashley Prokop,ashley.c.prokop.civ@us.navy.mil,Primary NAICS 541715,Partial Refresh — Capacity Reached,High,Below Butler-fit threshold,solicitation,,No downloadable attachment links found.
Rejected,D,-5,Special Notice,The Therapeutic Role of Soluble Adenylyl Cyclase Inhibition in Ameliorating Inflammatory Vascular Remodeling in Pulmonary Arterial Hypertension,"HEALTH AND HUMAN SERVICES, DEPARTMENT OF.NATIONAL INSTITUTES OF HEALTH.NATIONAL INSTITUTE OF HEALTH NIH-OD",,Special Notice,955c40f8d97c42e081a4c82c09bdb80c,75N98026R00085,2026-09-21,2,541715,AN12,,"Chicago, Illinois, UNITED STATES",Not stated,,Not a Butler-fit opportunity under the current conservative filter. Attachment text was included in the screen.,None identified,Ignore,No obvious vehicle restriction,Not Applicable,No special eligibility found in SAM.gov fields.,Prime feasible,Monitor as a direct pursuit unless attachments indicate otherwise.,None detected,https://sam.gov/workspace/contract/opp/955c40f8d97c42e081a4c82c09bdb80c/view,"https://sam.gov/api/prod/opps/v3/opportunities/resources/files/e9aece65e9a949d981d8e5cd697158f6/download
{'rel': 'self', 'href': 'https://api.sam.gov/prod/opportunities/v2/search?noticeid=955c40f8d97c42e081a4c82c09bdb80c&limit=1'}",Donna Cornish,donna.cornish@nih.gov,Primary NAICS 541715,Partial Refresh — Capacity Reached,High — attachment text read,Below Butler-fit threshold,special notice,,Attachment text read
Rejected,D,-8,RFP / Solicitation,On Site Core Sampling,DEPT OF DEFENSE.DEPT OF THE NAVY.NAVSEA.NAVSEA SHIPYARD.NORFOLK NAVAL SHIPYARD GF,,Solicitation,f23f6db8ffc94e8e92d40abe3fe8d8ce,N4215826Q0036,2026-09-21,2,541380,F107,Small Business Set Aside - Total,"Portsmouth, Virginia, UNITED STATES",Not stated,,"Not a Butler-fit opportunity under the current conservative filter. Matched: navy, navsea. Attachment text was included in the screen.",Sole-source/OEM/brand-name restriction detected; Set-aside eligibility may limit prime feasibility,Ignore,No obvious vehicle restriction,Unknown — check Butler contract vehicles,Requires small-business set-aside eligibility.,Prime uncertain,Check whether Butler can qualify directly or should team with an eligible prime.,j&a; small business set aside,https://sam.gov/workspace/contract/opp/f23f6db8ffc94e8e92d40abe3fe8d8ce/view,"https://sam.gov/api/prod/opps/v3/opportunities/resources/files/1cfdf7a504b04520aa86e774689dacbd/download
https://sam.gov/api/prod/opps/v3/opportunities/resources/files/c838a87ee4cd4c98a24b4c1af87940cd/download
{'rel': 'self', 'href': 'https://api.sam.gov/prod/opportunities/v2/search?noticeid=f23f6db8ffc94e8e92d40abe3fe8d8ce&limit=1'}",Julian Wheeler,julian.c.wheeler.civ@us.navy.mil,Primary NAICS 541380,Partial Refresh — Capacity Reached,High — attachment text read,Below Butler-fit threshold,combined synopsis/solicitation,,Attachment text read; Attachment text read
Rejected,D,-8,RFP / Solicitation,Wheat DNA Library Sequencing,"AGRICULTURE, DEPARTMENT OF.FOREST SERVICE.Southwestern Regional Office, Region 3",,Solicitation,f126fea1d9e84f03a7883c07d516cb7a,127EAV26Q0125,2026-09-21,2,541380,B504,Small Business Set Aside - Total,"Raleigh, North Carolina, UNITED STATES",Not stated,,Not a Butler-fit opportunity under the current conservative filter. Attachment text was included in the screen.,Set-aside eligibility may limit prime feasibility,Ignore,No obvious vehicle restriction,Unknown — check Butler contract vehicles,Requires small-business set-aside eligibility.,Prime uncertain,Check whether Butler can qualify directly or should team with an eligible prime.,small business set aside,https://sam.gov/workspace/contract/opp/f126fea1d9e84f03a7883c07d516cb7a/view,"https://sam.gov/api/prod/opps/v3/opportunities/resources/files/240724b39b7e4fee8f79ba3025a0e6c1/download
https://sam.gov/api/prod/opps/v3/opportunities/resources/files/2dd9660105fd41d091cfc13070ec7387/download
https://sam.gov/api/prod/opps/v3/opportunities/resources/files/5d68a67168734a3dac76110f4495709b/download
{'rel': 'self', 'href': 'https://api.sam.gov/prod/opportunities/v2/search?noticeid=f126fea1d9e84f03a7883c07d516cb7a&limit=1'}",David Watson,david.l.watson@usda.gov,Primary NAICS 541380,Partial Refresh — Capacity Reached,High — attachment text read,Below Butler-fit threshold,combined synopsis/solicitation,,Attachment text read; Attachment text read; Attachment text read
Rejected,D,-8,RFP / Solicitation,F103 Puget Sound VAHCS Water Management Program Services,"VETERANS AFFAIRS, DEPARTMENT OF.VETERANS AFFAIRS, DEPARTMENT OF.260-NETWORK CONTRACT OFFICE 20 (36C260)",,Solicitation,1c494ab5434446cbbb92c28f7bbd357e,36C26027Q0027,2026-09-21,2,541380,F103,Service-Disabled Veteran-Owned Small Business (SDVOSB) Set-Aside (FAR 19.14),"Washington, UNITED STATES",Not stated,,Not a Butler-fit opportunity under the current conservative filter. Attachment text was included in the screen.,Set-aside eligibility may limit prime feasibility,Ignore,No obvious vehicle restriction,Unknown — check Butler contract vehicles,Requires small-business set-aside eligibility.,Prime uncertain,Check whether Butler can qualify directly or should team with an eligible prime.,sdvosb; veteran-owned,https://sam.gov/workspace/contract/opp/1c494ab5434446cbbb92c28f7bbd357e/view,"https://sam.gov/api/prod/opps/v3/opportunities/resources/files/4e8695ce302d4f45a083d95ab5beb75d/download
https://sam.gov/api/prod/opps/v3/opportunities/resources/files/7e547da2bae944a580b72663a3e519eb/download
https://sam.gov/api/prod/opps/v3/opportunities/resources/files/dc315c469a7b47c89a9e9b4daa18748a/download
https://sam.gov/api/prod/opps/v3/opportunities/resources/files/e67568b6b55e4181b908563b9698d5a3/download
{'rel': 'self', 'href': 'https://api.sam.gov/prod/opportunities/v2/search?noticeid=1c494ab5434446cbbb92c28f7bbd357e&limit=1'}",Danielle Carrico,danielle.carrico@va.gov,Primary NAICS 541380,Partial Refresh — Capacity Reached,High — attachment text read,Below Butler-fit threshold,combined synopsis/solicitation,,Attachment text read; Attachment text read; Attachment text read
Rejected,D,-8,RFP / Solicitation,USDA ARS RNA-Seq Library Preparation and Sequencing Services,"AGRICULTURE, DEPARTMENT OF.FOREST SERVICE.USDA-FS, CSA SOUTHWEST 4",,Solicitation,c85f20d45626485da2f72dd117e88543, 127EAU26Q0078 ,2026-09-21,2,541380,B504,Small Business Set Aside - Total,"Ames, Iowa, UNITED STATES",Not stated,,Not a Butler-fit opportunity under the current conservative filter. Attachment text was included in the screen.,Set-aside eligibility may limit prime feasibility,Ignore,No obvious vehicle restriction,Unknown — check Butler contract vehicles,Requires small-business set-aside eligibility.,Prime uncertain,Check whether Butler can qualify directly or should team with an eligible prime.,small business set aside,https://sam.gov/workspace/contract/opp/c85f20d45626485da2f72dd117e88543/view,"https://sam.gov/api/prod/opps/v3/opportunities/resources/files/13dca03e73c7460093f3c9060dd12e2d/download
https://sam.gov/api/prod/opps/v3/opportunities/resources/files/1953557a45a449f2995b9477815003a5/download
https://sam.gov/api/prod/opps/v3/opportunities/resources/files/89186456e40642a185163239c24e95c5/download
https://sam.gov/api/prod/opps/v3/opportunities/resources/files/af39f4e5a4fb40428e766e2ba254a9ad/download
https://sam.gov/api/prod/opps/v3/opportunities/resources/files/e5c321e85f304511abd2282f0ea29106/download
{'rel': 'self', 'href': 'https://api.sam.gov/prod/opportunities/v2/search?noticeid=c85f20d45626485da2f72dd117e88543&limit=1'}",Veronica Beck,veronica.beck@usda.gov,Primary NAICS 541380,Partial Refresh — Capacity Reached,High — attachment text read,Below Butler-fit threshold,combined synopsis/solicitation,,Attachment text read; Attachment text read; Attachment text read
Rejected,D,-8,RFP / Solicitation,R--GENOHUB BISON SEQUENCING,"INTERIOR, DEPARTMENT OF THE.US GEOLOGICAL SURVEY.OFC OF ACQUISITION  GRANTS-DENVER",,Solicitation,9aeaac6c70a84608a23564bbe571ab9e,140G0226Q0143,2026-09-21,2,541380,R425,Small Business Set Aside - Total,,Not stated,,Not a Butler-fit opportunity under the current conservative filter. Attachment text was included in the screen.,Set-aside eligibility may limit prime feasibility,Ignore,No obvious vehicle restriction,Unknown — check Butler contract vehicles,Requires small-business set-aside eligibility.,Prime uncertain,Check whether Butler can qualify directly or should team with an eligible prime.,small business set aside,https://sam.gov/workspace/contract/opp/9aeaac6c70a84608a23564bbe571ab9e/view,"https://sam.gov/api/prod/opps/v3/opportunities/resources/files/5b54143b342641698d8fe15bce268543/download
https://sam.gov/api/prod/opps/v3/opportunities/resources/files/849094d699344a98a6d3f596dfbd5e2c/download
https://sam.gov/api/prod/opps/v3/opportunities/resources/files/f11e5dbeac2e4567b615faca28139b71/download
{'rel': 'self', 'href': 'https://api.sam.gov/prod/opportunities/v2/search?noticeid=9aeaac6c70a84608a23564bbe571ab9e&limit=1'}","Rollin, Jennifer",jennifer_rollin@ios.doi.gov,Primary NAICS 541380,Partial Refresh — Capacity Reached,High — attachment text read,Below Butler-fit threshold,solicitation,,Attachment text read; Attachment text read; Attachment text read
Rejected,D,-5,RFP / Solicitation,HPLC - VALIDATION SERVICES,"INTERIOR, DEPARTMENT OF THE.US GEOLOGICAL SURVEY.OFC OF ACQUISITION  GRANTS-DENVER",,Solicitation,34375ac9b15b4b86890f40c2fa1d8d2d,140G0226Q0113,2026-09-21,2,541380,B516,,,Not stated,,Not a Butler-fit opportunity under the current conservative filter. Attachment text was included in the screen.,None identified,Ignore,No obvious vehicle restriction,Not Applicable,No special eligibility found in SAM.gov fields.,Prime feasible,Monitor as a direct pursuit unless attachments indicate otherwise.,None detected,https://sam.gov/workspace/contract/opp/34375ac9b15b4b86890f40c2fa1d8d2d/view,"https://sam.gov/api/prod/opps/v3/opportunities/resources/files/2e772f92c2684f4d8fb1635b55a2cf61/download
{'rel': 'self', 'href': 'https://api.sam.gov/prod/opportunities/v2/search?noticeid=34375ac9b15b4b86890f40c2fa1d8d2d&limit=1'}","Wilson, Mary",bwilson@usgs.gov,Primary NAICS 541380,Partial Refresh — Capacity Reached,High — attachment text read,Below Butler-fit threshold,combined synopsis/solicitation,,Attachment text read
Rejected,D,0,RFP / Solicitation,IFF-45TS Calibration,DEPT OF DEFENSE.DEPT OF THE AIR FORCE.AIR FORCE MATERIEL COMMAND.AIR FORCE SUSTAINMENT CENTER.FA8524  AFSC PZAAA,,Solicitation,5984f281fbf04bf0b2f4cf55a23dda70,FA857126Q0121,2026-09-21,2,541380,J049,No Set aside used,"Warner Robins, Georgia, UNITED STATES",Not stated,,Not a Butler-fit opportunity under the current conservative filter. Matched: air force. Attachment text was included in the screen.,None identified,Ignore,No obvious vehicle restriction,Not Applicable,No special eligibility found in SAM.gov fields.,Prime feasible,Monitor as a direct pursuit unless attachments indicate otherwise.,None detected,https://sam.gov/workspace/contract/opp/5984f281fbf04bf0b2f4cf55a23dda70/view,"https://sam.gov/api/prod/opps/v3/opportunities/resources/files/26a4ec11d8754983b5bf25e230c7f064/download
https://sam.gov/api/prod/opps/v3/opportunities/resources/files/b5cfa6c176754271a82abc96caa7f6c0/download
https://sam.gov/api/prod/opps/v3/opportunities/resources/files/e65dbb97b31c4c38bd67c663e7b0499b/download
{'rel': 'self', 'href': 'https://api.sam.gov/prod/opportunities/v2/search?noticeid=5984f281fbf04bf0b2f4cf55a23dda70&limit=1'}",Andrew Harth,andrew.harth@us.af.mil,Primary NAICS 541380,Partial Refresh — Capacity Reached,High — attachment text read,Below Butler-fit threshold,combined synopsis/solicitation,,Attachment text read; Attachment text read; Attachment text read
Rejected,D,0,Sources Sought / RFI,Hull and Deck Machinery Systems Support,DEPT OF DEFENSE.DEPT OF THE NAVY.NAVSEA.NAVSEA WARFARE CENTER.NSWC PHILADELPHIA DIV,,Sources Sought,0658a127b48d4942851a16da752bc2b4,N64498-25-R-0011,2026-09-21,2,336611,R425,No Set aside used,"57551, Pennsylvania, UNITED STATES",Not stated,,"Not a Butler-fit opportunity under the current conservative filter. Matched: navy, navsea, nswc. Attachment text was included in the screen.",None identified,Ignore,No obvious vehicle restriction,Not Applicable,No special eligibility found in SAM.gov fields.,Prime feasible,Monitor as a direct pursuit unless attachments indicate otherwise.,None detected,https://sam.gov/workspace/contract/opp/0658a127b48d4942851a16da752bc2b4/view,"https://sam.gov/api/prod/opps/v3/opportunities/resources/files/861a1154f21443ec9201cb53d810b530/download
https://sam.gov/api/prod/opps/v3/opportunities/resources/files/ecbdec56d7ec4978aaa745916c6bc898/download
{'rel': 'self', 'href': 'https://api.sam.gov/prod/opportunities/v2/search?noticeid=0658a127b48d4942851a16da752bc2b4&limit=1'}",James T. O'Sullivan,james.osullivan2@navy.mil,PSC R425,Partial Refresh — Capacity Reached,High — attachment text read,Below Butler-fit threshold,sources sought,,Attachment text read; Attachment text read
Rejected,D,-5,RFP / Solicitation,Digital Literacy and Innovation Services,"STATE, DEPARTMENT OF.STATE, DEPARTMENT OF.AMERICAN CONSULATE CASABLANCA",,Solicitation,10ed95bf7cfb468f881fe2968e7d21c0,PR16214159,2026-09-19,0,923110,R408,No Set aside used,"Casablanca, Casablanca-Settat, MOROCCO",Not stated,,Not a Butler-fit opportunity under the current conservative filter. Attachment text was included in the screen.,None identified,Ignore,No obvious vehicle restriction,Not Applicable,No special eligibility found in SAM.gov fields.,Prime feasible,Monitor as a direct pursuit unless attachments indicate otherwise.,None detected,https://sam.gov/workspace/contract/opp/10ed95bf7cfb468f881fe2968e7d21c0/view,"https://sam.gov/api/prod/opps/v3/opportunities/resources/files/09102cd7f7e14d4589bf0540581b5362/download
https://sam.gov/api/prod/opps/v3/opportunities/resources/files/1781170f645e4511aee151330ff22d21/download
https://sam.gov/api/prod/opps/v3/opportunities/resources/files/8d738af8fd4241b6bcd1d1fb8f4113c5/download
https://sam.gov/api/prod/opps/v3/opportunities/resources/files/95e2eecabe8d4b708b176a31916d887b/download
https://sam.gov/api/prod/opps/v3/opportunities/resources/files/d7970876f96a4bbd96f7d18b46d39e4c/download
{'rel': 'self', 'href': 'https://api.sam.gov/prod/opportunities/v2/search?noticeid=10ed95bf7cfb468f881fe2968e7d21c0&limit=1'}",Procurement Team,CasablancaProc@state.gov,PSC R408,Partial Refresh — Capacity Reached,High — attachment text read,Below Butler-fit threshold,solicitation,,Attachment text read; Attachment text read; Attachment text read
